Train_No,Journey_Duration
107,0 days 01:45:00
108,0 days 01:55:00
128,0 days 22:05:00
290,0 days 08:00:00
401,0 days 12:30:00
421,0 days 09:00:00
422,0 days 02:45:00
477,0 days 03:10:00
502,0 days 23:00:00
504,0 days 01:00:00
506,0 days 01:30:00
557,0 days 11:30:00
604,0 days 03:30:00
1011,0 days 14:00:00
1037,0 days 09:20:00
1038,0 days 10:15:00
1045,0 days 09:50:00
1119,0 days 00:40:00
1120,0 days 00:30:00
1122,0 days 12:00:00
1196,0 days 01:40:00
1301,0 days 17:40:00
1302,0 days 21:25:00
1442,0 days 15:00:00
1655,0 days 19:30:00
1656,0 days 18:35:00
1705,0 days 21:25:00
1706,0 days 20:55:00
1707,0 days 02:30:00
1708,0 days 02:35:00
2025,0 days 08:20:00
2026,0 days 08:30:00
2191,0 days 19:50:00
2192,0 days 19:10:00
2195,0 days 09:40:00
2196,0 days 10:00:00
2515,0 days 04:55:00
2651,0 days 01:25:00
2652,0 days 01:25:00
2731,0 days 14:00:00
2732,0 days 11:25:00
2821,0 days 07:45:00
2822,0 days 08:15:00
2833,0 days 18:15:00
2834,0 days 16:40:00
2841,0 days 02:40:00
2842,0 days 05:10:00
2845,0 days 07:35:00
2846,0 days 05:45:00
3101,0 days 11:55:00
3102,0 days 11:40:00
3301,0 days 01:25:00
3302,0 days 01:25:00
3305,0 days 00:20:00
3306,0 days 00:20:00
3307,0 days 00:35:00
3308,0 days 00:30:00
3501,0 days 19:40:00
3502,0 days 21:40:00
4401,0 days 14:40:00
4402,0 days 14:15:00
4409,0 days 14:20:00
4410,0 days 13:45:00
4419,0 days 06:15:00
4420,0 days 04:05:00
4735,0 days 14:40:00
4736,0 days 13:35:00
4767,0 days 01:40:00
4768,0 days 01:50:00
4769,0 days 01:45:00
4770,0 days 01:35:00
4771,0 days 06:10:00
4772,0 days 06:15:00
4773,0 days 03:05:00
4774,0 days 02:35:00
4801,0 days 01:00:00
4802,0 days 01:00:00
4831,0 days 21:15:00
4832,0 days 19:00:00
4851,0 days 04:40:00
4852,0 days 05:05:00
4853,0 days 01:15:00
4854,0 days 01:00:00
4921,0 days 01:45:00
4922,0 days 01:55:00
4991,0 days 02:30:00
4992,0 days 02:20:00
5061,0 days 03:05:00
5062,0 days 02:45:00
5065,0 days 12:45:00
5066,0 days 12:00:00
5105,0 days 01:50:00
5106,0 days 01:30:00
5305,0 days 03:30:00
5306,0 days 02:55:00
5309,0 days 01:50:00
5310,0 days 01:55:00
5521,0 days 03:45:00
5522,0 days 02:50:00
5613,0 days 02:05:00
5614,0 days 02:15:00
5619,0 days 04:10:00
5620,0 days 04:05:00
5631,0 days 12:25:00
5632,0 days 12:25:00
5715,0 days 02:10:00
5716,0 days 02:30:00
5719,0 days 04:00:00
5720,0 days 05:00:00
5863,0 days 03:05:00
5864,0 days 02:45:00
5865,0 days 12:05:00
5866,0 days 11:45:00
6001,0 days 12:40:00
6002,0 days 12:30:00
6006,0 days 15:05:00
6009,0 days 06:05:00
6010,0 days 09:15:00
6041,0 days 16:40:00
6042,0 days 16:15:00
6043,0 days 16:00:00
6044,0 days 16:05:00
6046,0 days 18:00:00
6047,0 days 16:10:00
6048,0 days 17:00:00
6049,0 days 15:05:00
6050,0 days 16:30:00
6053,0 days 10:35:00
6054,0 days 13:20:00
6057,0 days 05:40:00
6058,0 days 03:45:00
6065,0 days 13:25:00
6066,0 days 10:35:00
6067,0 days 09:55:00
6068,0 days 11:55:00
6081,0 days 01:10:00
6082,0 days 01:10:00
6412,0 days 05:10:00
6512,0 days 02:20:00
6513,0 days 00:35:00
6541,0 days 17:35:00
6542,0 days 16:45:00
6547,0 days 11:45:00
6548,0 days 13:45:00
6579,0 days 20:00:00
6580,0 days 19:20:00
6581,0 days 13:16:00
6582,0 days 13:16:00
6591,0 days 01:30:00
6592,0 days 01:35:00
6593,0 days 00:25:00
6594,0 days 00:25:00
6595,0 days 00:50:00
6596,0 days 01:10:00
6647,0 days 02:10:00
6648,0 days 02:30:00
6769,0 days 02:40:00
6770,0 days 03:05:00
6851,0 days 00:20:00
6852,0 days 00:25:00
6853,0 days 00:23:00
6854,0 days 00:25:00
6919,0 days 06:56:00
6920,0 days 06:51:00
7005,0 days 20:00:00
7006,0 days 21:45:00
7007,0 days 15:45:00
7008,0 days 17:10:00
7016,0 days 13:05:00
7044,0 days 15:05:00
7061,0 days 04:30:00
7062,0 days 12:30:00
7075,0 days 10:10:00
7076,0 days 11:50:00
7109,0 days 07:15:00
7110,0 days 08:15:00
7113,0 days 07:10:00
7133,0 days 07:40:00
7134,0 days 08:15:00
7141,0 days 06:55:00
7142,0 days 06:15:00
7146,0 days 13:30:00
7149,0 days 01:15:00
7211,0 days 06:40:00
7212,0 days 04:00:00
7213,0 days 02:30:00
7214,0 days 00:05:00
7217,0 days 06:40:00
7218,0 days 04:15:00
7410,0 days 00:15:00
7417,0 days 04:25:00
7418,0 days 06:00:00
7425,0 days 11:15:00
7426,0 days 11:20:00
7429,0 days 12:30:00
7430,0 days 13:45:00
7431,0 days 11:00:00
7432,0 days 11:00:00
7435,0 days 12:00:00
7436,0 days 12:05:00
7438,0 days 06:45:00
7439,0 days 06:10:00
7487,0 days 12:15:00
7505,0 days 16:45:00
7509,0 days 14:20:00
7517,0 days 09:15:00
7525,0 days 09:15:00
7526,0 days 10:00:00
7603,0 days 12:00:00
7604,0 days 15:30:00
7607,0 days 19:15:00
7608,0 days 19:45:00
7613,0 days 11:00:00
7614,0 days 11:00:00
7644,0 days 11:35:00
7645,0 days 09:15:00
7757,0 days 05:15:00
7758,0 days 05:20:00
7941,0 days 11:00:00
7942,0 days 10:30:00
8001,0 days 00:35:00
8002,0 days 00:45:00
8014,0 days 00:40:00
8017,0 days 00:50:00
8018,0 days 00:55:00
8035,0 days 02:55:00
8036,0 days 03:00:00
8051,0 days 00:29:00
8052,0 days 00:45:00
8061,0 days 10:15:00
8062,0 days 10:35:00
8063,0 days 03:00:00
8064,0 days 08:10:00
8065,0 days 02:40:00
8082,0 days 00:30:00
8087,0 days 00:28:00
8101,0 days 01:20:00
8102,0 days 00:55:00
8301,0 days 07:10:00
8302,0 days 06:05:00
8403,0 days 09:20:00
8404,0 days 08:50:00
8501,0 days 13:00:00
8502,0 days 12:20:00
8511,0 days 12:00:00
8512,0 days 11:45:00
8567,0 days 04:45:00
8568,0 days 06:45:00
8573,0 days 14:30:00
8574,0 days 15:20:00
8581,0 days 00:20:00
8582,0 days 00:15:00
8617,0 days 23:50:00
8618,0 days 23:40:00
8627,0 days 09:20:00
8628,0 days 09:30:00
8872,0 days 02:45:00
9003,0 days 13:55:00
9004,0 days 13:55:00
9005,0 days 15:55:00
9006,0 days 16:05:00
9011,0 days 22:10:00
9012,0 days 21:55:00
9433,0 days 13:25:00
9434,0 days 13:40:00
9621,0 days 22:15:00
9622,0 days 21:10:00
9721,0 days 07:15:00
9722,0 days 07:00:00
9761,0 days 02:45:00
9809,0 days 07:10:00
9810,0 days 08:00:00
10103,0 days 11:35:00
10104,0 days 12:25:00
10111,0 days 11:40:00
10112,0 days 11:50:00
10215,0 days 13:25:00
10216,0 days 13:25:00
11001,0 days 07:15:00
11002,0 days 07:25:00
11003,0 days 10:35:00
11004,0 days 11:55:00
11005,0 days 09:45:00
11006,0 days 08:50:00
11007,0 days 04:05:00
11008,0 days 04:02:00
11009,0 days 04:10:00
11010,0 days 03:50:00
11011,0 days 16:40:00
11012,0 days 17:15:00
11013,0 days 08:40:00
11014,0 days 05:35:00
11015,0 days 08:20:00
11016,0 days 09:20:00
11017,0 days 06:30:00
11018,0 days 09:45:00
11019,0 days 13:05:00
11020,0 days 12:30:00
11021,0 days 14:15:00
11022,0 days 14:40:00
11023,0 days 12:15:00
11024,0 days 13:00:00
11025,0 days 11:40:00
11026,0 days 10:05:00
11027,0 days 03:45:00
11028,0 days 03:50:00
11029,0 days 11:45:00
11030,0 days 12:10:00
11031,0 days 02:10:00
11032,0 days 02:50:00
11033,0 days 14:30:00
11034,0 days 15:20:00
11035,0 days 00:10:00
11036,0 days 23:25:00
11037,0 days 08:50:00
11038,0 days 12:35:00
11039,0 days 04:45:00
11040,0 days 04:25:00
11041,0 days 02:30:00
11042,0 days 01:15:00
11043,0 days 09:55:00
11044,0 days 11:45:00
11045,0 days 12:15:00
11046,0 days 13:45:00
11047,0 days 06:15:00
11048,0 days 05:45:00
11049,0 days 20:00:00
11050,0 days 18:55:00
11051,0 days 06:45:00
11052,0 days 07:35:00
11053,0 days 09:30:00
11054,0 days 06:55:00
11055,0 days 09:25:00
11056,0 days 09:55:00
11057,0 days 17:00:00
11058,0 days 19:35:00
11059,0 days 10:10:00
11060,0 days 11:00:00
11061,0 days 12:55:00
11062,0 days 14:35:00
11063,0 days 06:20:00
11064,0 days 06:25:00
11067,0 days 03:32:00
11068,0 days 05:55:00
11071,0 days 06:45:00
11072,0 days 07:00:00
11073,0 days 23:35:00
11074,0 days 00:45:00
11075,0 days 13:25:00
11076,0 days 15:35:00
11077,0 days 16:45:00
11078,0 days 17:25:00
11079,0 days 09:40:00
11080,0 days 10:30:00
11081,0 days 10:15:00
11082,0 days 09:55:00
11083,0 days 03:30:00
11084,0 days 05:30:00
11085,0 days 11:57:00
11086,0 days 11:10:00
11087,0 days 20:15:00
11088,0 days 20:55:00
11089,0 days 23:10:00
11090,0 days 21:20:00
11091,0 days 19:45:00
11092,0 days 19:30:00
11093,0 days 04:30:00
11094,0 days 02:55:00
11095,0 days 12:25:00
11096,0 days 11:55:00
11097,0 days 08:40:00
11098,0 days 05:35:00
11101,0 days 02:45:00
11102,0 days 05:05:00
11103,0 days 23:55:00
11104,0 days 01:30:00
11107,0 days 14:10:00
11108,0 days 15:20:00
11109,0 days 05:55:00
11110,0 days 05:55:00
11111,0 days 19:55:00
11112,0 days 18:15:00
11123,0 days 02:10:00
11124,0 days 01:10:00
11125,0 days 11:42:00
11126,0 days 12:25:00
11201,0 days 21:35:00
11202,0 days 21:30:00
11203,0 days 02:10:00
11204,0 days 02:45:00
11205,0 days 16:35:00
11206,0 days 14:30:00
11265,0 days 09:00:00
11266,0 days 08:40:00
11272,0 days 17:55:00
11301,0 days 00:40:00
11302,0 days 23:30:00
11303,0 days 23:30:00
11304,0 days 23:10:00
11307,0 days 04:35:00
11308,0 days 05:00:00
11309,0 days 06:05:00
11310,0 days 05:30:00
11401,0 days 23:40:00
11402,0 days 23:35:00
11403,0 days 23:00:00
11404,0 days 23:45:00
11405,0 days 17:00:00
11406,0 days 18:45:00
11407,0 days 04:30:00
11408,0 days 04:35:00
11423,0 days 08:05:00
11424,0 days 08:15:00
11447,0 days 04:25:00
11448,0 days 01:15:00
11449,0 days 08:50:00
11450,0 days 09:30:00
11463,0 days 05:40:00
11464,0 days 05:45:00
11465,0 days 08:30:00
11466,0 days 07:45:00
11651,0 days 06:55:00
11652,0 days 07:00:00
11701,0 days 14:50:00
11702,0 days 15:25:00
11703,0 days 16:55:00
11704,0 days 16:05:00
11801,0 days 05:05:00
11802,0 days 04:55:00
11901,0 days 07:10:00
11902,0 days 06:40:00
12001,0 days 08:30:00
12002,0 days 08:25:00
12003,0 days 06:40:00
12004,0 days 06:30:00
12005,0 days 04:05:00
12006,0 days 04:05:00
12007,0 days 07:00:00
12008,0 days 07:10:00
12009,0 days 06:20:00
12010,0 days 06:40:00
12011,0 days 04:05:00
12012,0 days 04:10:00
12013,0 days 06:00:00
12014,0 days 06:00:00
12015,0 days 06:40:00
12016,0 days 06:55:00
12017,0 days 05:55:00
12018,0 days 05:45:00
12019,0 days 07:10:00
12020,0 days 07:45:00
12021,0 days 06:45:00
12022,0 days 07:05:00
12023,0 days 08:40:00
12024,0 days 07:50:00
12025,0 days 08:30:00
12026,0 days 08:25:00
12027,0 days 05:00:00
12028,0 days 05:00:00
12029,0 days 06:25:00
12030,0 days 06:15:00
12031,0 days 06:25:00
12032,0 days 06:15:00
12033,0 days 05:20:00
12034,0 days 04:55:00
12035,0 days 03:30:00
12036,0 days 03:40:00
12037,0 days 05:25:00
12038,0 days 05:30:00
12039,0 days 05:30:00
12040,0 days 05:40:00
12041,0 days 08:15:00
12042,0 days 08:05:00
12043,0 days 07:05:00
12044,0 days 07:10:00
12045,0 days 03:30:00
12046,0 days 03:25:00
12047,0 days 06:30:00
12048,0 days 07:20:00
12049,0 days 01:40:00
12050,0 days 01:40:00
12051,0 days 08:40:00
12052,0 days 08:35:00
12053,0 days 07:20:00
12054,0 days 07:20:00
12055,0 days 05:50:00
12056,0 days 06:10:00
12057,0 days 07:35:00
12058,0 days 07:00:00
12059,0 days 06:35:00
12060,0 days 06:45:00
12061,0 days 05:15:00
12062,0 days 05:30:00
12065,0 days 06:50:00
12066,0 days 06:55:00
12067,0 days 06:50:00
12068,0 days 06:50:00
12069,0 days 07:00:00
12070,0 days 07:00:00
12071,0 days 07:30:00
12072,0 days 07:45:00
12073,0 days 06:55:00
12074,0 days 06:40:00
12075,0 days 07:25:00
12076,0 days 07:00:00
12077,0 days 07:10:00
12078,0 days 07:15:00
12079,0 days 07:25:00
12080,0 days 07:25:00
12081,0 days 09:10:00
12082,0 days 09:10:00
12083,0 days 06:25:00
12084,0 days 06:30:00
12085,0 days 09:05:00
12086,0 days 08:55:00
12087,0 days 06:00:00
12088,0 days 06:20:00
12101,0 days 07:00:00
12102,0 days 07:00:00
12103,0 days 00:55:00
12104,0 days 01:35:00
12105,0 days 16:10:00
12106,0 days 16:10:00
12107,0 days 22:45:00
12108,0 days 00:15:00
12109,0 days 04:35:00
12110,0 days 04:43:00
12111,0 days 12:10:00
12112,0 days 11:20:00
12113,0 days 15:45:00
12114,0 days 15:10:00
12115,0 days 08:05:00
12116,0 days 08:05:00
12117,0 days 04:25:00
12118,0 days 04:25:00
12119,0 days 02:45:00
12120,0 days 03:10:00
12121,0 days 13:55:00
12122,0 days 14:20:00
12123,0 days 03:15:00
12124,0 days 03:10:00
12125,0 days 03:25:00
12126,0 days 03:25:00
12127,0 days 03:17:00
12128,0 days 03:10:00
12129,0 days 09:45:00
12130,0 days 09:00:00
12131,0 days 06:00:00
12132,0 days 06:05:00
12133,0 days 14:38:00
12134,0 days 14:30:00
12135,0 days 15:45:00
12136,0 days 15:10:00
12137,0 days 10:15:00
12138,0 days 09:55:00
12139,0 days 15:10:00
12140,0 days 15:00:00
12141,0 days 04:25:00
12142,0 days 04:10:00
12143,0 days 03:20:00
12144,0 days 04:15:00
12145,0 days 10:55:00
12146,0 days 10:05:00
12147,0 days 08:05:00
12148,0 days 10:30:00
12149,0 days 06:35:00
12150,0 days 06:35:00
12151,0 days 11:50:00
12152,0 days 10:15:00
12153,0 days 12:55:00
12154,0 days 13:10:00
12155,0 days 10:55:00
12156,0 days 10:10:00
12157,0 days 04:00:00
12158,0 days 04:00:00
12159,0 days 13:10:00
12160,0 days 13:00:00
12161,0 days 20:35:00
12162,0 days 23:25:00
12163,0 days 23:15:00
12164,0 days 23:10:00
12165,0 days 01:42:00
12166,0 days 01:10:00
12167,0 days 03:10:00
12168,0 days 02:00:00
12169,0 days 04:00:00
12170,0 days 04:05:00
12171,0 days 05:20:00
12172,0 days 05:00:00
12173,0 days 02:40:00
12174,0 days 04:10:00
12175,0 days 23:30:00
12176,0 days 23:30:00
12177,0 days 02:35:00
12178,0 days 02:20:00
12179,0 days 06:00:00
12180,0 days 05:55:00
12181,0 days 17:55:00
12182,0 days 17:15:00
12183,0 days 13:40:00
12184,0 days 13:40:00
12185,0 days 10:00:00
12186,0 days 10:00:00
12187,0 days 16:45:00
12188,0 days 16:30:00
12189,0 days 17:30:00
12190,0 days 17:30:00
12191,0 days 17:10:00
12192,0 days 18:20:00
12193,0 days 06:25:00
12194,0 days 06:45:00
12195,0 days 06:45:00
12196,0 days 06:40:00
12197,0 days 08:45:00
12198,0 days 08:40:00
12201,0 days 03:30:00
12202,0 days 03:00:00
12203,0 days 06:10:00
12204,0 days 06:00:00
12205,0 days 05:50:00
12206,0 days 05:45:00
12207,0 days 15:15:00
12208,0 days 15:25:00
12209,0 days 08:35:00
12210,0 days 09:25:00
12211,0 days 21:20:00
12212,0 days 21:10:00
12213,0 days 07:20:00
12214,0 days 08:55:00
12215,0 days 22:50:00
12216,0 days 23:30:00
12217,0 days 06:25:00
12218,0 days 05:15:00
12219,0 days 12:00:00
12220,0 days 12:00:00
12221,0 days 04:25:00
12222,0 days 03:25:00
12223,0 days 21:00:00
12224,0 days 20:45:00
12225,0 days 14:40:00
12226,0 days 14:15:00
12227,0 days 11:50:00
12228,0 days 12:40:00
12229,0 days 08:55:00
12230,0 days 08:40:00
12231,0 days 11:40:00
12232,0 days 11:40:00
12235,0 days 19:40:00
12236,0 days 20:50:00
12237,0 days 22:35:00
12238,0 days 22:40:00
12239,0 days 15:20:00
12240,0 days 16:30:00
12241,0 days 04:15:00
12242,0 days 04:00:00
12243,0 days 07:00:00
12244,0 days 06:50:00
12245,0 days 05:05:00
12246,0 days 05:15:00
12247,0 days 17:05:00
12248,0 days 17:45:00
12249,0 days 16:40:00
12250,0 days 16:50:00
12251,0 days 04:50:00
12252,0 days 05:30:00
12253,0 days 19:00:00
12254,0 days 19:35:00
12257,0 days 16:00:00
12258,0 days 16:30:00
12259,0 days 17:00:00
12260,0 days 16:55:00
12261,0 days 02:25:00
12262,0 days 02:10:00
12263,0 days 19:45:00
12264,0 days 20:15:00
12265,0 days 09:10:00
12266,0 days 09:00:00
12267,0 days 06:30:00
12268,0 days 06:20:00
12269,0 days 03:55:00
12270,0 days 04:25:00
12273,0 days 21:50:00
12274,0 days 21:45:00
12275,0 days 07:45:00
12276,0 days 07:35:00
12277,0 days 07:30:00
12278,0 days 07:55:00
12279,0 days 06:45:00
12280,0 days 07:10:00
12281,0 days 22:25:00
12282,0 days 21:50:00
12283,0 days 20:10:00
12284,0 days 18:05:00
12285,0 days 21:25:00
12286,0 days 22:15:00
12289,0 days 11:05:00
12290,0 days 11:25:00
12291,0 days 06:30:00
12292,0 days 06:30:00
12293,0 days 19:10:00
12294,0 days 19:25:00
12295,0 days 00:05:00
12296,0 days 00:10:00
12297,0 days 08:40:00
12298,0 days 08:45:00
12301,0 days 17:05:00
12302,0 days 16:55:00
12303,0 days 22:00:00
12304,0 days 23:20:00
12305,0 days 19:55:00
12306,0 days 19:20:00
12307,0 days 07:10:00
12308,0 days 07:30:00
12309,0 days 12:40:00
12310,0 days 12:15:00
12311,0 days 08:50:00
12312,0 days 08:00:00
12313,0 days 17:35:00
12314,0 days 17:45:00
12315,0 days 13:35:00
12316,0 days 14:50:00
12317,0 days 09:40:00
12318,0 days 09:20:00
12319,0 days 22:50:00
12320,0 days 00:20:00
12321,0 days 13:25:00
12322,0 days 14:15:00
12323,0 days 22:15:00
12324,0 days 22:55:00
12325,0 days 08:20:00
12326,0 days 08:20:00
12327,0 days 05:10:00
12328,0 days 05:05:00
12329,0 days 22:40:00
12330,0 days 22:15:00
12331,0 days 12:40:00
12332,0 days 12:45:00
12333,0 days 16:00:00
12334,0 days 15:50:00
12335,0 days 11:00:00
12336,0 days 10:25:00
12337,0 days 02:15:00
12338,0 days 02:30:00
12339,0 days 04:20:00
12340,0 days 04:30:00
12341,0 days 03:15:00
12342,0 days 03:15:00
12343,0 days 09:55:00
12344,0 days 10:00:00
12345,0 days 18:00:00
12346,0 days 16:40:00
12347,0 days 03:40:00
12348,0 days 03:40:00
12349,0 days 19:30:00
12350,0 days 20:15:00
12351,0 days 09:40:00
12352,0 days 09:25:00
12353,0 days 23:05:00
12354,0 days 23:35:00
12355,0 days 03:30:00
12356,0 days 02:55:00
12357,0 days 05:10:00
12358,0 days 05:40:00
12359,0 days 09:25:00
12360,0 days 09:10:00
12361,0 days 10:30:00
12362,0 days 12:10:00
12363,0 days 11:15:00
12364,0 days 11:10:00
12365,0 days 07:55:00
12366,0 days 07:50:00
12367,0 days 20:45:00
12368,0 days 21:45:00
12369,0 days 03:40:00
12370,0 days 03:25:00
12371,0 days 15:30:00
12372,0 days 15:20:00
12373,0 days 03:40:00
12374,0 days 03:40:00
12375,0 days 07:15:00
12376,0 days 06:45:00
12377,0 days 12:55:00
12378,0 days 13:00:00
12379,0 days 06:35:00
12380,0 days 06:30:00
12381,0 days 21:50:00
12382,0 days 23:20:00
12383,0 days 03:55:00
12384,0 days 03:55:00
12389,0 days 15:00:00
12390,0 days 14:40:00
12391,0 days 21:10:00
12392,0 days 21:00:00
12393,0 days 14:15:00
12394,0 days 14:10:00
12395,0 days 20:25:00
12396,0 days 23:10:00
12397,0 days 14:15:00
12398,0 days 15:05:00
12401,0 days 19:40:00
12402,0 days 18:45:00
12405,0 days 01:50:00
12406,0 days 00:30:00
12407,0 days 09:20:00
12408,0 days 09:05:00
12409,0 days 04:00:00
12410,0 days 03:45:00
12411,0 days 04:30:00
12412,0 days 04:25:00
12413,0 days 18:15:00
12414,0 days 18:10:00
12415,0 days 14:15:00
12416,0 days 14:30:00
12417,0 days 09:30:00
12418,0 days 09:30:00
12419,0 days 09:05:00
12420,0 days 09:00:00
12421,0 days 11:05:00
12422,0 days 09:15:00
12423,0 days 15:00:00
12424,0 days 15:50:00
12425,0 days 09:05:00
12426,0 days 09:20:00
12427,0 days 14:35:00
12428,0 days 13:45:00
12431,0 days 17:25:00
12432,0 days 18:00:00
12433,0 days 04:15:00
12434,0 days 04:20:00
12435,0 days 19:45:00
12436,0 days 22:00:00
12437,0 days 21:40:00
12438,0 days 22:05:00
12439,0 days 16:55:00
12440,0 days 17:00:00
12441,0 days 20:55:00
12442,0 days 20:15:00
12443,0 days 03:20:00
12444,0 days 01:20:00
12445,0 days 11:50:00
12446,0 days 11:45:00
12447,0 days 12:20:00
12448,0 days 12:25:00
12449,0 days 12:25:00
12450,0 days 12:40:00
12451,0 days 06:50:00
12452,0 days 06:35:00
12453,0 days 17:40:00
12454,0 days 18:30:00
12455,0 days 14:30:00
12456,0 days 14:35:00
12457,0 days 07:45:00
12458,0 days 07:40:00
12459,0 days 08:05:00
12460,0 days 08:00:00
12461,0 days 10:45:00
12462,0 days 10:55:00
12463,0 days 10:10:00
12464,0 days 10:40:00
12465,0 days 16:15:00
12466,0 days 16:35:00
12467,0 days 12:40:00
12468,0 days 12:35:00
12469,0 days 18:30:00
12470,0 days 18:40:00
12471,0 days 09:15:00
12472,0 days 08:55:00
12473,0 days 05:40:00
12474,0 days 05:05:00
12475,0 days 11:40:00
12476,0 days 11:40:00
12477,0 days 11:55:00
12478,0 days 11:50:00
12479,0 days 16:50:00
12480,0 days 17:00:00
12481,0 days 07:30:00
12482,0 days 07:40:00
12483,0 days 10:25:00
12484,0 days 09:20:00
12485,0 days 11:30:00
12486,0 days 09:00:00
12487,0 days 01:00:00
12488,0 days 00:55:00
12489,0 days 22:20:00
12490,0 days 22:35:00
12491,0 days 06:50:00
12492,0 days 06:00:00
12493,0 days 00:20:00
12494,0 days 23:50:00
12495,0 days 07:55:00
12496,0 days 07:00:00
12497,0 days 07:40:00
12498,0 days 07:40:00
12501,0 days 06:45:00
12502,0 days 09:00:00
12503,0 days 03:15:00
12504,0 days 01:05:00
12505,0 days 09:35:00
12506,0 days 10:05:00
12507,0 days 02:05:00
12508,0 days 02:45:00
12509,0 days 06:20:00
12510,0 days 05:20:00
12511,0 days 10:40:00
12512,0 days 09:05:00
12513,0 days 22:30:00
12514,0 days 21:40:00
12515,0 days 04:35:00
12516,0 days 02:45:00
12517,0 days 18:15:00
12518,0 days 18:00:00
12519,0 days 20:35:00
12520,0 days 20:30:00
12521,0 days 14:00:00
12522,0 days 12:35:00
12523,0 days 03:55:00
12524,0 days 03:30:00
12525,0 days 04:45:00
12526,0 days 04:40:00
12527,0 days 07:55:00
12529,0 days 10:45:00
12530,0 days 09:50:00
12531,0 days 05:00:00
12532,0 days 05:00:00
12533,0 days 00:05:00
12534,0 days 00:15:00
12535,0 days 17:05:00
12536,0 days 16:45:00
12537,0 days 09:50:00
12538,0 days 10:15:00
12539,0 days 22:00:00
12540,0 days 20:40:00
12541,0 days 06:10:00
12542,0 days 05:50:00
12545,0 days 13:15:00
12546,0 days 13:25:00
12547,0 days 15:25:00
12548,0 days 15:25:00
12549,0 days 09:10:00
12550,0 days 09:20:00
12551,0 days 05:30:00
12552,0 days 04:25:00
12553,0 days 21:15:00
12554,0 days 21:25:00
12555,0 days 17:25:00
12556,0 days 17:25:00
12557,0 days 19:15:00
12558,0 days 19:35:00
12559,0 days 12:30:00
12560,0 days 12:05:00
12561,0 days 22:30:00
12562,0 days 22:35:00
12565,0 days 20:55:00
12566,0 days 21:00:00
12567,0 days 04:00:00
12568,0 days 04:00:00
12569,0 days 20:20:00
12570,0 days 20:40:00
12572,0 days 13:20:00
12577,0 days 07:30:00
12578,0 days 07:05:00
12581,0 days 13:50:00
12582,0 days 12:35:00
12587,0 days 22:15:00
12588,0 days 21:45:00
12589,0 days 08:35:00
12590,0 days 08:00:00
12591,0 days 21:45:00
12592,0 days 21:45:00
12593,0 days 10:50:00
12594,0 days 11:00:00
12595,0 days 12:50:00
12596,0 days 11:50:00
12597,0 days 03:45:00
12598,0 days 04:15:00
12601,0 days 16:05:00
12602,0 days 16:15:00
12603,0 days 13:00:00
12604,0 days 13:05:00
12605,0 days 07:15:00
12606,0 days 07:05:00
12607,0 days 06:00:00
12608,0 days 05:45:00
12609,0 days 06:30:00
12610,0 days 06:30:00
12611,0 days 04:15:00
12612,0 days 04:20:00
12613,0 days 02:30:00
12614,0 days 02:30:00
12615,0 days 11:55:00
12616,0 days 12:30:00
12617,0 days 00:00:00
12618,0 days 01:00:00
12619,0 days 16:10:00
12620,0 days 16:00:00
12621,0 days 09:05:00
12622,0 days 08:40:00
12623,0 days 16:00:00
12624,0 days 16:40:00
12625,0 days 02:30:00
12626,0 days 03:20:00
12627,0 days 15:10:00
12628,0 days 16:25:00
12629,0 days 23:15:00
12630,0 days 21:35:00
12631,0 days 11:00:00
12632,0 days 11:10:00
12633,0 days 13:00:00
12634,0 days 13:05:00
12635,0 days 07:40:00
12636,0 days 07:35:00
12637,0 days 08:15:00
12638,0 days 08:20:00
12639,0 days 06:10:00
12640,0 days 06:05:00
12641,0 days 22:45:00
12642,0 days 01:35:00
12643,0 days 02:55:00
12644,0 days 05:15:00
12645,0 days 22:10:00
12646,0 days 00:05:00
12647,0 days 23:10:00
12648,0 days 00:40:00
12649,0 days 11:15:00
12650,0 days 13:10:00
12651,0 days 17:30:00
12652,0 days 20:15:00
12653,0 days 05:45:00
12654,0 days 06:00:00
12655,0 days 08:30:00
12656,0 days 08:50:00
12657,0 days 05:55:00
12658,0 days 05:55:00
12659,0 days 23:05:00
12660,0 days 22:45:00
12661,0 days 11:45:00
12662,0 days 11:40:00
12663,0 days 11:20:00
12664,0 days 10:50:00
12665,0 days 18:15:00
12666,0 days 19:20:00
12667,0 days 13:15:00
12668,0 days 12:25:00
12669,0 days 18:05:00
12670,0 days 17:25:00
12671,0 days 09:10:00
12672,0 days 09:20:00
12673,0 days 08:05:00
12674,0 days 08:05:00
12675,0 days 07:35:00
12676,0 days 07:35:00
12677,0 days 10:40:00
12678,0 days 10:40:00
12679,0 days 07:45:00
12680,0 days 07:35:00
12681,0 days 08:10:00
12682,0 days 07:50:00
12683,0 days 11:15:00
12684,0 days 11:10:00
12685,0 days 16:05:00
12686,0 days 15:40:00
12687,0 days 05:10:00
12688,0 days 06:00:00
12689,0 days 16:45:00
12690,0 days 16:45:00
12691,0 days 10:10:00
12692,0 days 10:50:00
12693,0 days 11:05:00
12694,0 days 11:40:00
12695,0 days 16:10:00
12696,0 days 16:45:00
12697,0 days 15:20:00
12698,0 days 16:05:00
12701,0 days 14:20:00
12702,0 days 14:10:00
12703,0 days 01:40:00
12704,0 days 01:50:00
12705,0 days 06:50:00
12706,0 days 06:45:00
12707,0 days 12:20:00
12708,0 days 14:25:00
12709,0 days 10:50:00
12710,0 days 10:20:00
12711,0 days 07:00:00
12712,0 days 07:05:00
12713,0 days 05:30:00
12714,0 days 05:55:00
12715,0 days 10:50:00
12716,0 days 10:25:00
12717,0 days 06:20:00
12718,0 days 06:05:00
12719,0 days 06:50:00
12720,0 days 06:35:00
12721,0 days 05:35:00
12722,0 days 06:00:00
12723,0 days 02:40:00
12724,0 days 02:10:00
12725,0 days 08:50:00
12726,0 days 08:50:00
12727,0 days 12:50:00
12728,0 days 12:35:00
12729,0 days 12:00:00
12730,0 days 12:00:00
12731,0 days 14:25:00
12732,0 days 14:30:00
12733,0 days 12:00:00
12734,0 days 12:00:00
12735,0 days 11:50:00
12736,0 days 12:15:00
12737,0 days 10:15:00
12738,0 days 10:15:00
12739,0 days 11:40:00
12740,0 days 11:10:00
12741,0 days 17:05:00
12742,0 days 18:55:00
12747,0 days 06:25:00
12748,0 days 06:15:00
12749,0 days 07:55:00
12750,0 days 07:55:00
12757,0 days 05:20:00
12758,0 days 05:20:00
12759,0 days 13:50:00
12760,0 days 13:45:00
12761,0 days 12:15:00
12762,0 days 12:55:00
12763,0 days 12:50:00
12764,0 days 12:30:00
12765,0 days 23:40:00
12766,0 days 23:50:00
12767,0 days 04:00:00
12768,0 days 04:05:00
12769,0 days 12:55:00
12770,0 days 12:55:00
12771,0 days 10:15:00
12772,0 days 10:25:00
12773,0 days 02:25:00
12774,0 days 03:25:00
12775,0 days 10:45:00
12776,0 days 10:40:00
12777,0 days 23:45:00
12778,0 days 23:50:00
12779,0 days 15:10:00
12780,0 days 15:30:00
12781,0 days 21:00:00
12782,0 days 23:05:00
12783,0 days 12:45:00
12784,0 days 12:55:00
12785,0 days 11:20:00
12786,0 days 11:20:00
12791,0 days 08:55:00
12792,0 days 09:15:00
12795,0 days 05:20:00
12796,0 days 05:15:00
12797,0 days 12:50:00
12798,0 days 12:50:00
12801,0 days 06:40:00
12802,0 days 06:55:00
12803,0 days 08:50:00
12804,0 days 11:40:00
12805,0 days 12:30:00
12806,0 days 12:30:00
12807,0 days 10:20:00
12808,0 days 09:35:00
12809,0 days 09:15:00
12810,0 days 09:05:00
12811,0 days 03:30:00
12812,0 days 03:55:00
12813,0 days 04:00:00
12814,0 days 04:05:00
12815,0 days 06:10:00
12816,0 days 05:40:00
12817,0 days 23:15:00
12818,0 days 21:00:00
12819,0 days 05:00:00
12820,0 days 05:15:00
12821,0 days 08:20:00
12822,0 days 08:30:00
12823,0 days 21:05:00
12824,0 days 21:45:00
12825,0 days 21:10:00
12826,0 days 22:00:00
12827,0 days 05:30:00
12828,0 days 05:50:00
12829,0 days 20:10:00
12830,0 days 20:55:00
12831,0 days 14:20:00
12832,0 days 13:15:00
12833,0 days 13:15:00
12834,0 days 13:30:00
12835,0 days 10:35:00
12836,0 days 10:35:00
12837,0 days 08:25:00
12838,0 days 08:30:00
12839,0 days 04:05:00
12840,0 days 04:15:00
12841,0 days 02:10:00
12842,0 days 03:05:00
12843,0 days 13:55:00
12844,0 days 14:15:00
12845,0 days 03:20:00
12846,0 days 02:45:00
12847,0 days 03:10:00
12848,0 days 03:10:00
12849,0 days 22:10:00
12850,0 days 23:10:00
12851,0 days 00:00:00
12852,0 days 23:05:00
12853,0 days 16:10:00
12854,0 days 16:15:00
12855,0 days 07:05:00
12856,0 days 07:10:00
12857,0 days 03:22:00
12858,0 days 03:25:00
12859,0 days 06:30:00
12860,0 days 07:30:00
12861,0 days 10:05:00
12862,0 days 10:50:00
12863,0 days 10:40:00
12864,0 days 10:50:00
12865,0 days 05:40:00
12866,0 days 05:50:00
12867,0 days 09:20:00
12868,0 days 10:10:00
12869,0 days 08:25:00
12870,0 days 08:40:00
12871,0 days 13:20:00
12872,0 days 13:35:00
12873,0 days 00:15:00
12874,0 days 00:10:00
12875,0 days 10:50:00
12876,0 days 10:25:00
12877,0 days 18:10:00
12878,0 days 19:20:00
12879,0 days 07:00:00
12880,0 days 06:25:00
12881,0 days 08:45:00
12882,0 days 08:50:00
12883,0 days 05:25:00
12884,0 days 05:40:00
12885,0 days 05:15:00
12886,0 days 05:40:00
12887,0 days 08:45:00
12888,0 days 08:50:00
12889,0 days 10:25:00
12890,0 days 10:30:00
12891,0 days 05:40:00
12892,0 days 05:40:00
12893,0 days 06:55:00
12894,0 days 07:10:00
12895,0 days 08:45:00
12896,0 days 08:50:00
12897,0 days 00:05:00
12898,0 days 01:15:00
12901,0 days 08:30:00
12902,0 days 08:25:00
12903,0 days 08:05:00
12904,0 days 07:40:00
12905,0 days 19:45:00
12906,0 days 19:35:00
12907,0 days 21:10:00
12908,0 days 19:00:00
12909,0 days 17:05:00
12910,0 days 16:35:00
12911,0 days 01:00:00
12912,0 days 23:35:00
12913,0 days 11:50:00
12914,0 days 11:50:00
12915,0 days 15:40:00
12916,0 days 16:20:00
12917,0 days 17:35:00
12918,0 days 16:15:00
12919,0 days 06:00:00
12920,0 days 05:55:00
12921,0 days 04:40:00
12922,0 days 04:45:00
12923,0 days 11:00:00
12924,0 days 10:40:00
12925,0 days 07:20:00
12926,0 days 06:35:00
12927,0 days 06:15:00
12928,0 days 06:15:00
12929,0 days 06:10:00
12930,0 days 06:15:00
12931,0 days 07:20:00
12932,0 days 07:00:00
12933,0 days 07:45:00
12934,0 days 07:40:00
12935,0 days 04:20:00
12936,0 days 04:20:00
12937,0 days 19:25:00
12938,0 days 17:30:00
12939,0 days 22:05:00
12940,0 days 22:50:00
12941,0 days 16:50:00
12942,0 days 15:20:00
12943,0 days 22:55:00
12944,0 days 23:35:00
12946,0 days 11:20:00
12947,0 days 06:50:00
12948,0 days 05:45:00
12949,0 days 23:55:00
12950,0 days 23:05:00
12951,0 days 15:35:00
12952,0 days 15:50:00
12953,0 days 17:15:00
12954,0 days 16:55:00
12955,0 days 17:50:00
12956,0 days 17:40:00
12957,0 days 13:50:00
12958,0 days 13:45:00
12959,0 days 17:45:00
12960,0 days 17:30:00
12961,0 days 14:05:00
12962,0 days 13:50:00
12963,0 days 12:15:00
12964,0 days 12:20:00
12967,0 days 12:35:00
12968,0 days 14:10:00
12969,0 days 20:55:00
12970,0 days 22:25:00
12971,0 days 13:00:00
12972,0 days 14:05:00
12973,0 days 09:55:00
12974,0 days 10:05:00
12975,0 days 19:55:00
12976,0 days 20:10:00
12977,0 days 15:43:00
12978,0 days 06:00:00
12979,0 days 18:55:00
12980,0 days 17:55:00
12981,0 days 12:10:00
12982,0 days 11:50:00
12983,0 days 12:50:00
12984,0 days 12:50:00
12985,0 days 04:30:00
12986,0 days 04:30:00
12987,0 days 03:50:00
12988,0 days 03:10:00
12989,0 days 17:40:00
12990,0 days 17:20:00
12991,0 days 07:30:00
12992,0 days 07:30:00
12993,0 days 17:25:00
12994,0 days 17:15:00
12995,0 days 17:05:00
12996,0 days 16:45:00
13005,0 days 13:45:00
13006,0 days 12:40:00
13007,0 days 21:25:00
13008,0 days 22:30:00
13009,0 days 11:10:00
13010,0 days 10:55:00
13011,0 days 07:25:00
13012,0 days 06:55:00
13013,0 days 02:20:00
13014,0 days 02:45:00
13015,0 days 03:05:00
13016,0 days 03:05:00
13017,0 days 05:55:00
13018,0 days 06:05:00
13019,0 days 11:40:00
13020,0 days 14:45:00
13021,0 days 16:40:00
13022,0 days 18:00:00
13023,0 days 15:25:00
13024,0 days 15:20:00
13027,0 days 05:40:00
13028,0 days 06:05:00
13033,0 days 12:20:00
13034,0 days 12:45:00
13043,0 days 16:55:00
13044,0 days 15:45:00
13049,0 days 20:30:00
13050,0 days 21:35:00
13053,0 days 05:15:00
13054,0 days 05:10:00
13063,0 days 11:35:00
13064,0 days 09:45:00
13071,0 days 09:35:00
13072,0 days 10:00:00
13103,0 days 04:35:00
13104,0 days 04:50:00
13105,0 days 16:50:00
13106,0 days 18:45:00
13109,0 days 02:15:00
13110,0 days 02:15:00
13113,0 days 04:30:00
13114,0 days 05:05:00
13117,0 days 04:35:00
13118,0 days 04:40:00
13119,0 days 14:25:00
13120,0 days 16:40:00
13121,0 days 14:25:00
13122,0 days 15:05:00
13129,0 days 01:45:00
13130,0 days 01:50:00
13131,0 days 13:55:00
13132,0 days 14:20:00
13133,0 days 00:25:00
13134,0 days 02:15:00
13135,0 days 14:00:00
13136,0 days 15:05:00
13137,0 days 18:40:00
13138,0 days 19:45:00
13141,0 days 17:35:00
13142,0 days 16:50:00
13145,0 days 11:20:00
13146,0 days 11:45:00
13147,0 days 14:05:00
13148,0 days 13:45:00
13149,0 days 15:40:00
13150,0 days 16:45:00
13151,0 days 21:25:00
13152,0 days 20:50:00
13153,0 days 07:45:00
13154,0 days 07:45:00
13155,0 days 14:05:00
13156,0 days 14:50:00
13157,0 days 12:20:00
13158,0 days 13:05:00
13159,0 days 14:10:00
13160,0 days 12:45:00
13161,0 days 09:40:00
13162,0 days 08:55:00
13163,0 days 16:25:00
13164,0 days 16:55:00
13165,0 days 14:15:00
13166,0 days 14:00:00
13167,0 days 04:25:00
13168,0 days 04:05:00
13169,0 days 16:25:00
13170,0 days 16:55:00
13185,0 days 15:05:00
13186,0 days 14:20:00
13187,0 days 04:55:00
13188,0 days 04:40:00
13201,0 days 11:45:00
13202,0 days 11:40:00
13205,0 days 07:15:00
13206,0 days 05:50:00
13225,0 days 09:15:00
13226,0 days 07:55:00
13233,0 days 03:55:00
13234,0 days 04:05:00
13235,0 days 09:10:00
13236,0 days 08:10:00
13237,0 days 01:05:00
13238,0 days 02:40:00
13239,0 days 01:05:00
13240,0 days 02:40:00
13241,0 days 07:25:00
13242,0 days 06:55:00
13243,0 days 05:50:00
13244,0 days 06:00:00
13245,0 days 12:40:00
13246,0 days 12:15:00
13247,0 days 22:20:00
13248,0 days 22:40:00
13249,0 days 05:05:00
13250,0 days 05:55:00
13257,0 days 18:55:00
13258,0 days 18:00:00
13287,0 days 00:20:00
13288,0 days 00:15:00
13301,0 days 05:50:00
13302,0 days 05:25:00
13303,0 days 06:50:00
13304,0 days 07:05:00
13305,0 days 03:55:00
13306,0 days 04:00:00
13307,0 days 12:55:00
13308,0 days 10:30:00
13319,0 days 08:05:00
13320,0 days 08:30:00
13329,0 days 06:20:00
13330,0 days 06:05:00
13331,0 days 10:20:00
13332,0 days 08:10:00
13345,0 days 06:40:00
13346,0 days 07:15:00
13347,0 days 14:00:00
13348,0 days 12:15:00
13351,0 days 08:55:00
13352,0 days 07:35:00
13401,0 days 07:05:00
13402,0 days 06:25:00
13403,0 days 14:55:00
13404,0 days 13:35:00
13409,0 days 05:30:00
13410,0 days 05:45:00
13413,0 days 09:30:00
13414,0 days 09:25:00
13415,0 days 09:30:00
13416,0 days 10:30:00
13417,0 days 14:30:00
13418,0 days 14:50:00
13419,0 days 06:35:00
13420,0 days 06:55:00
13421,0 days 04:50:00
13422,0 days 05:05:00
13423,0 days 10:50:00
13424,0 days 11:35:00
13425,0 days 16:20:00
13426,0 days 17:25:00
13429,0 days 05:30:00
13430,0 days 06:40:00
13465,0 days 07:05:00
13466,0 days 06:40:00
13483,0 days 09:30:00
13484,0 days 09:25:00
13501,0 days 06:35:00
13502,0 days 06:35:00
13505,0 days 08:00:00
13506,0 days 08:00:00
13507,0 days 13:35:00
13508,0 days 14:20:00
13509,0 days 20:45:00
13510,0 days 20:15:00
13511,0 days 03:30:00
13512,0 days 03:20:00
14001,0 days 08:05:00
14002,0 days 07:20:00
14003,0 days 05:35:00
14004,0 days 05:50:00
14005,0 days 02:00:00
14006,0 days 05:20:00
14007,0 days 04:50:00
14008,0 days 05:35:00
14011,0 days 08:20:00
14012,0 days 09:00:00
14013,0 days 13:15:00
14014,0 days 14:05:00
14015,0 days 04:25:00
14016,0 days 05:05:00
14017,0 days 04:50:00
14018,0 days 05:35:00
14019,0 days 22:50:00
14020,0 days 00:35:00
14021,0 days 07:20:00
14022,0 days 07:25:00
14033,0 days 14:55:00
14034,0 days 15:10:00
14035,0 days 09:35:00
14036,0 days 11:05:00
14041,0 days 11:00:00
14042,0 days 11:10:00
14043,0 days 07:10:00
14044,0 days 07:10:00
14055,0 days 06:40:00
14056,0 days 04:45:00
14085,0 days 06:40:00
14086,0 days 06:28:00
14095,0 days 05:35:00
14096,0 days 05:45:00
14101,0 days 04:15:00
14102,0 days 05:00:00
14109,0 days 05:05:00
14110,0 days 04:25:00
14113,0 days 09:40:00
14114,0 days 09:05:00
14115,0 days 14:00:00
14116,0 days 15:00:00
14117,0 days 06:50:00
14118,0 days 07:00:00
14119,0 days 08:35:00
14120,0 days 08:15:00
14123,0 days 05:05:00
14124,0 days 05:25:00
14125,0 days 06:50:00
14126,0 days 05:55:00
14151,0 days 10:30:00
14152,0 days 11:45:00
14163,0 days 12:55:00
14164,0 days 13:10:00
14201,0 days 05:20:00
14202,0 days 05:20:00
14203,0 days 05:50:00
14204,0 days 06:30:00
14205,0 days 12:15:00
14206,0 days 12:55:00
14207,0 days 13:45:00
14208,0 days 12:30:00
14209,0 days 03:45:00
14210,0 days 04:00:00
14211,0 days 04:20:00
14212,0 days 04:30:00
14213,0 days 06:00:00
14214,0 days 06:45:00
14215,0 days 04:10:00
14216,0 days 04:25:00
14217,0 days 19:20:00
14218,0 days 18:15:00
14219,0 days 06:15:00
14220,0 days 07:30:00
14221,0 days 05:15:00
14222,0 days 05:05:00
14227,0 days 05:05:00
14228,0 days 05:40:00
14235,0 days 14:40:00
14236,0 days 15:15:00
14257,0 days 16:15:00
14258,0 days 17:00:00
14260,0 days 07:00:00
14265,0 days 22:05:00
14266,0 days 21:20:00
14307,0 days 12:40:00
14308,0 days 12:20:00
14309,0 days 04:40:00
14310,0 days 03:15:00
14311,0 days 08:00:00
14312,0 days 07:55:00
14313,0 days 07:25:00
14314,0 days 09:00:00
14315,0 days 05:40:00
14316,0 days 05:15:00
14317,0 days 04:40:00
14318,0 days 00:50:00
14319,0 days 22:40:00
14320,0 days 00:05:00
14321,0 days 03:30:00
14322,0 days 03:30:00
14323,0 days 02:20:00
14324,0 days 01:45:00
14369,0 days 20:15:00
14370,0 days 19:25:00
14371,0 days 04:15:00
14372,0 days 04:50:00
14501,0 days 10:35:00
14502,0 days 11:05:00
14503,0 days 09:35:00
14504,0 days 10:30:00
14505,0 days 05:45:00
14506,0 days 05:55:00
14511,0 days 18:15:00
14512,0 days 17:05:00
14519,0 days 07:30:00
14520,0 days 07:15:00
14521,0 days 05:35:00
14522,0 days 06:00:00
14523,0 days 02:55:00
14524,0 days 03:25:00
14525,0 days 06:45:00
14526,0 days 06:55:00
14545,0 days 08:15:00
14546,0 days 06:35:00
14553,0 days 09:50:00
14554,0 days 09:20:00
14555,0 days 07:35:00
14556,0 days 07:05:00
14601,0 days 03:45:00
14602,0 days 04:25:00
14603,0 days 10:30:00
14604,0 days 06:50:00
14609,0 days 14:05:00
14610,0 days 16:15:00
14611,0 days 04:05:00
14613,0 days 05:00:00
14614,0 days 04:45:00
14615,0 days 16:00:00
14616,0 days 14:30:00
14623,0 days 20:00:00
14624,0 days 21:30:00
14625,0 days 07:30:00
14626,0 days 07:20:00
14629,0 days 02:35:00
14630,0 days 02:30:00
14631,0 days 12:30:00
14632,0 days 12:25:00
14633,0 days 02:30:00
14634,0 days 02:30:00
14645,0 days 13:35:00
14646,0 days 13:55:00
14649,0 days 16:40:00
14650,0 days 13:20:00
14659,0 days 18:10:00
14660,0 days 18:30:00
14661,0 days 04:00:00
14662,0 days 04:15:00
14673,0 days 16:40:00
14674,0 days 13:20:00
14681,0 days 09:05:00
14682,0 days 08:45:00
14703,0 days 06:35:00
14704,0 days 06:20:00
14707,0 days 00:10:00
14708,0 days 00:30:00
14709,0 days 16:40:00
14710,0 days 15:30:00
14711,0 days 09:50:00
14712,0 days 09:20:00
14713,0 days 11:50:00
14714,0 days 12:30:00
14715,0 days 10:50:00
14716,0 days 09:40:00
14717,0 days 16:15:00
14718,0 days 15:35:00
14723,0 days 16:15:00
14724,0 days 16:35:00
14731,0 days 10:40:00
14732,0 days 10:45:00
14795,0 days 02:25:00
14796,0 days 02:40:00
14801,0 days 16:00:00
14803,0 days 09:35:00
14804,0 days 10:00:00
14805,0 days 21:30:00
14806,0 days 02:15:00
14807,0 days 02:55:00
14808,0 days 03:25:00
14809,0 days 06:00:00
14810,0 days 06:30:00
14811,0 days 06:40:00
14812,0 days 06:20:00
14853,0 days 01:15:00
14854,0 days 01:00:00
14863,0 days 00:25:00
14864,0 days 23:15:00
14865,0 days 00:25:00
14866,0 days 23:20:00
14887,0 days 22:45:00
14888,0 days 23:10:00
14889,0 days 06:00:00
14890,0 days 04:50:00
15001,0 days 23:55:00
15002,0 days 00:45:00
15003,0 days 14:15:00
15004,0 days 13:20:00
15005,0 days 16:40:00
15006,0 days 16:40:00
15007,0 days 12:45:00
15008,0 days 13:15:00
15009,0 days 08:05:00
15011,0 days 16:00:00
15012,0 days 16:05:00
15013,0 days 04:20:00
15014,0 days 02:35:00
15015,0 days 03:10:00
15016,0 days 05:55:00
15017,0 days 12:35:00
15018,0 days 12:35:00
15019,0 days 02:35:00
15020,0 days 02:25:00
15021,0 days 20:03:00
15022,0 days 20:15:00
15023,0 days 02:25:00
15024,0 days 20:05:00
15025,0 days 17:00:00
15026,0 days 17:45:00
15027,0 days 00:20:00
15028,0 days 00:45:00
15029,0 days 10:40:00
15030,0 days 09:15:00
15033,0 days 05:05:00
15034,0 days 05:10:00
15035,0 days 06:45:00
15036,0 days 06:40:00
15037,0 days 05:55:00
15038,0 days 05:35:00
15039,0 days 02:35:00
15040,0 days 02:00:00
15041,0 days 02:15:00
15042,0 days 02:20:00
15043,0 days 10:05:00
15044,0 days 07:50:00
15045,0 days 23:10:00
15046,0 days 22:25:00
15047,0 days 17:15:00
15048,0 days 16:55:00
15049,0 days 19:15:00
15050,0 days 20:25:00
15051,0 days 17:45:00
15052,0 days 18:15:00
15053,0 days 13:25:00
15054,0 days 14:20:00
15055,0 days 10:35:00
15056,0 days 11:20:00
15057,0 days 14:05:00
15058,0 days 14:20:00
15059,0 days 06:30:00
15060,0 days 06:30:00
15063,0 days 10:30:00
15064,0 days 10:40:00
15065,0 days 10:50:00
15066,0 days 10:40:00
15067,0 days 14:35:00
15068,0 days 17:15:00
15069,0 days 06:05:00
15070,0 days 06:55:00
15097,0 days 12:45:00
15098,0 days 11:15:00
15101,0 days 09:00:00
15102,0 days 13:05:00
15103,0 days 05:45:00
15104,0 days 05:45:00
15105,0 days 04:00:00
15106,0 days 04:20:00
15111,0 days 04:55:00
15112,0 days 05:15:00
15115,0 days 00:40:00
15116,0 days 23:20:00
15117,0 days 10:25:00
15118,0 days 10:35:00
15119,0 days 05:45:00
15120,0 days 03:35:00
15159,0 days 00:20:00
15160,0 days 01:15:00
15201,0 days 07:05:00
15202,0 days 05:55:00
15203,0 days 16:30:00
15204,0 days 17:00:00
15205,0 days 13:40:00
15206,0 days 12:50:00
15209,0 days 08:15:00
15210,0 days 08:55:00
15211,0 days 08:30:00
15212,0 days 07:55:00
15215,0 days 04:20:00
15216,0 days 03:50:00
15227,0 days 04:05:00
15228,0 days 04:25:00
15231,0 days 08:50:00
15232,0 days 11:30:00
15233,0 days 11:50:00
15234,0 days 11:25:00
15235,0 days 11:25:00
15236,0 days 11:15:00
15267,0 days 13:10:00
15268,0 days 15:50:00
15269,0 days 11:50:00
15270,0 days 11:30:00
15271,0 days 11:45:00
15272,0 days 11:45:00
15273,0 days 00:15:00
15274,0 days 23:20:00
15275,0 days 02:50:00
15276,0 days 03:40:00
15279,0 days 00:20:00
15280,0 days 01:50:00
15283,0 days 11:00:00
15284,0 days 10:15:00
15417,0 days 17:45:00
15418,0 days 15:15:00
15463,0 days 06:45:00
15464,0 days 06:55:00
15483,0 days 13:15:00
15484,0 days 13:25:00
15529,0 days 02:45:00
15530,0 days 03:20:00
15531,0 days 12:00:00
15532,0 days 10:05:00
15547,0 days 13:10:00
15548,0 days 12:00:00
15549,0 days 07:40:00
15550,0 days 07:30:00
15559,0 days 16:15:00
15560,0 days 16:50:00
15563,0 days 11:40:00
15564,0 days 13:50:00
15601,0 days 18:30:00
15602,0 days 21:00:00
15603,0 days 14:00:00
15604,0 days 13:50:00
15605,0 days 06:40:00
15606,0 days 06:45:00
15613,0 days 11:30:00
15614,0 days 12:05:00
15617,0 days 07:35:00
15618,0 days 08:45:00
15619,0 days 23:35:00
15620,0 days 22:40:00
15621,0 days 12:05:00
15622,0 days 15:00:00
15623,0 days 07:35:00
15624,0 days 04:30:00
15629,0 days 07:00:00
15630,0 days 06:15:00
15631,0 days 02:30:00
15632,0 days 23:15:00
15635,0 days 19:20:00
15636,0 days 17:10:00
15639,0 days 07:10:00
15640,0 days 08:05:00
15643,0 days 07:55:00
15644,0 days 07:45:00
15645,0 days 03:55:00
15646,0 days 03:05:00
15647,0 days 04:55:00
15648,0 days 05:00:00
15651,0 days 23:25:00
15652,0 days 00:55:00
15653,0 days 23:25:00
15654,0 days 00:55:00
15655,0 days 05:15:00
15656,0 days 08:50:00
15657,0 days 21:25:00
15658,0 days 20:30:00
15659,0 days 14:25:00
15660,0 days 13:55:00
15661,0 days 02:10:00
15662,0 days 02:30:00
15665,0 days 05:40:00
15666,0 days 05:45:00
15667,0 days 16:30:00
15668,0 days 15:40:00
15669,0 days 05:25:00
15670,0 days 04:55:00
15707,0 days 14:00:00
15708,0 days 13:00:00
15711,0 days 08:50:00
15712,0 days 08:50:00
15713,0 days 06:55:00
15714,0 days 07:10:00
15715,0 days 15:30:00
15716,0 days 16:10:00
15717,0 days 11:25:00
15718,0 days 10:30:00
15719,0 days 05:15:00
15720,0 days 05:15:00
15721,0 days 17:00:00
15722,0 days 15:45:00
15723,0 days 13:05:00
15724,0 days 12:00:00
15765,0 days 06:36:00
15766,0 days 08:30:00
15767,0 days 04:45:00
15768,0 days 04:00:00
15769,0 days 09:55:00
15770,0 days 09:45:00
15771,0 days 07:10:00
15772,0 days 07:10:00
15815,0 days 04:45:00
15816,0 days 04:45:00
15903,0 days 06:30:00
15904,0 days 09:00:00
15905,0 days 07:40:00
15906,0 days 10:45:00
15909,0 days 18:55:00
15927,0 days 14:30:00
15928,0 days 14:00:00
15929,0 days 20:15:00
15930,0 days 21:30:00
15933,0 days 14:05:00
15934,0 days 13:10:00
15941,0 days 13:50:00
15942,0 days 12:20:00
15959,0 days 12:20:00
15960,0 days 11:20:00
15967,0 days 15:25:00
15968,0 days 14:45:00
16003,0 days 02:45:00
16004,0 days 03:15:00
16021,0 days 09:35:00
16022,0 days 10:30:00
16023,0 days 03:10:00
16024,0 days 03:00:00
16031,0 days 10:05:00
16032,0 days 12:25:00
16053,0 days 03:35:00
16054,0 days 03:40:00
16057,0 days 03:15:00
16058,0 days 03:50:00
16085,0 days 03:10:00
16086,0 days 02:50:00
16089,0 days 04:25:00
16090,0 days 04:15:00
16093,0 days 15:25:00
16094,0 days 18:00:00
16101,0 days 13:10:00
16102,0 days 13:35:00
16105,0 days 16:15:00
16106,0 days 16:25:00
16115,0 days 04:15:00
16116,0 days 03:55:00
16127,0 days 21:35:00
16128,0 days 23:05:00
16129,0 days 01:00:00
16130,0 days 00:40:00
16175,0 days 08:25:00
16176,0 days 08:10:00
16179,0 days 08:20:00
16180,0 days 08:20:00
16181,0 days 13:00:00
16182,0 days 13:35:00
16183,0 days 07:40:00
16184,0 days 07:10:00
16185,0 days 00:35:00
16186,0 days 00:25:00
16187,0 days 14:30:00
16188,0 days 13:35:00
16203,0 days 03:35:00
16204,0 days 04:00:00
16205,0 days 07:45:00
16206,0 days 07:30:00
16209,0 days 00:30:00
16210,0 days 23:10:00
16215,0 days 02:45:00
16216,0 days 02:50:00
16217,0 days 06:20:00
16218,0 days 06:05:00
16227,0 days 11:35:00
16228,0 days 11:40:00
16229,0 days 04:40:00
16231,0 days 14:55:00
16232,0 days 15:30:00
16233,0 days 02:40:00
16234,0 days 02:25:00
16235,0 days 17:10:00
16301,0 days 08:05:00
16302,0 days 07:55:00
16303,0 days 04:55:00
16304,0 days 05:10:00
16305,0 days 05:45:00
16306,0 days 05:55:00
16307,0 days 07:35:00
16308,0 days 08:05:00
16311,0 days 05:10:00
16312,0 days 06:05:00
16313,0 days 07:35:00
16314,0 days 08:05:00
16315,0 days 16:05:00
16316,0 days 15:50:00
16317,0 days 01:05:00
16318,0 days 00:00:00
16331,0 days 15:10:00
16332,0 days 16:25:00
16333,0 days 22:25:00
16334,0 days 01:00:00
16335,0 days 20:55:00
16336,0 days 22:15:00
16337,0 days 18:15:00
16338,0 days 20:40:00
16339,0 days 15:10:00
16340,0 days 14:20:00
16341,0 days 06:30:00
16342,0 days 06:50:00
16343,0 days 14:40:00
16344,0 days 14:40:00
16345,0 days 06:15:00
16346,0 days 06:55:00
16347,0 days 14:25:00
16348,0 days 14:25:00
16349,0 days 01:15:00
16350,0 days 01:20:00
16351,0 days 16:05:00
16352,0 days 15:50:00
16353,0 days 05:00:00
16354,0 days 05:50:00
16359,0 days 10:20:00
16360,0 days 06:45:00
16381,0 days 20:50:00
16382,0 days 22:00:00
16501,0 days 09:40:00
16502,0 days 12:50:00
16505,0 days 18:15:00
16506,0 days 14:40:00
16507,0 days 21:55:00
16508,0 days 19:00:00
16515,0 days 15:50:00
16516,0 days 15:00:00
16517,0 days 14:40:00
16518,0 days 15:40:00
16519,0 days 03:35:00
16520,0 days 03:20:00
16521,0 days 01:45:00
16522,0 days 01:35:00
16523,0 days 05:15:00
16524,0 days 05:40:00
16525,0 days 20:50:00
16526,0 days 19:20:00
16527,0 days 13:20:00
16528,0 days 13:55:00
16531,0 days 23:15:00
16532,0 days 00:40:00
16533,0 days 23:15:00
16534,0 days 23:45:00
16535,0 days 20:40:00
16536,0 days 20:50:00
16557,0 days 02:40:00
16558,0 days 03:00:00
16565,0 days 17:45:00
16566,0 days 17:15:00
16569,0 days 13:00:00
16570,0 days 13:30:00
16571,0 days 14:15:00
16572,0 days 13:35:00
16573,0 days 10:15:00
16574,0 days 11:30:00
16575,0 days 09:45:00
16576,0 days 09:00:00
16577,0 days 07:15:00
16578,0 days 06:15:00
16579,0 days 05:45:00
16580,0 days 05:30:00
16581,0 days 06:10:00
16582,0 days 06:05:00
16587,0 days 01:50:00
16588,0 days 05:10:00
16589,0 days 16:25:00
16590,0 days 16:40:00
16591,0 days 14:55:00
16592,0 days 15:40:00
16593,0 days 23:30:00
16594,0 days 00:45:00
16603,0 days 13:40:00
16604,0 days 12:40:00
16605,0 days 15:55:00
16606,0 days 15:00:00
16613,0 days 20:35:00
16614,0 days 19:30:00
16615,0 days 08:30:00
16616,0 days 07:10:00
16617,0 days 11:40:00
16618,0 days 10:45:00
16629,0 days 15:30:00
16630,0 days 14:55:00
16649,0 days 15:30:00
16650,0 days 15:55:00
16687,0 days 22:15:00
16688,0 days 00:50:00
16723,0 days 17:10:00
16724,0 days 17:05:00
16733,0 days 15:35:00
16734,0 days 12:15:00
16779,0 days 18:35:00
16780,0 days 18:15:00
16787,0 days 09:45:00
16788,0 days 09:25:00
16790,0 days 11:15:00
16791,0 days 10:00:00
16792,0 days 09:25:00
16793,0 days 09:30:00
16794,0 days 07:15:00
16853,0 days 07:45:00
16854,0 days 07:50:00
16855,0 days 16:55:00
16856,0 days 16:55:00
16857,0 days 17:20:00
16858,0 days 16:55:00
16859,0 days 22:30:00
16860,0 days 21:20:00
16861,0 days 15:30:00
16862,0 days 15:35:00
16863,0 days 01:45:00
16864,0 days 05:25:00
17001,0 days 15:50:00
17002,0 days 16:38:00
17009,0 days 03:35:00
17010,0 days 03:30:00
17011,0 days 06:10:00
17012,0 days 05:45:00
17013,0 days 14:15:00
17014,0 days 14:30:00
17015,0 days 23:00:00
17016,0 days 22:50:00
17017,0 days 05:05:00
17018,0 days 04:00:00
17019,0 days 17:10:00
17020,0 days 15:10:00
17021,0 days 07:45:00
17022,0 days 10:40:00
17023,0 days 05:00:00
17024,0 days 04:55:00
17025,0 days 07:15:00
17026,0 days 07:15:00
17027,0 days 04:40:00
17028,0 days 05:30:00
17031,0 days 17:10:00
17032,0 days 16:25:00
17037,0 days 16:55:00
17038,0 days 17:10:00
17057,0 days 17:20:00
17058,0 days 18:45:00
17063,0 days 12:00:00
17064,0 days 12:35:00
17201,0 days 07:45:00
17202,0 days 08:15:00
17203,0 days 16:50:00
17204,0 days 16:00:00
17205,0 days 02:25:00
17206,0 days 03:18:00
17207,0 days 22:05:00
17208,0 days 22:43:00
17209,0 days 19:45:00
17210,0 days 18:55:00
17211,0 days 18:30:00
17212,0 days 16:45:00
17213,0 days 22:05:00
17214,0 days 23:45:00
17215,0 days 13:50:00
17216,0 days 14:50:00
17221,0 days 02:20:00
17222,0 days 01:05:00
17225,0 days 15:35:00
17226,0 days 15:45:00
17229,0 days 05:40:00
17230,0 days 07:05:00
17231,0 days 23:35:00
17232,0 days 23:45:00
17233,0 days 09:35:00
17234,0 days 08:35:00
17235,0 days 14:35:00
17236,0 days 13:55:00
17239,0 days 10:20:00
17240,0 days 08:10:00
17241,0 days 02:00:00
17242,0 days 02:05:00
17255,0 days 10:30:00
17256,0 days 10:55:00
17301,0 days 09:30:00
17302,0 days 10:30:00
17305,0 days 02:05:00
17307,0 days 22:40:00
17308,0 days 23:40:00
17309,0 days 15:30:00
17310,0 days 15:05:00
17311,0 days 22:00:00
17312,0 days 21:15:00
17315,0 days 03:25:00
17316,0 days 06:15:00
17317,0 days 15:30:00
17318,0 days 16:30:00
17319,0 days 14:55:00
17320,0 days 15:50:00
17321,0 days 18:25:00
17322,0 days 20:20:00
17323,0 days 18:10:00
17324,0 days 15:55:00
17325,0 days 12:40:00
17326,0 days 12:55:00
17401,0 days 10:10:00
17402,0 days 09:35:00
17403,0 days 02:20:00
17404,0 days 02:45:00
17405,0 days 00:50:00
17406,0 days 00:40:00
17407,0 days 10:40:00
17408,0 days 10:50:00
17409,0 days 04:00:00
17410,0 days 04:00:00
17411,0 days 11:05:00
17412,0 days 10:55:00
17413,0 days 06:45:00
17414,0 days 06:45:00
17415,0 days 19:35:00
17416,0 days 20:25:00
17417,0 days 05:15:00
17418,0 days 04:05:00
17419,0 days 18:40:00
17420,0 days 18:50:00
17479,0 days 03:50:00
17480,0 days 04:05:00
17481,0 days 06:15:00
17482,0 days 07:05:00
17487,0 days 15:00:00
17488,0 days 15:20:00
17603,0 days 13:25:00
17604,0 days 13:30:00
17605,0 days 03:35:00
17606,0 days 05:30:00
17609,0 days 08:00:00
17610,0 days 08:20:00
17613,0 days 17:25:00
17614,0 days 15:30:00
17615,0 days 00:30:00
17616,0 days 01:10:00
17617,0 days 11:45:00
17618,0 days 11:45:00
17619,0 days 05:45:00
17620,0 days 05:30:00
17621,0 days 23:15:00
17622,0 days 01:00:00
17623,0 days 10:30:00
17624,0 days 11:05:00
17625,0 days 08:00:00
17626,0 days 09:25:00
17639,0 days 11:20:00
17640,0 days 10:45:00
17641,0 days 16:00:00
17642,0 days 15:45:00
17643,0 days 18:10:00
17644,0 days 17:50:00
17651,0 days 16:20:00
17652,0 days 16:30:00
17687,0 days 09:05:00
17688,0 days 09:20:00
18005,0 days 01:15:00
18006,0 days 02:00:00
18007,0 days 05:20:00
18008,0 days 06:20:00
18009,0 days 16:30:00
18010,0 days 18:30:00
18029,0 days 14:20:00
18030,0 days 13:50:00
18047,0 days 15:35:00
18048,0 days 15:30:00
18101,0 days 23:20:00
18102,0 days 20:00:00
18103,0 days 09:15:00
18104,0 days 09:10:00
18107,0 days 13:45:00
18108,0 days 13:30:00
18111,0 days 23:30:00
18112,0 days 01:45:00
18117,0 days 16:55:00
18118,0 days 17:30:00
18181,0 days 18:50:00
18182,0 days 18:00:00
18183,0 days 11:30:00
18184,0 days 11:35:00
18189,0 days 02:50:00
18190,0 days 03:00:00
18191,0 days 18:20:00
18192,0 days 19:05:00
18201,0 days 02:55:00
18202,0 days 03:05:00
18203,0 days 17:40:00
18204,0 days 18:50:00
18205,0 days 02:55:00
18206,0 days 05:20:00
18207,0 days 01:50:00
18208,0 days 02:45:00
18211,0 days 14:30:00
18212,0 days 16:50:00
18213,0 days 23:20:00
18214,0 days 00:35:00
18215,0 days 12:35:00
18216,0 days 14:10:00
18233,0 days 00:00:00
18234,0 days 00:10:00
18235,0 days 19:50:00
18236,0 days 21:40:00
18237,0 days 17:55:00
18238,0 days 20:05:00
18239,0 days 11:35:00
18240,0 days 07:25:00
18241,0 days 11:10:00
18242,0 days 11:40:00
18243,0 days 10:40:00
18244,0 days 11:10:00
18245,0 days 11:25:00
18246,0 days 12:50:00
18247,0 days 11:15:00
18248,0 days 11:40:00
18301,0 days 06:35:00
18302,0 days 06:05:00
18303,0 days 06:35:00
18304,0 days 06:45:00
18309,0 days 09:00:00
18310,0 days 09:35:00
18311,0 days 19:45:00
18312,0 days 19:15:00
18401,0 days 04:25:00
18402,0 days 01:50:00
18403,0 days 02:35:00
18404,0 days 02:55:00
18405,0 days 13:05:00
18406,0 days 13:30:00
18407,0 days 08:45:00
18408,0 days 07:35:00
18409,0 days 09:35:00
18410,0 days 09:40:00
18413,0 days 04:30:00
18414,0 days 03:45:00
18415,0 days 10:45:00
18416,0 days 10:25:00
18419,0 days 23:10:00
18420,0 days 22:10:00
18421,0 days 22:25:00
18422,0 days 01:05:00
18425,0 days 17:10:00
18426,0 days 17:00:00
18437,0 days 03:20:00
18438,0 days 03:30:00
18447,0 days 17:40:00
18448,0 days 18:00:00
18449,0 days 19:35:00
18450,0 days 18:15:00
18451,0 days 15:20:00
18452,0 days 15:05:00
18463,0 days 06:35:00
18464,0 days 06:50:00
18477,0 days 00:00:00
18478,0 days 00:20:00
18495,0 days 10:10:00
18496,0 days 11:00:00
18501,0 days 15:25:00
18502,0 days 15:50:00
18503,0 days 03:15:00
18504,0 days 02:55:00
18507,0 days 23:40:00
18508,0 days 00:05:00
18511,0 days 07:00:00
18512,0 days 07:05:00
18517,0 days 15:00:00
18518,0 days 15:05:00
18519,0 days 05:15:00
18520,0 days 04:20:00
18567,0 days 06:10:00
18568,0 days 04:15:00
18573,0 days 16:35:00
18574,0 days 17:55:00
18605,0 days 16:30:00
18606,0 days 17:00:00
18609,0 days 15:00:00
18610,0 days 15:35:00
18611,0 days 12:45:00
18612,0 days 12:40:00
18613,0 days 10:00:00
18614,0 days 11:25:00
18615,0 days 09:15:00
18616,0 days 09:25:00
18619,0 days 09:50:00
18620,0 days 09:50:00
18621,0 days 14:40:00
18622,0 days 15:40:00
18623,0 days 11:15:00
18624,0 days 11:25:00
18625,0 days 09:20:00
18626,0 days 09:30:00
18631,0 days 09:10:00
18632,0 days 08:45:00
18637,0 days 10:15:00
18638,0 days 12:40:00
18645,0 days 06:10:00
18646,0 days 06:20:00
18695,0 days 03:00:00
18696,0 days 02:25:00
18697,0 days 08:10:00
18698,0 days 08:30:00
19015,0 days 21:15:00
19016,0 days 22:10:00
19019,0 days 17:30:00
19020,0 days 18:20:00
19021,0 days 06:10:00
19022,0 days 07:50:00
19023,0 days 14:50:00
19024,0 days 14:35:00
19025,0 days 11:30:00
19026,0 days 12:00:00
19027,0 days 13:10:00
19028,0 days 12:55:00
19031,0 days 02:15:00
19032,0 days 01:50:00
19033,0 days 06:20:00
19034,0 days 06:15:00
19035,0 days 02:15:00
19036,0 days 02:40:00
19037,0 days 15:05:00
19038,0 days 15:15:00
19039,0 days 23:10:00
19040,0 days 22:35:00
19041,0 days 11:05:00
19042,0 days 12:20:00
19045,0 days 08:45:00
19046,0 days 09:40:00
19051,0 days 11:00:00
19052,0 days 09:25:00
19053,0 days 22:20:00
19054,0 days 21:30:00
19055,0 days 16:15:00
19056,0 days 15:35:00
19057,0 days 03:05:00
19058,0 days 05:15:00
19061,0 days 05:45:00
19062,0 days 06:05:00
19063,0 days 06:15:00
19064,0 days 06:45:00
19107,0 days 07:05:00
19108,0 days 10:10:00
19115,0 days 16:00:00
19116,0 days 15:20:00
19119,0 days 09:20:00
19120,0 days 09:30:00
19151,0 days 06:00:00
19152,0 days 05:55:00
19165,0 days 22:15:00
19166,0 days 23:10:00
19167,0 days 12:35:00
19168,0 days 13:15:00
19201,0 days 08:55:00
19202,0 days 09:50:00
19215,0 days 21:15:00
19217,0 days 15:40:00
19218,0 days 15:45:00
19223,0 days 08:15:00
19224,0 days 07:10:00
19225,0 days 11:55:00
19226,0 days 12:15:00
19251,0 days 09:50:00
19252,0 days 09:25:00
19259,0 days 21:30:00
19260,0 days 19:35:00
19261,0 days 21:30:00
19262,0 days 20:35:00
19263,0 days 04:25:00
19264,0 days 04:35:00
19269,0 days 02:55:00
19270,0 days 02:05:00
19301,0 days 14:10:00
19302,0 days 17:55:00
19303,0 days 05:35:00
19304,0 days 05:40:00
19307,0 days 01:10:00
19308,0 days 22:25:00
19309,0 days 12:05:00
19310,0 days 11:15:00
19311,0 days 17:55:00
19312,0 days 19:35:00
19313,0 days 03:20:00
19314,0 days 03:55:00
19321,0 days 03:20:00
19322,0 days 03:55:00
19323,0 days 04:05:00
19324,0 days 04:20:00
19325,0 days 05:05:00
19326,0 days 03:15:00
19327,0 days 07:14:00
19328,0 days 06:45:00
19329,0 days 11:45:00
19330,0 days 12:25:00
19331,0 days 18:15:00
19332,0 days 21:25:00
19401,0 days 02:50:00
19402,0 days 03:55:00
19403,0 days 06:00:00
19404,0 days 06:05:00
19407,0 days 08:40:00
19408,0 days 08:20:00
19409,0 days 07:50:00
19410,0 days 08:45:00
19411,0 days 09:40:00
19412,0 days 09:10:00
19413,0 days 09:10:00
19414,0 days 06:05:00
19415,0 days 11:45:00
19416,0 days 13:35:00
19419,0 days 09:45:00
19420,0 days 07:30:00
19421,0 days 10:00:00
19422,0 days 12:10:00
19565,0 days 11:10:00
19566,0 days 10:20:00
19567,0 days 03:35:00
19568,0 days 07:15:00
19571,0 days 04:40:00
19572,0 days 04:15:00
19573,0 days 19:55:00
19574,0 days 21:10:00
19575,0 days 22:20:00
19576,0 days 23:10:00
19577,0 days 21:30:00
19578,0 days 01:20:00
19579,0 days 21:45:00
19580,0 days 21:30:00
19601,0 days 18:15:00
19602,0 days 19:40:00
19607,0 days 18:15:00
19608,0 days 22:05:00
19609,0 days 21:20:00
19611,0 days 20:50:00
19612,0 days 19:30:00
19613,0 days 16:50:00
19614,0 days 16:10:00
19659,0 days 12:33:00
19660,0 days 13:55:00
19665,0 days 21:10:00
19666,0 days 21:30:00
19707,0 days 22:00:00
19708,0 days 21:55:00
19709,0 days 00:25:00
19710,0 days 23:25:00
19711,0 days 17:15:00
19712,0 days 16:35:00
19713,0 days 10:25:00
19714,0 days 08:55:00
19715,0 days 13:25:00
19716,0 days 13:35:00
19717,0 days 12:15:00
19718,0 days 12:05:00
19803,0 days 00:50:00
19804,0 days 01:55:00
19805,0 days 21:45:00
19806,0 days 20:35:00
19807,0 days 04:40:00
19808,0 days 04:50:00
20501,0 days 16:50:00
20502,0 days 17:40:00
20601,0 days 08:50:00
20602,0 days 08:55:00
20651,0 days 04:55:00
20652,0 days 04:55:00
20809,0 days 03:05:00
20810,0 days 02:55:00
20811,0 days 17:35:00
20812,0 days 17:40:00
20813,0 days 20:00:00
20814,0 days 20:00:00
20815,0 days 15:30:00
20816,0 days 15:40:00
20817,0 days 03:30:00
20818,0 days 03:30:00
20889,0 days 19:05:00
20890,0 days 19:25:00
20901,0 days 03:35:00
20902,0 days 03:10:00
20903,0 days 02:40:00
20904,0 days 03:30:00
21067,0 days 01:59:00
21068,0 days 01:40:00
21107,0 days 01:00:00
21108,0 days 01:10:00
21125,0 days 13:45:00
21126,0 days 14:45:00
22101,0 days 04:40:00
22102,0 days 04:42:00
22103,0 days 03:20:00
22104,0 days 05:05:00
22105,0 days 03:25:00
22106,0 days 03:25:00
22109,0 days 19:55:00
22110,0 days 20:00:00
22111,0 days 10:35:00
22112,0 days 10:25:00
22113,0 days 03:30:00
22114,0 days 03:35:00
22115,0 days 09:50:00
22116,0 days 09:55:00
22117,0 days 12:00:00
22118,0 days 13:05:00
22119,0 days 08:20:00
22120,0 days 08:30:00
22121,0 days 23:25:00
22122,0 days 01:10:00
22123,0 days 14:00:00
22124,0 days 15:55:00
22125,0 days 03:15:00
22126,0 days 00:15:00
22127,0 days 19:15:00
22128,0 days 19:15:00
22131,0 days 03:05:00
22132,0 days 03:50:00
22133,0 days 11:50:00
22134,0 days 11:50:00
22135,0 days 12:30:00
22136,0 days 14:05:00
22137,0 days 16:55:00
22138,0 days 17:15:00
22140,0 days 08:00:00
22143,0 days 12:15:00
22144,0 days 12:05:00
22145,0 days 02:29:00
22146,0 days 02:29:00
22147,0 days 06:00:00
22148,0 days 06:00:00
22149,0 days 00:35:00
22150,0 days 00:05:00
22151,0 days 20:50:00
22152,0 days 21:35:00
22161,0 days 04:50:00
22162,0 days 05:05:00
22163,0 days 06:40:00
22164,0 days 06:40:00
22165,0 days 11:45:00
22166,0 days 12:00:00
22168,0 days 18:35:00
22181,0 days 14:15:00
22182,0 days 14:30:00
22187,0 days 05:30:00
22188,0 days 06:05:00
22189,0 days 04:15:00
22190,0 days 04:15:00
22191,0 days 10:00:00
22192,0 days 10:00:00
22201,0 days 07:55:00
22202,0 days 08:15:00
22203,0 days 10:30:00
22204,0 days 10:15:00
22205,0 days 08:40:00
22206,0 days 08:35:00
22207,0 days 14:20:00
22208,0 days 14:30:00
22209,0 days 17:15:00
22210,0 days 16:50:00
22213,0 days 08:35:00
22214,0 days 08:55:00
22307,0 days 03:45:00
22308,0 days 02:50:00
22309,0 days 09:55:00
22310,0 days 10:15:00
22321,0 days 04:20:00
22322,0 days 04:20:00
22323,0 days 13:40:00
22324,0 days 13:45:00
22351,0 days 00:40:00
22352,0 days 00:05:00
22356,0 days 21:10:00
22387,0 days 04:55:00
22388,0 days 04:55:00
22401,0 days 10:40:00
22402,0 days 10:20:00
22403,0 days 16:55:00
22404,0 days 18:10:00
22405,0 days 18:50:00
22406,0 days 17:50:00
22407,0 days 14:45:00
22408,0 days 13:50:00
22409,0 days 16:20:00
22410,0 days 14:40:00
22411,0 days 14:05:00
22412,0 days 14:05:00
22413,0 days 02:40:00
22414,0 days 01:55:00
22415,0 days 10:30:00
22416,0 days 11:25:00
22417,0 days 13:30:00
22418,0 days 13:50:00
22419,0 days 14:50:00
22420,0 days 14:45:00
22421,0 days 11:15:00
22422,0 days 11:15:00
22423,0 days 19:45:00
22424,0 days 19:30:00
22427,0 days 14:40:00
22428,0 days 15:30:00
22429,0 days 10:05:00
22430,0 days 10:00:00
22431,0 days 22:45:00
22432,0 days 22:40:00
22433,0 days 15:10:00
22434,0 days 14:20:00
22439,0 days 08:00:00
22441,0 days 03:10:00
22442,0 days 03:10:00
22443,0 days 04:45:00
22444,0 days 03:25:00
22445,0 days 16:15:00
22446,0 days 16:15:00
22447,0 days 01:15:00
22448,0 days 01:10:00
22451,0 days 04:05:00
22452,0 days 03:35:00
22453,0 days 07:55:00
22454,0 days 08:15:00
22455,0 days 02:30:00
22456,0 days 03:15:00
22457,0 days 09:50:00
22458,0 days 08:00:00
22461,0 days 11:40:00
22462,0 days 11:30:00
22463,0 days 03:40:00
22464,0 days 02:50:00
22471,0 days 07:55:00
22472,0 days 07:55:00
22473,0 days 21:55:00
22474,0 days 22:00:00
22475,0 days 19:40:00
22476,0 days 21:05:00
22477,0 days 04:50:00
22478,0 days 04:50:00
22481,0 days 10:35:00
22482,0 days 10:45:00
22483,0 days 09:45:00
22484,0 days 09:15:00
22487,0 days 02:20:00
22488,0 days 02:35:00
22497,0 days 09:20:00
22501,0 days 17:35:00
22502,0 days 17:35:00
22511,0 days 06:55:00
22512,0 days 05:15:00
22531,0 days 16:00:00
22532,0 days 16:05:00
22601,0 days 01:20:00
22602,0 days 01:15:00
22603,0 days 07:15:00
22604,0 days 07:45:00
22605,0 days 10:45:00
22606,0 days 11:25:00
22607,0 days 11:15:00
22608,0 days 11:10:00
22609,0 days 07:20:00
22610,0 days 07:10:00
22611,0 days 17:30:00
22612,0 days 17:45:00
22613,0 days 03:50:00
22614,0 days 04:05:00
22615,0 days 07:50:00
22616,0 days 07:40:00
22617,0 days 06:00:00
22618,0 days 05:50:00
22619,0 days 21:05:00
22620,0 days 20:20:00
22621,0 days 07:20:00
22622,0 days 07:20:00
22623,0 days 10:00:00
22624,0 days 10:05:00
22625,0 days 05:45:00
22626,0 days 06:00:00
22627,0 days 08:20:00
22628,0 days 08:20:00
22629,0 days 07:20:00
22630,0 days 07:50:00
22631,0 days 20:35:00
22632,0 days 19:20:00
22633,0 days 00:00:00
22634,0 days 03:05:00
22635,0 days 05:45:00
22636,0 days 05:45:00
22637,0 days 16:25:00
22638,0 days 16:20:00
22639,0 days 13:45:00
22640,0 days 13:45:00
22641,0 days 20:55:00
22642,0 days 21:40:00
22643,0 days 02:45:00
22644,0 days 02:15:00
22645,0 days 00:25:00
22646,0 days 23:00:00
22647,0 days 21:35:00
22648,0 days 21:15:00
22649,0 days 07:10:00
22650,0 days 07:05:00
22651,0 days 13:20:00
22652,0 days 13:15:00
22653,0 days 01:10:00
22654,0 days 04:15:00
22655,0 days 00:40:00
22656,0 days 04:15:00
22659,0 days 09:25:00
22660,0 days 09:25:00
22661,0 days 10:45:00
22662,0 days 10:50:00
22663,0 days 18:45:00
22664,0 days 18:50:00
22667,0 days 09:30:00
22668,0 days 09:20:00
22669,0 days 00:40:00
22670,0 days 00:40:00
22677,0 days 15:30:00
22678,0 days 15:25:00
22679,0 days 03:10:00
22680,0 days 03:10:00
22681,0 days 09:05:00
22682,0 days 08:50:00
22683,0 days 19:00:00
22684,0 days 19:00:00
22685,0 days 04:35:00
22686,0 days 02:55:00
22687,0 days 02:25:00
22688,0 days 02:15:00
22691,0 days 09:55:00
22692,0 days 09:55:00
22697,0 days 15:20:00
22698,0 days 15:20:00
22705,0 days 03:55:00
22706,0 days 05:55:00
22707,0 days 13:10:00
22708,0 days 13:10:00
22801,0 days 14:35:00
22803,0 days 10:45:00
22804,0 days 11:00:00
22805,0 days 08:05:00
22806,0 days 09:00:00
22807,0 days 03:45:00
22808,0 days 02:15:00
22809,0 days 09:20:00
22810,0 days 09:15:00
22811,0 days 23:00:00
22812,0 days 22:45:00
22813,0 days 07:15:00
22814,0 days 08:50:00
22815,0 days 13:20:00
22816,0 days 12:45:00
22817,0 days 11:35:00
22818,0 days 14:20:00
22819,0 days 07:20:00
22821,0 days 03:20:00
22822,0 days 03:15:00
22823,0 days 01:10:00
22824,0 days 00:20:00
22825,0 days 03:25:00
22826,0 days 05:05:00
22827,0 days 07:35:00
22828,0 days 07:40:00
22829,0 days 19:35:00
22830,0 days 20:13:00
22831,0 days 06:50:00
22832,0 days 07:10:00
22833,0 days 01:00:00
22834,0 days 01:45:00
22835,0 days 08:45:00
22836,0 days 08:55:00
22837,0 days 16:40:00
22838,0 days 16:40:00
22839,0 days 07:20:00
22840,0 days 07:30:00
22843,0 days 17:35:00
22844,0 days 17:30:00
22845,0 days 06:20:00
22846,0 days 06:45:00
22847,0 days 04:35:00
22848,0 days 05:05:00
22849,0 days 02:15:00
22850,0 days 03:25:00
22851,0 days 17:40:00
22852,0 days 19:00:00
22853,0 days 14:05:00
22854,0 days 15:15:00
22855,0 days 01:50:00
22856,0 days 02:30:00
22857,0 days 02:55:00
22858,0 days 03:10:00
22859,0 days 21:25:00
22860,0 days 22:30:00
22861,0 days 04:50:00
22862,0 days 05:10:00
22863,0 days 05:05:00
22864,0 days 05:15:00
22865,0 days 08:30:00
22866,0 days 08:05:00
22867,0 days 21:20:00
22868,0 days 22:05:00
22869,0 days 13:50:00
22870,0 days 13:15:00
22871,0 days 20:45:00
22872,0 days 21:20:00
22873,0 days 15:05:00
22874,0 days 15:35:00
22875,0 days 03:55:00
22876,0 days 03:55:00
22877,0 days 13:00:00
22878,0 days 14:25:00
22879,0 days 20:45:00
22880,0 days 21:20:00
22881,0 days 06:05:00
22882,0 days 06:40:00
22883,0 days 05:00:00
22884,0 days 07:00:00
22885,0 days 01:00:00
22886,0 days 01:50:00
22887,0 days 08:55:00
22888,0 days 08:35:00
22889,0 days 09:55:00
22890,0 days 09:40:00
22891,0 days 08:20:00
22892,0 days 08:20:00
22893,0 days 05:35:00
22894,0 days 05:25:00
22897,0 days 03:22:00
22898,0 days 03:22:00
22901,0 days 16:55:00
22902,0 days 16:40:00
22903,0 days 12:45:00
22904,0 days 13:15:00
22905,0 days 03:00:00
22906,0 days 03:40:00
22907,0 days 23:40:00
22908,0 days 01:15:00
22909,0 days 13:30:00
22910,0 days 13:20:00
22911,0 days 07:15:00
22912,0 days 07:50:00
22914,0 days 08:25:00
22915,0 days 00:30:00
22916,0 days 01:00:00
22917,0 days 04:05:00
22918,0 days 03:15:00
22919,0 days 07:05:00
22920,0 days 07:05:00
22925,0 days 01:30:00
22926,0 days 01:45:00
22927,0 days 08:40:00
22928,0 days 08:40:00
22929,0 days 04:10:00
22930,0 days 04:05:00
22931,0 days 22:15:00
22932,0 days 22:15:00
22933,0 days 18:55:00
22934,0 days 18:50:00
22935,0 days 14:05:00
22936,0 days 14:15:00
22937,0 days 03:15:00
22938,0 days 04:20:00
22939,0 days 06:25:00
22940,0 days 06:40:00
22941,0 days 01:30:00
22942,0 days 00:15:00
22943,0 days 16:55:00
22944,0 days 17:30:00
22945,0 days 18:00:00
22946,0 days 18:00:00
22949,0 days 00:25:00
22951,0 days 15:35:00
22952,0 days 15:35:00
22953,0 days 08:55:00
22954,0 days 08:55:00
22955,0 days 15:05:00
22956,0 days 15:10:00
22957,0 days 07:50:00
22959,0 days 10:10:00
22960,0 days 10:05:00
22961,0 days 09:45:00
22962,0 days 09:55:00
22963,0 days 13:55:00
22964,0 days 14:05:00
22965,0 days 16:55:00
22966,0 days 17:05:00
22967,0 days 02:40:00
22968,0 days 03:05:00
22969,0 days 13:05:00
22970,0 days 10:55:00
22971,0 days 09:30:00
22972,0 days 08:23:00
22973,0 days 20:00:00
22974,0 days 20:10:00
22981,0 days 16:40:00
22982,0 days 16:10:00
22983,0 days 07:45:00
22989,0 days 15:35:00
22990,0 days 15:45:00
22991,0 days 15:50:00
22992,0 days 16:30:00
22993,0 days 15:45:00
22994,0 days 16:00:00
22995,0 days 03:30:00
22996,0 days 03:10:00
23141,0 days 00:50:00
23142,0 days 00:45:00
23225,0 days 03:10:00
23226,0 days 03:40:00
23345,0 days 02:25:00
23346,0 days 01:55:00
23347,0 days 06:00:00
23348,0 days 05:40:00
24041,0 days 00:50:00
24042,0 days 00:55:00
24227,0 days 06:50:00
24228,0 days 07:30:00
24369,0 days 20:40:00
24370,0 days 20:00:00
24887,0 days 03:30:00
24888,0 days 04:20:00
25013,0 days 02:30:00
25014,0 days 02:05:00
25035,0 days 01:30:00
25036,0 days 01:55:00
25201,0 days 01:35:00
25202,0 days 01:15:00
25631,0 days 03:10:00
25632,0 days 03:50:00
25657,0 days 09:40:00
25658,0 days 08:55:00
28181,0 days 04:55:00
28182,0 days 04:30:00
29019,0 days 04:40:00
29020,0 days 04:55:00
30111,0 days 02:04:00
30112,0 days 01:47:00
30116,0 days 00:51:00
30121,0 days 01:56:00
30122,0 days 02:13:00
30123,0 days 01:39:00
30128,0 days 02:27:00
30135,0 days 02:41:00
30142,0 days 03:13:00
30145,0 days 02:37:00
30152,0 days 01:41:00
30154,0 days 01:35:00
30211,0 days 00:29:00
30311,0 days 01:15:00
30312,0 days 01:32:00
30313,0 days 01:28:00
30314,0 days 01:32:00
30317,0 days 01:49:00
30321,0 days 03:07:00
30322,0 days 02:23:00
30324,0 days 03:04:00
30331,0 days 02:04:00
30332,0 days 02:14:00
30333,0 days 02:02:00
30342,0 days 02:37:00
30344,0 days 02:38:00
30346,0 days 02:45:00
30351,0 days 01:20:00
30353,0 days 01:28:00
30357,0 days 01:29:00
30358,0 days 01:12:00
30361,0 days 02:40:00
30411,0 days 01:20:00
30412,0 days 01:03:00
30413,0 days 01:25:00
30414,0 days 01:01:00
30416,0 days 01:01:00
30451,0 days 01:06:00
30452,0 days 01:30:00
30511,0 days 01:06:00
30552,0 days 01:36:00
30612,0 days 02:23:00
30711,0 days 01:57:00
30712,0 days 02:06:00
31051,0 days 02:05:00
31053,0 days 02:01:00
31055,0 days 02:08:00
31111,0 days 03:34:00
31112,0 days 03:40:00
31151,0 days 02:48:00
31152,0 days 03:00:00
31191,0 days 00:30:00
31192,0 days 00:24:00
31211,0 days 00:40:00
31212,0 days 00:43:00
31213,0 days 00:37:00
31214,0 days 00:40:00
31215,0 days 00:37:00
31216,0 days 00:43:00
31217,0 days 00:41:00
31218,0 days 00:42:00
31219,0 days 00:38:00
31220,0 days 00:45:00
31221,0 days 00:40:00
31222,0 days 00:43:00
31223,0 days 00:38:00
31224,0 days 00:41:00
31225,0 days 00:40:00
31226,0 days 00:40:00
31227,0 days 00:40:00
31228,0 days 00:42:00
31229,0 days 00:40:00
31230,0 days 00:42:00
31231,0 days 00:40:00
31232,0 days 00:38:00
31233,0 days 00:40:00
31234,0 days 00:40:00
31235,0 days 00:40:00
31236,0 days 00:40:00
31237,0 days 00:42:00
31238,0 days 00:40:00
31239,0 days 00:42:00
31240,0 days 00:40:00
31241,0 days 00:39:00
31261,0 days 00:36:00
31311,0 days 01:31:00
31312,0 days 01:28:00
31313,0 days 01:30:00
31314,0 days 01:28:00
31315,0 days 01:28:00
31316,0 days 01:30:00
31317,0 days 01:30:00
31318,0 days 01:30:00
31319,0 days 01:30:00
31320,0 days 01:23:00
31321,0 days 01:32:00
31322,0 days 01:48:00
31323,0 days 01:30:00
31324,0 days 01:29:00
31325,0 days 01:33:00
31326,0 days 01:30:00
31327,0 days 01:32:00
31328,0 days 01:28:00
31329,0 days 01:30:00
31330,0 days 01:30:00
31331,0 days 01:31:00
31332,0 days 01:28:00
31333,0 days 01:30:00
31334,0 days 01:30:00
31335,0 days 01:34:00
31336,0 days 01:31:00
31337,0 days 01:24:00
31338,0 days 01:30:00
31339,0 days 01:33:00
31411,0 days 01:00:00
31412,0 days 01:05:00
31413,0 days 01:04:00
31414,0 days 01:05:00
31415,0 days 01:03:00
31416,0 days 01:06:00
31417,0 days 01:02:00
31418,0 days 01:08:00
31420,0 days 01:03:00
31421,0 days 01:03:00
31422,0 days 01:03:00
31423,0 days 01:03:00
31424,0 days 01:05:00
31425,0 days 01:05:00
31426,0 days 01:05:00
31427,0 days 01:05:00
31428,0 days 01:04:00
31429,0 days 01:05:00
31430,0 days 01:05:00
31431,0 days 01:05:00
31432,0 days 01:02:00
31433,0 days 01:06:00
31434,0 days 01:05:00
31435,0 days 01:05:00
31436,0 days 01:03:00
31437,0 days 01:05:00
31438,0 days 01:04:00
31439,0 days 01:04:00
31440,0 days 01:01:00
31441,0 days 01:03:00
31442,0 days 01:05:00
31443,0 days 01:03:00
31444,0 days 01:05:00
31445,0 days 01:05:00
31446,0 days 01:03:00
31447,0 days 01:05:00
31448,0 days 01:04:00
31449,0 days 01:03:00
31450,0 days 01:05:00
31451,0 days 01:03:00
31471,0 days 00:57:00
31511,0 days 02:20:00
31512,0 days 02:18:00
31513,0 days 02:15:00
31514,0 days 02:19:00
31515,0 days 02:17:00
31516,0 days 02:15:00
31517,0 days 02:18:00
31518,0 days 02:12:00
31519,0 days 02:18:00
31520,0 days 02:15:00
31521,0 days 02:23:00
31522,0 days 02:17:00
31523,0 days 02:20:00
31524,0 days 02:12:00
31525,0 days 02:18:00
31526,0 days 02:20:00
31527,0 days 02:20:00
31528,0 days 02:13:00
31529,0 days 02:21:00
31530,0 days 02:15:00
31531,0 days 02:08:00
31532,0 days 02:15:00
31533,0 days 02:20:00
31534,0 days 02:17:00
31535,0 days 02:20:00
31536,0 days 02:13:00
31537,0 days 02:18:00
31538,0 days 02:20:00
31539,0 days 02:15:00
31540,0 days 02:20:00
31541,0 days 02:15:00
31542,0 days 02:13:00
31571,0 days 01:05:00
31584,0 days 00:38:00
31585,0 days 00:38:00
31586,0 days 00:37:00
31601,0 days 01:48:00
31602,0 days 01:41:00
31611,0 days 01:50:00
31612,0 days 01:45:00
31613,0 days 01:48:00
31614,0 days 01:45:00
31615,0 days 01:50:00
31616,0 days 01:50:00
31617,0 days 01:48:00
31618,0 days 01:40:00
31619,0 days 01:38:00
31620,0 days 01:43:00
31621,0 days 01:52:00
31622,0 days 01:46:00
31623,0 days 01:48:00
31624,0 days 01:46:00
31625,0 days 01:47:00
31626,0 days 01:32:00
31627,0 days 01:50:00
31628,0 days 01:45:00
31629,0 days 01:48:00
31630,0 days 01:48:00
31631,0 days 01:48:00
31632,0 days 01:50:00
31633,0 days 01:48:00
31634,0 days 01:47:00
31636,0 days 01:48:00
31711,0 days 00:42:00
31712,0 days 00:42:00
31713,0 days 00:40:00
31714,0 days 00:40:00
31721,0 days 00:29:00
31722,0 days 00:34:00
31723,0 days 00:33:00
31724,0 days 00:31:00
31725,0 days 00:30:00
31726,0 days 00:33:00
31741,0 days 00:50:00
31742,0 days 00:50:00
31743,0 days 00:47:00
31744,0 days 00:50:00
31745,0 days 00:50:00
31746,0 days 00:53:00
31747,0 days 00:50:00
31748,0 days 00:53:00
31749,0 days 00:54:00
31750,0 days 00:50:00
31751,0 days 00:50:00
31752,0 days 00:50:00
31753,0 days 00:50:00
31754,0 days 00:50:00
31755,0 days 00:50:00
31756,0 days 00:50:00
31757,0 days 00:50:00
31758,0 days 00:49:00
31765,0 days 03:15:00
31766,0 days 03:20:00
31767,0 days 03:15:00
31768,0 days 03:30:00
31770,0 days 03:40:00
31771,0 days 03:15:00
31772,0 days 03:33:00
31781,0 days 00:27:00
31782,0 days 00:27:00
31783,0 days 00:27:00
31784,0 days 00:29:00
31786,0 days 00:28:00
31801,0 days 02:24:00
31802,0 days 02:18:00
31811,0 days 02:28:00
31812,0 days 02:25:00
31813,0 days 02:22:00
31814,0 days 02:12:00
31815,0 days 02:24:00
31816,0 days 02:20:00
31817,0 days 02:27:00
31818,0 days 02:18:00
31819,0 days 02:15:00
31820,0 days 02:20:00
31821,0 days 02:23:00
31822,0 days 02:20:00
31823,0 days 02:21:00
31824,0 days 02:18:00
31825,0 days 02:20:00
31826,0 days 02:10:00
31827,0 days 02:25:00
31828,0 days 02:17:00
31829,0 days 02:20:00
31830,0 days 02:18:00
31831,0 days 02:13:00
31832,0 days 02:26:00
31833,0 days 02:17:00
31834,0 days 02:19:00
31835,0 days 02:22:00
31836,0 days 02:25:00
31837,0 days 02:22:00
31838,0 days 02:23:00
31839,0 days 02:12:00
31840,0 days 02:30:00
31841,0 days 02:07:00
31842,0 days 02:15:00
31843,0 days 02:10:00
31844,0 days 01:58:00
31861,0 days 02:42:00
31862,0 days 03:00:00
31863,0 days 02:40:00
31864,0 days 02:45:00
31865,0 days 02:30:00
31866,0 days 02:42:00
31911,0 days 02:42:00
31912,0 days 02:35:00
31913,0 days 02:48:00
31914,0 days 02:32:00
31915,0 days 02:41:00
31916,0 days 02:40:00
31917,0 days 02:55:00
31918,0 days 02:38:00
31919,0 days 02:41:00
31920,0 days 02:34:00
31921,0 days 02:43:00
31922,0 days 02:55:00
31923,0 days 02:44:00
31924,0 days 02:37:00
31925,0 days 02:37:00
31926,0 days 02:41:00
31927,0 days 02:43:00
31928,0 days 02:37:00
31929,0 days 02:41:00
32211,0 days 00:43:00
32212,0 days 00:45:00
32213,0 days 00:47:00
32214,0 days 00:43:00
32215,0 days 00:43:00
32216,0 days 00:43:00
32217,0 days 00:47:00
32218,0 days 00:44:00
32219,0 days 00:43:00
32220,0 days 00:47:00
32221,0 days 00:43:00
32222,0 days 00:44:00
32223,0 days 00:44:00
32224,0 days 00:45:00
32225,0 days 00:43:00
32226,0 days 00:45:00
32227,0 days 00:42:00
32228,0 days 00:47:00
32229,0 days 00:47:00
32230,0 days 00:45:00
32231,0 days 00:45:00
32232,0 days 00:44:00
32233,0 days 00:45:00
32234,0 days 00:55:00
32235,0 days 00:42:00
32236,0 days 00:43:00
32237,0 days 00:44:00
32238,0 days 00:42:00
32239,0 days 00:40:00
32240,0 days 00:45:00
32241,0 days 00:45:00
32242,0 days 00:45:00
32243,0 days 00:43:00
32244,0 days 00:45:00
32245,0 days 00:45:00
32246,0 days 00:43:00
32247,0 days 00:43:00
32248,0 days 00:48:00
32249,0 days 00:45:00
32250,0 days 00:48:00
32252,0 days 00:43:00
32411,0 days 01:00:00
32412,0 days 01:07:00
32413,0 days 01:10:00
32414,0 days 01:00:00
33061,0 days 02:12:00
33212,0 days 00:17:00
33231,0 days 00:25:00
33232,0 days 00:25:00
33262,0 days 00:28:00
33271,0 days 01:20:00
33282,0 days 01:50:00
33291,0 days 00:28:00
33311,0 days 01:30:00
33312,0 days 01:22:00
33313,0 days 01:25:00
33314,0 days 01:18:00
33315,0 days 01:20:00
33316,0 days 01:24:00
33317,0 days 01:25:00
33318,0 days 01:16:00
33319,0 days 01:22:00
33320,0 days 01:20:00
33321,0 days 01:23:00
33323,0 days 01:19:00
33325,0 days 01:25:00
33351,0 days 00:33:00
33357,0 days 00:13:00
33361,0 days 01:10:00
33362,0 days 01:05:00
33363,0 days 01:05:00
33364,0 days 01:14:00
33365,0 days 01:05:00
33366,0 days 01:10:00
33367,0 days 01:08:00
33382,0 days 00:48:00
33401,0 days 00:45:00
33402,0 days 00:45:00
33411,0 days 00:21:00
33412,0 days 00:22:00
33421,0 days 00:40:00
33422,0 days 00:43:00
33431,0 days 00:47:00
33432,0 days 00:49:00
33433,0 days 00:46:00
33434,0 days 00:47:00
33435,0 days 00:50:00
33436,0 days 00:47:00
33437,0 days 00:48:00
33438,0 days 00:45:00
33439,0 days 00:46:00
33440,0 days 00:45:00
33441,0 days 00:44:00
33443,0 days 00:46:00
33445,0 days 00:44:00
33447,0 days 00:45:00
33511,0 days 02:10:00
33512,0 days 02:27:00
33513,0 days 02:06:00
33514,0 days 02:07:00
33515,0 days 02:15:00
33516,0 days 02:09:00
33517,0 days 02:10:00
33518,0 days 02:10:00
33519,0 days 02:12:00
33520,0 days 02:13:00
33521,0 days 02:03:00
33522,0 days 02:08:00
33523,0 days 02:05:00
33524,0 days 02:05:00
33525,0 days 02:21:00
33526,0 days 02:03:00
33527,0 days 02:16:00
33528,0 days 02:05:00
33529,0 days 02:05:00
33530,0 days 02:18:00
33531,0 days 02:05:00
33532,0 days 02:15:00
33533,0 days 02:11:00
33534,0 days 02:05:00
33536,0 days 02:17:00
33538,0 days 02:09:00
33611,0 days 01:02:00
33612,0 days 00:58:00
33613,0 days 01:00:00
33614,0 days 01:00:00
33615,0 days 01:00:00
33616,0 days 01:00:00
33617,0 days 01:00:00
33618,0 days 01:00:00
33619,0 days 01:01:00
33620,0 days 01:02:00
33621,0 days 00:59:00
33622,0 days 00:55:00
33623,0 days 01:02:00
33624,0 days 00:57:00
33626,0 days 01:00:00
33628,0 days 01:00:00
33630,0 days 00:58:00
33651,0 days 01:18:00
33652,0 days 01:20:00
33653,0 days 01:20:00
33654,0 days 01:20:00
33655,0 days 01:17:00
33656,0 days 01:16:00
33657,0 days 01:18:00
33658,0 days 01:20:00
33659,0 days 01:18:00
33660,0 days 01:17:00
33664,0 days 01:15:00
33666,0 days 01:22:00
33681,0 days 01:37:00
33682,0 days 01:33:00
33685,0 days 01:34:00
33686,0 days 01:34:00
33687,0 days 01:35:00
33688,0 days 01:40:00
33711,0 days 00:43:00
33712,0 days 00:46:00
33713,0 days 00:46:00
33714,0 days 00:45:00
33715,0 days 00:48:00
33716,0 days 00:45:00
33717,0 days 00:41:00
33718,0 days 00:46:00
33719,0 days 00:41:00
33720,0 days 00:45:00
33721,0 days 00:44:00
33722,0 days 00:40:00
33723,0 days 00:45:00
33724,0 days 00:45:00
33725,0 days 00:45:00
33726,0 days 00:42:00
33727,0 days 00:45:00
33728,0 days 00:43:00
33729,0 days 00:46:00
33730,0 days 00:42:00
33731,0 days 00:45:00
33732,0 days 00:42:00
33733,0 days 00:42:00
33734,0 days 00:41:00
33735,0 days 00:46:00
33736,0 days 00:43:00
33737,0 days 00:45:00
33738,0 days 00:43:00
33739,0 days 00:46:00
33751,0 days 01:09:00
33752,0 days 01:12:00
33801,0 days 01:56:00
33802,0 days 02:00:00
33811,0 days 01:47:00
33812,0 days 02:07:00
33813,0 days 01:53:00
33814,0 days 01:52:00
33815,0 days 01:55:00
33816,0 days 01:50:00
33817,0 days 01:49:00
33818,0 days 01:56:00
33819,0 days 02:00:00
33820,0 days 01:50:00
33821,0 days 01:55:00
33822,0 days 01:58:00
33823,0 days 01:55:00
33824,0 days 01:57:00
33825,0 days 01:55:00
33826,0 days 01:58:00
33827,0 days 01:57:00
33828,0 days 02:00:00
33829,0 days 01:53:00
33830,0 days 02:02:00
33831,0 days 01:53:00
33832,0 days 02:28:00
33833,0 days 01:55:00
33834,0 days 01:58:00
33835,0 days 01:55:00
33836,0 days 01:53:00
33837,0 days 01:55:00
33838,0 days 01:53:00
33839,0 days 01:53:00
33840,0 days 01:58:00
33841,0 days 01:55:00
33842,0 days 01:55:00
33843,0 days 02:00:00
33844,0 days 02:00:00
33845,0 days 01:54:00
33846,0 days 01:57:00
33847,0 days 01:55:00
33848,0 days 01:56:00
33849,0 days 02:00:00
33850,0 days 01:57:00
33851,0 days 01:55:00
33852,0 days 02:00:00
33853,0 days 01:53:00
33854,0 days 01:55:00
33855,0 days 01:55:00
33856,0 days 01:55:00
33857,0 days 01:53:00
33858,0 days 01:50:00
33859,0 days 01:52:00
33860,0 days 01:57:00
33861,0 days 01:55:00
33863,0 days 02:00:00
33895,0 days 01:30:00
33896,0 days 01:35:00
34052,0 days 02:00:00
34054,0 days 02:04:00
34056,0 days 02:33:00
34062,0 days 03:27:00
34111,0 days 00:50:00
34112,0 days 00:50:00
34113,0 days 00:57:00
34114,0 days 00:54:00
34115,0 days 00:55:00
34116,0 days 00:53:00
34117,0 days 00:57:00
34118,0 days 00:53:00
34119,0 days 00:55:00
34120,0 days 00:55:00
34121,0 days 00:53:00
34122,0 days 00:48:00
34123,0 days 00:55:00
34124,0 days 00:51:00
34125,0 days 00:52:00
34126,0 days 00:53:00
34127,0 days 00:55:00
34128,0 days 00:55:00
34129,0 days 00:57:00
34130,0 days 00:54:00
34131,0 days 01:04:00
34132,0 days 00:55:00
34133,0 days 00:54:00
34134,0 days 00:53:00
34135,0 days 00:55:00
34136,0 days 00:53:00
34137,0 days 00:50:00
34138,0 days 00:52:00
34139,0 days 00:52:00
34140,0 days 00:55:00
34141,0 days 00:54:00
34142,0 days 00:52:00
34143,0 days 00:53:00
34144,0 days 00:51:00
34145,0 days 00:49:00
34146,0 days 00:54:00
34147,0 days 00:50:00
34148,0 days 00:52:00
34149,0 days 00:51:00
34150,0 days 00:56:00
34151,0 days 00:55:00
34152,0 days 00:55:00
34153,0 days 00:54:00
34154,0 days 00:55:00
34155,0 days 00:52:00
34156,0 days 00:55:00
34157,0 days 00:54:00
34158,0 days 00:52:00
34159,0 days 00:55:00
34160,0 days 00:55:00
34161,0 days 00:48:00
34162,0 days 00:53:00
34163,0 days 00:52:00
34164,0 days 00:53:00
34165,0 days 00:48:00
34166,0 days 00:48:00
34311,0 days 00:15:00
34312,0 days 00:15:00
34313,0 days 00:15:00
34331,0 days 00:52:00
34332,0 days 00:55:00
34334,0 days 00:55:00
34351,0 days 00:46:00
34352,0 days 00:42:00
34353,0 days 00:43:00
34354,0 days 00:42:00
34355,0 days 00:37:00
34356,0 days 00:41:00
34358,0 days 00:40:00
34360,0 days 00:42:00
34411,0 days 00:32:00
34412,0 days 00:28:00
34413,0 days 00:34:00
34414,0 days 00:32:00
34415,0 days 00:33:00
34416,0 days 00:32:00
34417,0 days 00:32:00
34418,0 days 00:31:00
34419,0 days 00:33:00
34420,0 days 00:32:00
34421,0 days 00:32:00
34422,0 days 00:32:00
34423,0 days 00:32:00
34424,0 days 00:32:00
34425,0 days 00:33:00
34426,0 days 00:29:00
34427,0 days 00:35:00
34428,0 days 00:31:00
34429,0 days 00:33:00
34430,0 days 00:33:00
34431,0 days 00:33:00
34432,0 days 00:29:00
34434,0 days 00:30:00
34436,0 days 00:30:00
34501,0 days 01:15:00
34502,0 days 01:15:00
34511,0 days 01:20:00
34512,0 days 01:12:00
34513,0 days 01:15:00
34514,0 days 01:14:00
34515,0 days 01:18:00
34516,0 days 01:14:00
34517,0 days 01:17:00
34518,0 days 01:16:00
34519,0 days 01:20:00
34520,0 days 01:15:00
34521,0 days 01:14:00
34522,0 days 01:16:00
34523,0 days 01:15:00
34524,0 days 01:15:00
34525,0 days 01:14:00
34526,0 days 01:15:00
34527,0 days 01:15:00
34528,0 days 01:15:00
34529,0 days 01:15:00
34530,0 days 01:13:00
34531,0 days 01:18:00
34532,0 days 01:16:00
34533,0 days 01:30:00
34534,0 days 01:17:00
34535,0 days 01:17:00
34536,0 days 01:15:00
34537,0 days 01:12:00
34538,0 days 01:15:00
34539,0 days 01:17:00
34540,0 days 01:15:00
34541,0 days 01:16:00
34542,0 days 01:14:00
34543,0 days 01:17:00
34544,0 days 01:14:00
34545,0 days 01:17:00
34546,0 days 01:15:00
34547,0 days 01:17:00
34548,0 days 01:14:00
34549,0 days 01:14:00
34550,0 days 01:21:00
34551,0 days 01:15:00
34552,0 days 01:14:00
34553,0 days 01:15:00
34554,0 days 01:12:00
34555,0 days 01:15:00
34557,0 days 01:16:00
34601,0 days 00:45:00
34602,0 days 00:42:00
34611,0 days 00:47:00
34612,0 days 00:42:00
34613,0 days 00:47:00
34614,0 days 00:42:00
34615,0 days 00:47:00
34616,0 days 00:45:00
34617,0 days 00:47:00
34618,0 days 00:42:00
34619,0 days 00:46:00
34620,0 days 00:44:00
34621,0 days 00:45:00
34622,0 days 00:45:00
34623,0 days 00:46:00
34624,0 days 00:45:00
34625,0 days 00:48:00
34626,0 days 00:42:00
34627,0 days 00:47:00
34628,0 days 00:44:00
34629,0 days 00:47:00
34630,0 days 00:45:00
34631,0 days 00:47:00
34632,0 days 00:44:00
34633,0 days 00:47:00
34634,0 days 00:45:00
34635,0 days 00:47:00
34636,0 days 00:45:00
34637,0 days 00:47:00
34638,0 days 00:44:00
34639,0 days 00:47:00
34640,0 days 00:44:00
34641,0 days 00:46:00
34642,0 days 00:45:00
34643,0 days 00:48:00
34644,0 days 00:44:00
34645,0 days 00:45:00
34646,0 days 00:45:00
34647,0 days 00:47:00
34648,0 days 00:45:00
34711,0 days 01:50:00
34712,0 days 01:36:00
34713,0 days 01:45:00
34714,0 days 01:40:00
34715,0 days 01:43:00
34716,0 days 01:40:00
34717,0 days 01:36:00
34718,0 days 01:38:00
34719,0 days 01:39:00
34720,0 days 01:42:00
34721,0 days 01:40:00
34722,0 days 01:42:00
34723,0 days 01:42:00
34724,0 days 01:42:00
34725,0 days 01:42:00
34726,0 days 01:40:00
34727,0 days 01:42:00
34728,0 days 01:40:00
34729,0 days 01:37:00
34730,0 days 01:40:00
34731,0 days 01:45:00
34732,0 days 01:40:00
34733,0 days 01:50:00
34734,0 days 01:42:00
34735,0 days 01:40:00
34736,0 days 01:44:00
34737,0 days 01:39:00
34738,0 days 01:42:00
34739,0 days 01:38:00
34740,0 days 01:42:00
34741,0 days 01:41:00
34742,0 days 01:43:00
34743,0 days 01:45:00
34744,0 days 01:39:00
34745,0 days 01:39:00
34746,0 days 01:40:00
34747,0 days 01:39:00
34748,0 days 01:40:00
34749,0 days 01:39:00
34750,0 days 01:40:00
34751,0 days 01:43:00
34752,0 days 01:40:00
34753,0 days 01:40:00
34754,0 days 01:38:00
34755,0 days 01:45:00
34757,0 days 01:42:00
34782,0 days 02:26:00
34791,0 days 02:42:00
34792,0 days 02:42:00
34793,0 days 02:45:00
34794,0 days 02:45:00
34811,0 days 01:45:00
34812,0 days 01:26:00
34813,0 days 01:35:00
34814,0 days 01:35:00
34815,0 days 01:34:00
34816,0 days 01:35:00
34817,0 days 01:38:00
34818,0 days 01:40:00
34819,0 days 01:44:00
34820,0 days 01:40:00
34821,0 days 01:38:00
34822,0 days 01:35:00
34823,0 days 01:43:00
34824,0 days 01:40:00
34825,0 days 01:40:00
34826,0 days 01:38:00
34827,0 days 01:37:00
34828,0 days 01:38:00
34829,0 days 01:31:00
34830,0 days 01:39:00
34831,0 days 01:37:00
34832,0 days 01:38:00
34833,0 days 01:38:00
34834,0 days 01:40:00
34835,0 days 01:43:00
34836,0 days 01:39:00
34837,0 days 01:38:00
34838,0 days 01:40:00
34839,0 days 02:00:00
34840,0 days 01:40:00
34841,0 days 01:40:00
34842,0 days 01:37:00
34843,0 days 01:38:00
34844,0 days 01:38:00
34845,0 days 01:40:00
34846,0 days 01:38:00
34847,0 days 01:38:00
34848,0 days 01:35:00
34849,0 days 01:38:00
34850,0 days 01:38:00
34851,0 days 01:37:00
34852,0 days 01:40:00
34853,0 days 01:40:00
34854,0 days 01:37:00
34855,0 days 01:39:00
34856,0 days 01:35:00
34857,0 days 01:35:00
34858,0 days 01:30:00
34859,0 days 01:38:00
34860,0 days 01:40:00
34881,0 days 01:05:00
34882,0 days 01:05:00
34891,0 days 00:52:00
34892,0 days 00:53:00
34898,0 days 01:05:00
34899,0 days 01:10:00
34911,0 days 01:05:00
34912,0 days 00:57:00
34913,0 days 01:00:00
34914,0 days 01:05:00
34915,0 days 01:05:00
34916,0 days 01:02:00
34917,0 days 00:56:00
34918,0 days 00:59:00
34919,0 days 00:58:00
34920,0 days 00:58:00
34921,0 days 01:02:00
34922,0 days 00:58:00
34923,0 days 01:00:00
34924,0 days 01:00:00
34925,0 days 01:00:00
34926,0 days 01:02:00
34927,0 days 00:58:00
34928,0 days 01:02:00
34929,0 days 01:02:00
34930,0 days 00:59:00
34931,0 days 01:02:00
34932,0 days 01:01:00
34933,0 days 01:01:00
34934,0 days 01:00:00
34981,0 days 00:46:00
35011,0 days 00:35:00
35012,0 days 00:35:00
35013,0 days 00:35:00
35014,0 days 00:35:00
35015,0 days 00:35:00
35016,0 days 00:35:00
35017,0 days 01:10:00
35018,0 days 01:10:00
35019,0 days 00:35:00
35020,0 days 00:35:00
35021,0 days 00:35:00
35022,0 days 00:35:00
36011,0 days 00:40:00
36012,0 days 00:41:00
36031,0 days 00:59:00
36032,0 days 01:08:00
36033,0 days 00:58:00
36034,0 days 01:05:00
36035,0 days 01:02:00
36036,0 days 01:00:00
36037,0 days 00:59:00
36038,0 days 01:02:00
36071,0 days 01:25:00
36072,0 days 01:25:00
36081,0 days 01:56:00
36082,0 days 01:39:00
36083,0 days 01:45:00
36084,0 days 01:48:00
36085,0 days 01:45:00
36086,0 days 01:40:00
36087,0 days 01:47:00
36088,0 days 01:36:00
36811,0 days 02:05:00
36812,0 days 02:30:00
36813,0 days 02:05:00
36814,0 days 02:15:00
36815,0 days 02:08:00
36816,0 days 02:08:00
36817,0 days 02:08:00
36818,0 days 02:05:00
36819,0 days 02:15:00
36820,0 days 02:05:00
36821,0 days 02:20:00
36822,0 days 02:09:00
36823,0 days 02:05:00
36824,0 days 02:03:00
36825,0 days 02:16:00
36826,0 days 02:02:00
36827,0 days 02:10:00
36828,0 days 02:05:00
36829,0 days 02:13:00
36830,0 days 01:30:00
36831,0 days 02:05:00
36832,0 days 02:02:00
36833,0 days 02:05:00
36834,0 days 02:05:00
36835,0 days 01:28:00
36836,0 days 02:05:00
36837,0 days 02:07:00
36838,0 days 02:30:00
36839,0 days 02:10:00
36840,0 days 02:15:00
36841,0 days 02:10:00
36842,0 days 02:00:00
36843,0 days 02:14:00
36844,0 days 02:05:00
36845,0 days 02:13:00
36846,0 days 02:05:00
36847,0 days 02:14:00
36848,0 days 02:05:00
36849,0 days 02:12:00
36850,0 days 02:02:00
36851,0 days 02:21:00
36852,0 days 02:20:00
36853,0 days 02:10:00
36854,0 days 02:05:00
36855,0 days 02:10:00
36856,0 days 02:05:00
36858,0 days 02:02:00
36860,0 days 02:03:00
37011,0 days 00:31:00
37012,0 days 00:35:00
37013,0 days 00:33:00
37014,0 days 00:36:00
37017,0 days 00:32:00
37018,0 days 00:38:00
37019,0 days 00:32:00
37020,0 days 00:35:00
37021,0 days 00:34:00
37022,0 days 00:36:00
37041,0 days 00:38:00
37042,0 days 00:40:00
37043,0 days 00:38:00
37044,0 days 00:39:00
37045,0 days 00:40:00
37046,0 days 00:40:00
37047,0 days 00:38:00
37048,0 days 00:41:00
37049,0 days 00:37:00
37050,0 days 00:38:00
37053,0 days 00:37:00
37054,0 days 00:42:00
37055,0 days 00:35:00
37056,0 days 00:50:00
37057,0 days 00:38:00
37058,0 days 00:43:00
37060,0 days 00:44:00
37061,0 days 00:37:00
37062,0 days 00:42:00
37063,0 days 00:42:00
37064,0 days 00:42:00
37065,0 days 00:38:00
37066,0 days 00:43:00
37067,0 days 00:38:00
37068,0 days 00:40:00
37111,0 days 00:25:00
37112,0 days 00:25:00
37113,0 days 00:25:00
37114,0 days 00:27:00
37115,0 days 00:22:00
37116,0 days 00:25:00
37117,0 days 00:25:00
37118,0 days 00:25:00
37119,0 days 00:26:00
37120,0 days 00:25:00
37121,0 days 00:30:00
37122,0 days 00:25:00
37201,0 days 01:00:00
37202,0 days 01:03:00
37211,0 days 00:58:00
37212,0 days 01:01:00
37213,0 days 00:59:00
37214,0 days 01:00:00
37215,0 days 01:01:00
37216,0 days 01:05:00
37217,0 days 01:00:00
37218,0 days 01:02:00
37219,0 days 01:05:00
37220,0 days 01:05:00
37221,0 days 01:00:00
37222,0 days 01:05:00
37223,0 days 01:00:00
37224,0 days 01:04:00
37225,0 days 01:00:00
37226,0 days 01:03:00
37227,0 days 01:00:00
37228,0 days 01:00:00
37229,0 days 01:00:00
37230,0 days 01:02:00
37231,0 days 01:00:00
37232,0 days 01:03:00
37233,0 days 00:58:00
37234,0 days 01:01:00
37235,0 days 00:59:00
37236,0 days 01:02:00
37237,0 days 01:00:00
37238,0 days 01:02:00
37239,0 days 01:03:00
37240,0 days 01:05:00
37241,0 days 01:00:00
37242,0 days 01:03:00
37243,0 days 01:00:00
37244,0 days 01:05:00
37245,0 days 01:00:00
37246,0 days 01:17:00
37247,0 days 00:58:00
37248,0 days 01:05:00
37249,0 days 00:59:00
37250,0 days 01:00:00
37251,0 days 00:57:00
37252,0 days 01:04:00
37253,0 days 01:00:00
37254,0 days 01:07:00
37255,0 days 01:05:00
37256,0 days 01:00:00
37257,0 days 01:00:00
37258,0 days 01:03:00
37259,0 days 01:04:00
37260,0 days 01:03:00
37261,0 days 01:00:00
37262,0 days 01:02:00
37263,0 days 01:01:00
37264,0 days 01:02:00
37265,0 days 00:59:00
37266,0 days 01:00:00
37267,0 days 01:00:00
37268,0 days 01:00:00
37269,0 days 01:00:00
37270,0 days 01:05:00
37271,0 days 00:58:00
37272,0 days 01:02:00
37273,0 days 01:00:00
37274,0 days 01:05:00
37275,0 days 01:00:00
37276,0 days 01:06:00
37277,0 days 00:59:00
37278,0 days 01:03:00
37279,0 days 01:00:00
37280,0 days 01:02:00
37281,0 days 01:00:00
37282,0 days 01:00:00
37283,0 days 01:00:00
37284,0 days 01:05:00
37285,0 days 01:00:00
37286,0 days 01:02:00
37287,0 days 00:58:00
37288,0 days 01:03:00
37289,0 days 01:05:00
37290,0 days 01:00:00
37291,0 days 01:00:00
37303,0 days 00:58:00
37304,0 days 00:57:00
37305,0 days 01:02:00
37306,0 days 01:05:00
37307,0 days 01:10:00
37308,0 days 01:18:00
37311,0 days 01:30:00
37312,0 days 01:30:00
37313,0 days 01:33:00
37314,0 days 01:30:00
37315,0 days 01:30:00
37316,0 days 01:30:00
37317,0 days 01:27:00
37318,0 days 01:35:00
37319,0 days 01:28:00
37320,0 days 01:35:00
37321,0 days 01:30:00
37322,0 days 01:29:00
37323,0 days 01:29:00
37324,0 days 01:30:00
37325,0 days 01:30:00
37326,0 days 01:33:00
37327,0 days 01:25:00
37328,0 days 01:32:00
37329,0 days 01:30:00
37330,0 days 01:35:00
37331,0 days 01:35:00
37332,0 days 01:32:00
37333,0 days 01:30:00
37334,0 days 01:35:00
37335,0 days 01:33:00
37336,0 days 01:32:00
37337,0 days 01:30:00
37338,0 days 01:30:00
37339,0 days 01:33:00
37340,0 days 01:25:00
37341,0 days 01:30:00
37342,0 days 01:35:00
37343,0 days 01:30:00
37344,0 days 01:35:00
37345,0 days 01:25:00
37346,0 days 01:28:00
37347,0 days 01:27:00
37348,0 days 01:32:00
37349,0 days 01:29:00
37350,0 days 01:40:00
37351,0 days 01:30:00
37352,0 days 01:30:00
37354,0 days 01:30:00
37361,0 days 02:30:00
37362,0 days 02:15:00
37363,0 days 02:05:00
37364,0 days 02:20:00
37365,0 days 02:25:00
37366,0 days 02:12:00
37367,0 days 02:05:00
37368,0 days 02:07:00
37371,0 days 02:20:00
37372,0 days 02:17:00
37373,0 days 02:19:00
37374,0 days 02:05:00
37375,0 days 02:09:00
37376,0 days 02:08:00
37378,0 days 02:18:00
37379,0 days 02:17:00
37385,0 days 00:40:00
37386,0 days 00:40:00
37387,0 days 00:36:00
37388,0 days 00:40:00
37389,0 days 00:34:00
37390,0 days 00:35:00
37391,0 days 00:40:00
37392,0 days 00:38:00
37394,0 days 00:40:00
37411,0 days 00:50:00
37412,0 days 00:50:00
37413,0 days 00:48:00
37414,0 days 00:48:00
37511,0 days 00:47:00
37512,0 days 00:45:00
37521,0 days 00:20:00
37522,0 days 00:20:00
37523,0 days 00:19:00
37524,0 days 00:18:00
37525,0 days 00:20:00
37526,0 days 00:19:00
37527,0 days 00:19:00
37528,0 days 00:21:00
37529,0 days 00:19:00
37530,0 days 00:20:00
37531,0 days 00:20:00
37532,0 days 00:20:00
37533,0 days 00:20:00
37534,0 days 00:20:00
37535,0 days 00:20:00
37536,0 days 00:20:00
37537,0 days 00:20:00
37538,0 days 00:22:00
37539,0 days 00:20:00
37540,0 days 00:19:00
37541,0 days 00:20:00
37542,0 days 00:20:00
37543,0 days 00:20:00
37544,0 days 00:19:00
37545,0 days 00:19:00
37546,0 days 00:20:00
37547,0 days 00:20:00
37548,0 days 00:22:00
37549,0 days 00:18:00
37550,0 days 00:20:00
37551,0 days 00:20:00
37552,0 days 00:22:00
37553,0 days 00:18:00
37554,0 days 00:22:00
37555,0 days 00:20:00
37556,0 days 00:20:00
37557,0 days 00:22:00
37558,0 days 00:19:00
37611,0 days 01:28:00
37612,0 days 01:20:00
37614,0 days 01:38:00
37651,0 days 01:45:00
37652,0 days 02:05:00
37653,0 days 01:51:00
37654,0 days 01:55:00
37655,0 days 01:52:00
37656,0 days 01:57:00
37657,0 days 01:47:00
37658,0 days 01:55:00
37711,0 days 00:25:00
37731,0 days 00:45:00
37732,0 days 00:50:00
37741,0 days 02:30:00
37742,0 days 02:10:00
37743,0 days 02:10:00
37744,0 days 02:15:00
37745,0 days 02:10:00
37746,0 days 02:30:00
37747,0 days 02:15:00
37748,0 days 02:15:00
37750,0 days 02:05:00
37751,0 days 02:30:00
37752,0 days 02:15:00
37753,0 days 02:15:00
37754,0 days 02:10:00
37756,0 days 02:15:00
37757,0 days 02:10:00
37758,0 days 02:07:00
37781,0 days 01:17:00
37782,0 days 01:15:00
37783,0 days 01:17:00
37784,0 days 01:20:00
37785,0 days 01:20:00
37786,0 days 01:15:00
37811,0 days 02:20:00
37812,0 days 02:22:00
37813,0 days 02:20:00
37814,0 days 02:30:00
37815,0 days 02:10:00
37816,0 days 02:23:00
37817,0 days 02:27:00
37818,0 days 02:26:00
37819,0 days 02:27:00
37820,0 days 02:17:00
37821,0 days 02:19:00
37822,0 days 01:55:00
37823,0 days 02:25:00
37824,0 days 02:17:00
37825,0 days 02:25:00
37826,0 days 02:12:00
37827,0 days 02:25:00
37828,0 days 02:16:00
37829,0 days 02:20:00
37830,0 days 02:19:00
37831,0 days 02:18:00
37832,0 days 02:35:00
37833,0 days 02:25:00
37834,0 days 02:28:00
37835,0 days 02:25:00
37836,0 days 02:21:00
37837,0 days 02:20:00
37838,0 days 02:25:00
37839,0 days 02:15:00
37840,0 days 02:20:00
37841,0 days 02:06:00
37842,0 days 02:32:00
37843,0 days 01:55:00
37844,0 days 02:23:00
37845,0 days 02:20:00
37846,0 days 02:25:00
37847,0 days 02:15:00
37848,0 days 02:20:00
37849,0 days 02:00:00
37850,0 days 02:18:00
37851,0 days 02:18:00
37852,0 days 02:20:00
37853,0 days 02:27:00
37854,0 days 02:32:00
37855,0 days 02:23:00
37857,0 days 02:20:00
37911,0 days 03:12:00
37912,0 days 03:15:00
37913,0 days 03:10:00
37914,0 days 03:03:00
37915,0 days 03:15:00
37916,0 days 03:05:00
37917,0 days 03:15:00
37918,0 days 03:20:00
37919,0 days 03:10:00
37920,0 days 03:10:00
37921,0 days 03:13:00
37922,0 days 03:45:00
37923,0 days 03:05:00
37924,0 days 03:23:00
37925,0 days 03:05:00
37926,0 days 03:18:00
37927,0 days 03:15:00
37928,0 days 03:22:00
38031,0 days 00:15:00
38032,0 days 00:13:00
38033,0 days 00:15:00
38034,0 days 00:15:00
38036,0 days 00:20:00
38051,0 days 03:40:00
38052,0 days 03:15:00
38053,0 days 03:10:00
38054,0 days 01:35:00
38055,0 days 01:40:00
38056,0 days 03:12:00
38057,0 days 03:38:00
38058,0 days 03:30:00
38101,0 days 00:40:00
38102,0 days 00:45:00
38103,0 days 01:01:00
38104,0 days 01:01:00
38105,0 days 01:08:00
38106,0 days 01:03:00
38107,0 days 00:42:00
38108,0 days 01:16:00
38202,0 days 01:12:00
38204,0 days 01:17:00
38206,0 days 00:55:00
38301,0 days 01:15:00
38302,0 days 01:30:00
38303,0 days 01:37:00
38304,0 days 01:30:00
38305,0 days 01:40:00
38306,0 days 01:30:00
38307,0 days 01:32:00
38308,0 days 01:30:00
38310,0 days 01:27:00
38312,0 days 01:35:00
38314,0 days 01:38:00
38316,0 days 01:20:00
38318,0 days 01:33:00
38321,0 days 01:45:00
38401,0 days 01:48:00
38402,0 days 01:47:00
38403,0 days 01:48:00
38404,0 days 01:48:00
38405,0 days 01:47:00
38406,0 days 01:49:00
38407,0 days 01:30:00
38408,0 days 01:48:00
38409,0 days 02:00:00
38410,0 days 01:47:00
38411,0 days 01:59:00
38412,0 days 01:47:00
38413,0 days 01:50:00
38414,0 days 01:55:00
38416,0 days 01:45:00
38419,0 days 02:00:00
38421,0 days 01:53:00
38423,0 days 01:47:00
38425,0 days 01:50:00
38427,0 days 01:45:00
38431,0 days 01:50:00
38433,0 days 01:50:00
38437,0 days 01:48:00
38447,0 days 01:50:00
38449,0 days 01:50:00
38451,0 days 02:00:00
38452,0 days 01:57:00
38453,0 days 01:50:00
38454,0 days 01:52:00
38455,0 days 01:50:00
38456,0 days 01:53:00
38501,0 days 02:17:00
38502,0 days 02:25:00
38601,0 days 01:35:00
38602,0 days 01:33:00
38701,0 days 02:10:00
38702,0 days 02:35:00
38703,0 days 02:35:00
38704,0 days 02:42:00
38705,0 days 02:33:00
38706,0 days 02:35:00
38707,0 days 02:50:00
38708,0 days 02:35:00
38709,0 days 02:30:00
38710,0 days 02:35:00
38711,0 days 02:53:00
38713,0 days 02:45:00
38719,0 days 02:52:00
38726,0 days 03:02:00
38728,0 days 03:02:00
38730,0 days 02:45:00
38801,0 days 02:55:00
38802,0 days 03:07:00
38803,0 days 03:05:00
38804,0 days 03:08:00
38805,0 days 03:15:00
38806,0 days 02:50:00
38807,0 days 03:20:00
38808,0 days 03:00:00
38809,0 days 03:25:00
38810,0 days 03:15:00
38811,0 days 03:10:00
38812,0 days 03:22:00
38813,0 days 03:08:00
38814,0 days 03:27:00
38815,0 days 03:15:00
38816,0 days 03:33:00
38817,0 days 03:15:00
38818,0 days 03:18:00
38819,0 days 03:33:00
38820,0 days 03:22:00
38821,0 days 02:45:00
38822,0 days 03:18:00
38823,0 days 03:00:00
38824,0 days 03:25:00
38825,0 days 02:45:00
38826,0 days 03:32:00
38827,0 days 02:55:00
38828,0 days 03:17:00
38829,0 days 02:57:00
38830,0 days 03:13:00
38831,0 days 03:15:00
38832,0 days 00:30:00
38902,0 days 01:15:00
38905,0 days 01:40:00
38908,0 days 01:35:00
38909,0 days 01:40:00
38923,0 days 01:36:00
38924,0 days 01:33:00
40001,0 days 00:55:00
40002,0 days 00:55:00
40003,0 days 00:55:00
40004,0 days 00:55:00
40005,0 days 00:55:00
40006,0 days 00:55:00
40007,0 days 00:55:00
40008,0 days 00:55:00
40009,0 days 00:55:00
40010,0 days 00:55:00
40011,0 days 00:55:00
40012,0 days 00:55:00
40013,0 days 00:55:00
40014,0 days 00:55:00
40015,0 days 00:55:00
40016,0 days 00:55:00
40017,0 days 00:55:00
40018,0 days 00:55:00
40019,0 days 00:40:00
40020,0 days 00:55:00
40021,0 days 00:26:00
40022,0 days 00:55:00
40023,0 days 00:55:00
40025,0 days 00:55:00
40026,0 days 00:55:00
40027,0 days 00:55:00
40028,0 days 00:55:00
40029,0 days 00:55:00
40030,0 days 00:55:00
40031,0 days 00:55:00
40032,0 days 00:55:00
40033,0 days 00:55:00
40034,0 days 00:55:00
40035,0 days 00:55:00
40036,0 days 00:55:00
40037,0 days 00:55:00
40038,0 days 00:55:00
40039,0 days 00:55:00
40040,0 days 00:55:00
40041,0 days 00:55:00
40042,0 days 00:35:00
40043,0 days 00:55:00
40044,0 days 00:44:00
40045,0 days 00:55:00
40046,0 days 00:55:00
40047,0 days 00:55:00
40048,0 days 00:55:00
40049,0 days 00:55:00
40050,0 days 00:55:00
40051,0 days 00:55:00
40052,0 days 00:55:00
40053,0 days 00:55:00
40054,0 days 00:55:00
40055,0 days 00:55:00
40056,0 days 00:55:00
40057,0 days 00:55:00
40058,0 days 00:55:00
40059,0 days 00:55:00
40060,0 days 00:55:00
40061,0 days 00:55:00
40062,0 days 00:55:00
40063,0 days 00:55:00
40064,0 days 00:55:00
40065,0 days 00:55:00
40066,0 days 00:55:00
40067,0 days 00:55:00
40068,0 days 00:55:00
40069,0 days 00:55:00
40070,0 days 00:55:00
40071,0 days 00:55:00
40072,0 days 00:55:00
40073,0 days 00:55:00
40074,0 days 00:55:00
40075,0 days 00:55:00
40076,0 days 00:55:00
40077,0 days 00:55:00
40078,0 days 00:55:00
40079,0 days 00:55:00
40080,0 days 00:55:00
40081,0 days 00:55:00
40082,0 days 00:55:00
40083,0 days 00:55:00
40084,0 days 00:55:00
40085,0 days 00:55:00
40086,0 days 00:55:00
40087,0 days 00:55:00
40088,0 days 00:55:00
40089,0 days 00:55:00
40090,0 days 00:55:00
40091,0 days 00:55:00
40092,0 days 00:55:00
40093,0 days 00:55:00
40094,0 days 00:55:00
40095,0 days 00:55:00
40096,0 days 00:55:00
40097,0 days 00:55:00
40098,0 days 00:55:00
40099,0 days 00:55:00
40100,0 days 00:55:00
40101,0 days 00:55:00
40102,0 days 00:55:00
40103,0 days 00:55:00
40104,0 days 00:55:00
40105,0 days 00:55:00
40106,0 days 00:55:00
40107,0 days 00:55:00
40108,0 days 00:55:00
40109,0 days 00:55:00
40110,0 days 00:55:00
40111,0 days 00:55:00
40112,0 days 00:55:00
40113,0 days 00:55:00
40114,0 days 00:55:00
40115,0 days 00:55:00
40116,0 days 00:55:00
40117,0 days 00:55:00
40118,0 days 00:55:00
40119,0 days 00:55:00
40120,0 days 00:55:00
40121,0 days 00:55:00
40122,0 days 00:55:00
40123,0 days 00:55:00
40124,0 days 00:55:00
40125,0 days 00:55:00
40126,0 days 00:55:00
40127,0 days 00:55:00
40128,0 days 00:55:00
40129,0 days 00:55:00
40130,0 days 00:55:00
40131,0 days 00:55:00
40132,0 days 00:55:00
40133,0 days 00:55:00
40134,0 days 00:55:00
40135,0 days 00:55:00
40136,0 days 00:55:00
40137,0 days 00:55:00
40138,0 days 00:55:00
40139,0 days 00:55:00
40140,0 days 00:55:00
40141,0 days 00:55:00
40142,0 days 00:55:00
40143,0 days 00:55:00
40144,0 days 00:55:00
40145,0 days 00:55:00
40146,0 days 00:55:00
40147,0 days 00:55:00
40148,0 days 00:55:00
40150,0 days 00:55:00
40151,0 days 00:55:00
40152,0 days 00:55:00
40153,0 days 00:55:00
40154,0 days 00:55:00
40155,0 days 00:55:00
40156,0 days 00:55:00
40157,0 days 00:55:00
40158,0 days 00:55:00
40301,0 days 00:55:00
40302,0 days 00:55:00
40303,0 days 00:55:00
40304,0 days 00:55:00
40305,0 days 00:55:00
40306,0 days 00:55:00
40307,0 days 00:55:00
40308,0 days 00:55:00
40309,0 days 00:55:00
40310,0 days 00:55:00
40311,0 days 00:55:00
40312,0 days 00:55:00
40313,0 days 00:55:00
40314,0 days 00:55:00
40315,0 days 00:55:00
40316,0 days 00:55:00
40317,0 days 00:55:00
40318,0 days 00:55:00
40319,0 days 00:55:00
40320,0 days 00:55:00
40321,0 days 00:55:00
40322,0 days 00:55:00
40323,0 days 00:55:00
40324,0 days 00:55:00
40325,0 days 00:55:00
40326,0 days 00:55:00
40327,0 days 00:55:00
40328,0 days 00:55:00
40329,0 days 00:55:00
40330,0 days 00:55:00
40331,0 days 00:55:00
40332,0 days 00:55:00
40333,0 days 00:55:00
40334,0 days 00:55:00
40335,0 days 00:55:00
40336,0 days 00:55:00
40337,0 days 00:55:00
40338,0 days 00:55:00
40339,0 days 00:55:00
40340,0 days 00:55:00
40341,0 days 00:55:00
40342,0 days 00:55:00
40343,0 days 00:55:00
40344,0 days 00:55:00
40345,0 days 00:55:00
40346,0 days 00:55:00
40347,0 days 00:55:00
40348,0 days 00:55:00
40349,0 days 00:55:00
40350,0 days 00:55:00
40351,0 days 00:55:00
40352,0 days 00:55:00
40353,0 days 00:55:00
40354,0 days 00:55:00
40355,0 days 00:55:00
40356,0 days 00:55:00
40357,0 days 00:55:00
40358,0 days 00:55:00
40359,0 days 00:55:00
40360,0 days 00:55:00
40361,0 days 00:55:00
40362,0 days 00:55:00
40363,0 days 00:55:00
40364,0 days 00:55:00
40365,0 days 00:55:00
40366,0 days 00:55:00
40367,0 days 00:55:00
40368,0 days 00:55:00
40369,0 days 00:55:00
40370,0 days 00:55:00
40371,0 days 00:55:00
40372,0 days 00:55:00
40373,0 days 00:55:00
40374,0 days 00:55:00
40375,0 days 00:55:00
40376,0 days 00:55:00
40377,0 days 00:55:00
40378,0 days 00:55:00
40379,0 days 00:55:00
40380,0 days 00:55:00
40381,0 days 00:55:00
40382,0 days 00:55:00
40383,0 days 00:55:00
40384,0 days 00:55:00
40385,0 days 00:55:00
40386,0 days 00:55:00
40387,0 days 00:55:00
40388,0 days 00:55:00
40389,0 days 00:55:00
40390,0 days 00:55:00
40391,0 days 00:55:00
40392,0 days 00:55:00
40393,0 days 00:55:00
40394,0 days 00:55:00
40395,0 days 00:55:00
40396,0 days 00:55:00
40397,0 days 00:55:00
40398,0 days 00:55:00
40399,0 days 00:55:00
40400,0 days 00:55:00
40401,0 days 00:55:00
40402,0 days 00:55:00
40403,0 days 00:55:00
40404,0 days 00:55:00
40405,0 days 00:55:00
40406,0 days 00:55:00
40407,0 days 00:55:00
40408,0 days 00:55:00
40409,0 days 00:55:00
40410,0 days 00:55:00
40411,0 days 00:55:00
40412,0 days 00:55:00
40413,0 days 00:55:00
40414,0 days 00:55:00
40415,0 days 00:55:00
40416,0 days 00:55:00
40417,0 days 00:55:00
40418,0 days 00:55:00
40419,0 days 00:55:00
40420,0 days 00:55:00
40421,0 days 00:55:00
40422,0 days 00:55:00
40501,0 days 01:40:00
40502,0 days 01:55:00
40503,0 days 01:45:00
40504,0 days 01:50:00
40505,0 days 01:45:00
40506,0 days 01:45:00
40507,0 days 01:45:00
40508,0 days 01:55:00
40509,0 days 01:40:00
40510,0 days 01:50:00
40511,0 days 01:40:00
40512,0 days 01:47:00
40513,0 days 01:45:00
40514,0 days 01:32:00
40515,0 days 01:40:00
40516,0 days 01:32:00
40517,0 days 01:40:00
40518,0 days 01:30:00
40519,0 days 01:42:00
40520,0 days 01:42:00
40522,0 days 01:30:00
40523,0 days 01:44:00
40524,0 days 01:40:00
40525,0 days 01:47:00
40526,0 days 01:30:00
40527,0 days 01:46:00
40528,0 days 01:50:00
40529,0 days 01:43:00
40531,0 days 01:40:00
40532,0 days 01:48:00
40533,0 days 01:40:00
40534,0 days 01:40:00
40535,0 days 01:51:00
40536,0 days 01:40:00
40538,0 days 01:42:00
40539,0 days 01:43:00
40540,0 days 01:40:00
40541,0 days 01:47:00
40542,0 days 01:45:00
40543,0 days 01:43:00
40544,0 days 01:40:00
40545,0 days 01:45:00
40547,0 days 01:40:00
40548,0 days 01:42:00
40549,0 days 01:53:00
40550,0 days 01:45:00
40551,0 days 01:55:00
40552,0 days 01:41:00
40553,0 days 01:50:00
40554,0 days 01:40:00
40555,0 days 01:47:00
40556,0 days 01:45:00
40557,0 days 01:43:00
40558,0 days 01:50:00
40559,0 days 01:37:00
40560,0 days 01:46:00
40561,0 days 01:50:00
40562,0 days 01:40:00
40563,0 days 01:58:00
40564,0 days 01:52:00
40565,0 days 01:44:00
40566,0 days 01:40:00
40567,0 days 01:48:00
40568,0 days 01:55:00
40569,0 days 01:40:00
40570,0 days 01:50:00
40571,0 days 01:40:00
40572,0 days 01:45:00
40573,0 days 02:00:00
40574,0 days 01:40:00
40601,0 days 01:40:00
40602,0 days 01:55:00
40603,0 days 01:45:00
40604,0 days 01:50:00
40605,0 days 01:45:00
40606,0 days 01:45:00
40607,0 days 01:45:00
40608,0 days 01:55:00
40609,0 days 01:40:00
40610,0 days 01:50:00
40612,0 days 02:00:00
40613,0 days 01:45:00
40614,0 days 01:55:00
40615,0 days 01:40:00
40616,0 days 01:55:00
40617,0 days 01:52:00
40618,0 days 01:40:00
40619,0 days 01:40:00
40621,0 days 01:50:00
40622,0 days 01:40:00
40623,0 days 01:45:00
40624,0 days 01:40:00
40625,0 days 01:45:00
40626,0 days 01:45:00
40627,0 days 01:40:00
40628,0 days 01:45:00
40629,0 days 01:40:00
40630,0 days 01:45:00
40631,0 days 01:45:00
40632,0 days 01:40:00
40633,0 days 01:45:00
40634,0 days 01:40:00
40635,0 days 01:45:00
40636,0 days 01:50:00
40637,0 days 01:45:00
40638,0 days 01:40:00
40639,0 days 01:40:00
40640,0 days 01:40:00
40641,0 days 01:45:00
40642,0 days 01:45:00
40643,0 days 01:55:00
40644,0 days 01:50:00
40645,0 days 01:50:00
40646,0 days 01:45:00
40647,0 days 01:45:00
40648,0 days 01:35:00
40649,0 days 01:50:00
40650,0 days 01:50:00
40651,0 days 01:45:00
40652,0 days 01:45:00
40653,0 days 01:40:00
40654,0 days 01:40:00
40655,0 days 01:50:00
40656,0 days 01:50:00
40657,0 days 01:40:00
40658,0 days 01:45:00
40659,0 days 01:48:00
40660,0 days 01:55:00
40661,0 days 01:45:00
40662,0 days 01:45:00
40663,0 days 01:40:00
40664,0 days 01:40:00
40665,0 days 01:55:00
40666,0 days 01:40:00
40701,0 days 03:00:00
40702,0 days 02:57:00
40704,0 days 02:25:00
40705,0 days 03:00:00
40706,0 days 02:28:00
40707,0 days 02:27:00
40708,0 days 02:52:00
40709,0 days 03:06:00
40711,0 days 02:45:00
40712,0 days 03:04:00
40751,0 days 03:00:00
40752,0 days 02:55:00
40754,0 days 02:50:00
40755,0 days 03:05:00
40756,0 days 02:35:00
40757,0 days 02:40:00
40758,0 days 02:50:00
40759,0 days 03:05:00
40761,0 days 02:45:00
40762,0 days 02:58:00
40801,0 days 02:35:00
40802,0 days 02:41:00
40803,0 days 02:35:00
40804,0 days 02:45:00
40901,0 days 01:30:00
40902,0 days 01:00:00
41001,0 days 00:45:00
41003,0 days 00:45:00
41006,0 days 00:45:00
41008,0 days 00:45:00
41009,0 days 00:45:00
41012,0 days 00:45:00
41013,0 days 00:45:00
41014,0 days 00:45:00
41015,0 days 00:45:00
41016,0 days 00:45:00
41017,0 days 00:45:00
41020,0 days 00:45:00
41021,0 days 00:45:00
41022,0 days 00:45:00
41023,0 days 00:45:00
41024,0 days 00:45:00
41028,0 days 00:45:00
41029,0 days 00:45:00
41033,0 days 00:45:00
41035,0 days 00:45:00
41036,0 days 00:45:00
41038,0 days 00:45:00
41040,0 days 00:45:00
41042,0 days 00:45:00
41043,0 days 00:45:00
41046,0 days 00:45:00
41048,0 days 00:45:00
41050,0 days 00:45:00
41051,0 days 00:45:00
41055,0 days 00:45:00
41056,0 days 00:45:00
41057,0 days 00:45:00
41060,0 days 00:45:00
41061,0 days 00:45:00
41063,0 days 00:45:00
41064,0 days 00:45:00
41065,0 days 00:45:00
41069,0 days 00:45:00
41070,0 days 00:45:00
41073,0 days 00:45:00
41076,0 days 00:45:00
41077,0 days 00:45:00
41078,0 days 00:45:00
41079,0 days 00:45:00
41080,0 days 00:45:00
41081,0 days 00:45:00
41082,0 days 00:45:00
41084,0 days 00:45:00
41085,0 days 00:45:00
41086,0 days 00:45:00
41089,0 days 00:45:00
41091,0 days 00:45:00
41092,0 days 00:45:00
41093,0 days 00:50:00
41095,0 days 00:45:00
41096,0 days 00:45:00
41097,0 days 00:45:00
41102,0 days 00:45:00
41103,0 days 00:45:00
41104,0 days 00:45:00
41105,0 days 00:45:00
41108,0 days 00:45:00
41110,0 days 00:45:00
41111,0 days 00:45:00
41113,0 days 00:45:00
41116,0 days 00:45:00
41117,0 days 00:45:00
41119,0 days 00:45:00
41120,0 days 00:45:00
41122,0 days 00:45:00
41127,0 days 00:45:00
41128,0 days 00:45:00
41129,0 days 00:45:00
41130,0 days 00:45:00
41131,0 days 00:45:00
41132,0 days 00:45:00
41134,0 days 00:45:00
41135,0 days 00:45:00
41138,0 days 00:45:00
41140,0 days 00:45:00
41501,0 days 00:45:00
41502,0 days 00:45:00
41503,0 days 00:45:00
41504,0 days 00:45:00
41505,0 days 00:45:00
41506,0 days 00:45:00
41507,0 days 00:45:00
41508,0 days 00:45:00
41509,0 days 00:45:00
41510,0 days 00:45:00
41511,0 days 00:45:00
41512,0 days 00:45:00
41513,0 days 00:45:00
41514,0 days 00:45:00
41515,0 days 00:45:00
41516,0 days 00:45:00
41517,0 days 00:45:00
41518,0 days 00:45:00
41519,0 days 00:45:00
41520,0 days 00:45:00
41521,0 days 00:45:00
41522,0 days 00:45:00
41523,0 days 00:45:00
41524,0 days 00:45:00
41525,0 days 00:45:00
41526,0 days 00:45:00
41527,0 days 00:45:00
41528,0 days 00:45:00
41529,0 days 00:45:00
41530,0 days 00:45:00
41531,0 days 00:45:00
41532,0 days 00:45:00
41533,0 days 00:45:00
41534,0 days 00:45:00
41535,0 days 00:45:00
41536,0 days 00:45:00
41537,0 days 00:45:00
41538,0 days 00:45:00
41539,0 days 00:45:00
41540,0 days 00:45:00
41541,0 days 00:45:00
41542,0 days 00:45:00
41543,0 days 00:45:00
41544,0 days 00:45:00
41545,0 days 00:45:00
41546,0 days 00:45:00
41547,0 days 00:45:00
41548,0 days 00:45:00
41549,0 days 00:45:00
41550,0 days 00:45:00
41551,0 days 00:45:00
41552,0 days 00:45:00
41553,0 days 00:45:00
41554,0 days 00:45:00
41555,0 days 00:45:00
41556,0 days 00:45:00
41557,0 days 00:45:00
41558,0 days 00:45:00
41559,0 days 00:45:00
41560,0 days 00:45:00
41561,0 days 00:45:00
41562,0 days 00:45:00
41563,0 days 00:45:00
41564,0 days 00:45:00
41565,0 days 00:45:00
41566,0 days 00:45:00
41567,0 days 00:45:00
41568,0 days 00:45:00
41569,0 days 00:45:00
41570,0 days 00:45:00
41571,0 days 00:45:00
41572,0 days 00:45:00
41573,0 days 00:45:00
41574,0 days 00:45:00
41575,0 days 00:45:00
41576,0 days 00:45:00
41577,0 days 00:45:00
41578,0 days 00:45:00
41579,0 days 00:45:00
41580,0 days 00:45:00
41581,0 days 00:45:00
41582,0 days 00:45:00
41583,0 days 00:45:00
41584,0 days 00:45:00
41585,0 days 00:45:00
41586,0 days 00:45:00
41587,0 days 00:45:00
41588,0 days 00:45:00
41589,0 days 00:45:00
41590,0 days 00:45:00
41593,0 days 00:45:00
41594,0 days 00:45:00
41597,0 days 00:45:00
41598,0 days 00:45:00
41599,0 days 00:45:00
41600,0 days 00:45:00
42001,0 days 01:20:00
42002,0 days 01:25:00
42003,0 days 01:45:00
42004,0 days 01:30:00
42005,0 days 01:30:00
42006,0 days 01:40:00
42007,0 days 01:20:00
42008,0 days 01:30:00
42009,0 days 01:20:00
42010,0 days 01:30:00
42011,0 days 01:30:00
42012,0 days 01:40:00
42013,0 days 01:40:00
42014,0 days 01:40:00
42015,0 days 01:25:00
42016,0 days 01:35:00
42017,0 days 01:35:00
42018,0 days 01:30:00
42019,0 days 01:30:00
42020,0 days 01:30:00
42021,0 days 01:25:00
42022,0 days 01:30:00
42023,0 days 01:30:00
42024,0 days 01:30:00
42025,0 days 01:35:00
42026,0 days 01:30:00
42027,0 days 01:25:00
42028,0 days 01:35:00
42029,0 days 01:25:00
42030,0 days 01:30:00
42031,0 days 01:40:00
42032,0 days 01:30:00
42033,0 days 01:25:00
42034,0 days 01:25:00
42035,0 days 01:25:00
42036,0 days 01:25:00
42037,0 days 01:25:00
42038,0 days 01:25:00
42039,0 days 01:25:00
42040,0 days 01:25:00
42041,0 days 01:30:00
42042,0 days 01:30:00
42043,0 days 01:25:00
42044,0 days 01:25:00
42045,0 days 01:35:00
42046,0 days 01:35:00
42301,0 days 01:15:00
42302,0 days 01:15:00
42401,0 days 02:05:00
42402,0 days 02:15:00
42403,0 days 02:10:00
42404,0 days 02:10:00
42406,0 days 02:10:00
42407,0 days 02:20:00
42408,0 days 02:05:00
42409,0 days 02:20:00
42411,0 days 02:15:00
42412,0 days 02:15:00
42413,0 days 02:15:00
42414,0 days 02:30:00
42416,0 days 02:15:00
42417,0 days 02:15:00
42419,0 days 02:15:00
42420,0 days 02:05:00
42421,0 days 02:15:00
42422,0 days 02:15:00
42423,0 days 02:10:00
42451,0 days 00:50:00
42452,0 days 00:45:00
42601,0 days 01:35:00
42602,0 days 01:25:00
42603,0 days 01:35:00
42604,0 days 01:30:00
42605,0 days 01:35:00
42606,0 days 01:25:00
42607,0 days 01:30:00
42608,0 days 01:35:00
42651,0 days 02:25:00
42652,0 days 02:25:00
42653,0 days 02:25:00
42654,0 days 02:15:00
42655,0 days 02:20:00
42656,0 days 02:25:00
42657,0 days 02:20:00
42701,0 days 01:10:00
42702,0 days 01:05:00
42751,0 days 01:55:00
42752,0 days 01:55:00
42801,0 days 02:20:00
42802,0 days 02:20:00
42804,0 days 02:10:00
42851,0 days 03:10:00
42852,0 days 03:10:00
42854,0 days 03:10:00
42901,0 days 00:45:00
43001,0 days 00:50:00
43002,0 days 00:50:00
43003,0 days 00:45:00
43005,0 days 00:45:00
43006,0 days 00:45:00
43007,0 days 00:45:00
43008,0 days 00:50:00
43009,0 days 00:45:00
43011,0 days 00:50:00
43013,0 days 00:50:00
43014,0 days 01:00:00
43015,0 days 00:50:00
43016,0 days 00:45:00
43017,0 days 00:45:00
43018,0 days 00:45:00
43019,0 days 00:40:00
43020,0 days 00:50:00
43021,0 days 00:50:00
43022,0 days 00:50:00
43023,0 days 00:50:00
43025,0 days 00:50:00
43029,0 days 00:50:00
43101,0 days 01:05:00
43102,0 days 01:15:00
43103,0 days 01:20:00
43104,0 days 01:15:00
43105,0 days 01:10:00
43106,0 days 01:10:00
43107,0 days 01:10:00
43108,0 days 01:15:00
43109,0 days 01:10:00
43110,0 days 01:05:00
43111,0 days 01:10:00
43112,0 days 01:10:00
43113,0 days 01:10:00
43114,0 days 01:15:00
43115,0 days 01:10:00
43116,0 days 01:10:00
43117,0 days 01:10:00
43118,0 days 01:10:00
43119,0 days 01:10:00
43120,0 days 01:10:00
43121,0 days 01:10:00
43122,0 days 01:05:00
43123,0 days 01:10:00
43124,0 days 01:10:00
43125,0 days 01:10:00
43126,0 days 01:10:00
43127,0 days 01:10:00
43128,0 days 00:59:00
43130,0 days 01:10:00
43132,0 days 01:05:00
43201,0 days 01:20:00
43202,0 days 01:15:00
43203,0 days 01:20:00
43204,0 days 01:20:00
43205,0 days 01:15:00
43206,0 days 01:20:00
43207,0 days 01:15:00
43208,0 days 01:20:00
43209,0 days 01:15:00
43210,0 days 01:15:00
43211,0 days 01:15:00
43212,0 days 01:20:00
43213,0 days 01:15:00
43214,0 days 01:20:00
43215,0 days 01:20:00
43216,0 days 01:05:00
43217,0 days 01:20:00
43218,0 days 01:20:00
43219,0 days 01:20:00
43220,0 days 01:20:00
43221,0 days 01:20:00
43222,0 days 00:55:00
43223,0 days 01:20:00
43224,0 days 01:20:00
43225,0 days 01:20:00
43226,0 days 01:20:00
43227,0 days 01:20:00
43228,0 days 01:20:00
43229,0 days 01:20:00
43230,0 days 01:25:00
43231,0 days 01:20:00
43232,0 days 01:20:00
43233,0 days 01:20:00
43234,0 days 01:20:00
43235,0 days 01:20:00
43236,0 days 01:20:00
43237,0 days 01:15:00
43238,0 days 01:20:00
43239,0 days 01:20:00
43240,0 days 01:15:00
43241,0 days 01:20:00
43242,0 days 01:20:00
43243,0 days 01:20:00
43244,0 days 01:20:00
43245,0 days 01:20:00
43246,0 days 01:20:00
43247,0 days 01:20:00
43248,0 days 01:20:00
43250,0 days 01:20:00
43251,0 days 01:20:00
43252,0 days 01:25:00
43253,0 days 01:20:00
43254,0 days 01:20:00
43255,0 days 01:20:00
43256,0 days 01:20:00
43257,0 days 01:20:00
43258,0 days 01:20:00
43260,0 days 01:20:00
43401,0 days 01:25:00
43402,0 days 02:00:00
43403,0 days 02:00:00
43404,0 days 02:00:00
43405,0 days 02:00:00
43406,0 days 01:50:00
43407,0 days 01:55:00
43408,0 days 01:45:00
43409,0 days 02:00:00
43410,0 days 01:50:00
43411,0 days 02:00:00
43412,0 days 02:00:00
43413,0 days 02:05:00
43414,0 days 02:00:00
43415,0 days 02:05:00
43418,0 days 01:50:00
43419,0 days 02:00:00
43420,0 days 02:00:00
43421,0 days 02:00:00
43422,0 days 02:00:00
43423,0 days 01:55:00
43424,0 days 02:00:00
43425,0 days 02:00:00
43426,0 days 02:00:00
43427,0 days 02:00:00
43428,0 days 02:00:00
43429,0 days 02:05:00
43430,0 days 02:00:00
43431,0 days 01:30:00
43433,0 days 02:05:00
43434,0 days 02:00:00
43435,0 days 01:15:00
43436,0 days 02:00:00
43437,0 days 02:00:00
43438,0 days 02:00:00
43439,0 days 02:05:00
43501,0 days 02:15:00
43502,0 days 02:20:00
43503,0 days 02:15:00
43504,0 days 02:20:00
43505,0 days 02:20:00
43506,0 days 02:20:00
43507,0 days 02:20:00
43508,0 days 02:10:00
43509,0 days 02:20:00
43510,0 days 02:15:00
43511,0 days 02:25:00
43512,0 days 02:15:00
43513,0 days 02:30:00
43514,0 days 02:20:00
43515,0 days 02:30:00
43516,0 days 02:20:00
43517,0 days 02:20:00
43518,0 days 02:20:00
43520,0 days 02:14:00
43551,0 days 00:20:00
43552,0 days 00:20:00
43553,0 days 00:20:00
43554,0 days 00:25:00
43556,0 days 00:20:00
43601,0 days 01:00:00
43602,0 days 00:55:00
43603,0 days 00:50:00
43604,0 days 00:50:00
43605,0 days 00:50:00
43606,0 days 00:50:00
43607,0 days 00:55:00
43608,0 days 00:50:00
43610,0 days 00:50:00
43611,0 days 00:50:00
43612,0 days 00:55:00
43613,0 days 00:55:00
43614,0 days 00:50:00
43615,0 days 00:50:00
43616,0 days 00:55:00
43618,0 days 00:50:00
43620,0 days 00:50:00
43622,0 days 00:50:00
43650,0 days 00:50:00
43651,0 days 01:45:00
43652,0 days 01:45:00
43653,0 days 01:40:00
43654,0 days 01:50:00
43655,0 days 01:45:00
43656,0 days 01:40:00
43657,0 days 01:50:00
43658,0 days 01:35:00
43659,0 days 01:45:00
43660,0 days 01:40:00
43661,0 days 01:50:00
43662,0 days 01:45:00
43663,0 days 01:40:00
43664,0 days 01:45:00
43666,0 days 01:40:00
43668,0 days 01:50:00
43670,0 days 01:40:00
43672,0 days 01:35:00
43674,0 days 01:40:00
43701,0 days 01:25:00
43702,0 days 01:25:00
43703,0 days 01:25:00
43704,0 days 01:25:00
43705,0 days 01:25:00
43706,0 days 01:25:00
43707,0 days 01:25:00
43708,0 days 01:20:00
43709,0 days 01:20:00
43710,0 days 01:25:00
43711,0 days 01:25:00
43713,0 days 01:25:00
43715,0 days 01:20:00
43751,0 days 01:10:00
43752,0 days 01:12:00
43753,0 days 01:10:00
43754,0 days 01:20:00
43755,0 days 01:10:00
43757,0 days 01:05:00
43761,0 days 02:15:00
43762,0 days 02:05:00
43763,0 days 02:10:00
43764,0 days 02:10:00
43765,0 days 02:15:00
43766,0 days 02:15:00
43767,0 days 02:15:00
43768,0 days 02:25:00
43769,0 days 02:15:00
43770,0 days 02:20:00
43771,0 days 02:15:00
43773,0 days 02:15:00
43791,0 days 02:00:00
43792,0 days 02:05:00
43793,0 days 02:00:00
43794,0 days 02:30:00
43795,0 days 02:05:00
43797,0 days 02:00:00
43801,0 days 02:10:00
43802,0 days 02:05:00
43803,0 days 02:10:00
43804,0 days 01:35:00
43805,0 days 02:10:00
43806,0 days 02:05:00
43820,0 days 02:20:00
43821,0 days 02:30:00
43823,0 days 02:00:00
43831,0 days 00:35:00
43832,0 days 00:30:00
43841,0 days 01:20:00
43842,0 days 01:05:00
43844,0 days 01:15:00
43847,0 days 01:55:00
43851,0 days 02:05:00
43852,0 days 02:30:00
43861,0 days 01:40:00
43872,0 days 00:53:00
43882,0 days 00:55:00
43891,0 days 00:20:00
43892,0 days 00:20:00
43901,0 days 01:25:00
43902,0 days 01:25:00
43903,0 days 01:25:00
43904,0 days 01:25:00
43912,0 days 01:30:00
43921,0 days 00:10:00
43932,0 days 02:50:00
43934,0 days 02:50:00
43936,0 days 02:20:00
43938,0 days 02:40:00
43941,0 days 03:25:00
43942,0 days 03:15:00
43943,0 days 02:55:00
43952,0 days 02:25:00
47100,0 days 00:45:00
47101,0 days 00:45:00
47102,0 days 00:45:00
47103,0 days 00:50:00
47104,0 days 00:45:00
47105,0 days 00:50:00
47106,0 days 00:45:00
47107,0 days 00:45:00
47108,0 days 00:45:00
47109,0 days 00:45:00
47110,0 days 00:45:00
47111,0 days 00:55:00
47112,0 days 00:45:00
47113,0 days 00:45:00
47114,0 days 00:45:00
47115,0 days 00:45:00
47116,0 days 00:55:00
47117,0 days 00:45:00
47118,0 days 00:45:00
47119,0 days 00:45:00
47120,0 days 00:48:00
47121,0 days 00:45:00
47122,0 days 00:50:00
47123,0 days 00:45:00
47124,0 days 00:45:00
47125,0 days 00:45:00
47126,0 days 00:45:00
47127,0 days 00:50:00
47128,0 days 00:52:00
47129,0 days 00:45:00
47130,0 days 00:50:00
47131,0 days 00:45:00
47132,0 days 00:45:00
47133,0 days 00:50:00
47134,0 days 00:45:00
47135,0 days 00:47:00
47136,0 days 00:45:00
47137,0 days 00:45:00
47138,0 days 00:50:00
47139,0 days 00:45:00
47140,0 days 00:47:00
47141,0 days 00:45:00
47142,0 days 00:50:00
47143,0 days 00:45:00
47144,0 days 00:45:00
47145,0 days 00:50:00
47146,0 days 00:45:00
47147,0 days 00:45:00
47148,0 days 00:45:00
47149,0 days 01:22:00
47150,0 days 01:17:00
47151,0 days 01:22:00
47152,0 days 01:15:00
47153,0 days 01:30:00
47154,0 days 01:17:00
47155,0 days 01:23:00
47156,0 days 01:17:00
47157,0 days 01:25:00
47158,0 days 01:20:00
47159,0 days 01:30:00
47160,0 days 01:17:00
47161,0 days 01:20:00
47162,0 days 01:21:00
47163,0 days 01:20:00
47164,0 days 01:25:00
47165,0 days 01:27:00
47166,0 days 01:22:00
47167,0 days 01:20:00
47168,0 days 00:45:00
47169,0 days 01:23:00
47170,0 days 01:25:00
47171,0 days 01:17:00
47172,0 days 00:30:00
47173,0 days 01:17:00
47174,0 days 01:25:00
47175,0 days 01:17:00
47176,0 days 01:24:00
47177,0 days 01:27:00
47178,0 days 01:17:00
47179,0 days 01:17:00
47180,0 days 01:17:00
47181,0 days 01:20:00
47182,0 days 01:20:00
47183,0 days 01:22:00
47184,0 days 01:16:00
47185,0 days 01:17:00
47186,0 days 01:25:00
47187,0 days 01:25:00
47188,0 days 01:27:00
47189,0 days 01:23:00
47190,0 days 01:25:00
47191,0 days 01:22:00
47192,0 days 01:17:00
47193,0 days 01:22:00
47194,0 days 01:30:00
47195,0 days 00:55:00
47196,0 days 00:30:00
47197,0 days 01:10:00
47198,0 days 01:30:00
47199,0 days 01:07:00
47200,0 days 01:20:00
47201,0 days 01:05:00
47202,0 days 01:05:00
47203,0 days 01:20:00
47204,0 days 00:45:00
47205,0 days 00:30:00
47206,0 days 01:07:00
47207,0 days 01:20:00
47208,0 days 01:07:00
47209,0 days 01:07:00
47210,0 days 01:17:00
47211,0 days 01:20:00
47212,0 days 01:20:00
47213,0 days 01:20:00
47214,0 days 01:25:00
47215,0 days 01:20:00
47216,0 days 01:20:00
47217,0 days 01:20:00
47218,0 days 01:25:00
47219,0 days 01:17:00
47220,0 days 01:45:00
50101,0 days 06:35:00
50102,0 days 05:05:00
50103,0 days 08:45:00
50104,0 days 08:50:00
50105,0 days 11:25:00
50106,0 days 11:40:00
50107,0 days 02:35:00
50108,0 days 02:10:00
50119,0 days 00:50:00
50120,0 days 00:45:00
51027,0 days 11:35:00
51028,0 days 10:45:00
51029,0 days 13:25:00
51030,0 days 13:20:00
51033,0 days 04:35:00
51034,0 days 04:40:00
51111,0 days 01:15:00
51112,0 days 01:15:00
51113,0 days 01:15:00
51114,0 days 01:15:00
51115,0 days 01:15:00
51116,0 days 01:15:00
51135,0 days 00:15:00
51136,0 days 00:15:00
51137,0 days 00:15:00
51138,0 days 00:15:00
51139,0 days 00:15:00
51140,0 days 00:15:00
51141,0 days 00:15:00
51142,0 days 00:15:00
51145,0 days 00:15:00
51146,0 days 00:15:00
51147,0 days 00:15:00
51148,0 days 00:15:00
51149,0 days 00:15:00
51150,0 days 00:15:00
51151,0 days 03:20:00
51152,0 days 03:00:00
51153,0 days 12:30:00
51154,0 days 12:00:00
51157,0 days 09:35:00
51158,0 days 13:15:00
51181,0 days 05:15:00
51182,0 days 05:45:00
51183,0 days 09:30:00
51184,0 days 09:40:00
51187,0 days 17:55:00
51188,0 days 18:40:00
51189,0 days 22:10:00
51190,0 days 20:10:00
51195,0 days 03:45:00
51196,0 days 03:40:00
51197,0 days 07:10:00
51198,0 days 09:00:00
51239,0 days 00:35:00
51240,0 days 00:40:00
51253,0 days 04:00:00
51254,0 days 03:10:00
51255,0 days 02:10:00
51256,0 days 02:10:00
51259,0 days 02:00:00
51260,0 days 01:45:00
51261,0 days 02:55:00
51262,0 days 04:15:00
51285,0 days 13:15:00
51286,0 days 10:05:00
51293,0 days 04:25:00
51294,0 days 04:45:00
51317,0 days 03:05:00
51318,0 days 03:00:00
51347,0 days 03:10:00
51348,0 days 01:15:00
51350,0 days 01:45:00
51401,0 days 09:20:00
51402,0 days 10:15:00
51405,0 days 05:45:00
51406,0 days 05:20:00
51407,0 days 01:15:00
51408,0 days 01:20:00
51409,0 days 10:15:00
51410,0 days 11:40:00
51411,0 days 06:30:00
51412,0 days 06:10:00
51419,0 days 07:30:00
51420,0 days 07:25:00
51421,0 days 20:10:00
51422,0 days 21:15:00
51423,0 days 02:50:00
51424,0 days 03:25:00
51425,0 days 10:55:00
51426,0 days 09:45:00
51427,0 days 01:25:00
51428,0 days 01:15:00
51429,0 days 01:40:00
51430,0 days 01:35:00
51431,0 days 05:15:00
51432,0 days 04:40:00
51433,0 days 15:35:00
51434,0 days 17:05:00
51435,0 days 04:35:00
51436,0 days 04:20:00
51437,0 days 04:35:00
51438,0 days 04:20:00
51441,0 days 04:35:00
51442,0 days 05:00:00
51451,0 days 03:10:00
51452,0 days 03:15:00
51458,0 days 00:45:00
51461,0 days 03:25:00
51462,0 days 03:10:00
51463,0 days 03:25:00
51464,0 days 03:30:00
51601,0 days 07:15:00
51602,0 days 08:10:00
51603,0 days 06:30:00
51604,0 days 07:40:00
51605,0 days 08:00:00
51606,0 days 08:15:00
51607,0 days 02:55:00
51608,0 days 02:55:00
51609,0 days 02:55:00
51610,0 days 03:00:00
51611,0 days 08:50:00
51612,0 days 08:50:00
51671,0 days 09:45:00
51672,0 days 10:10:00
51673,0 days 08:40:00
51674,0 days 10:50:00
51675,0 days 09:05:00
51676,0 days 10:20:00
51678,0 days 02:50:00
51679,0 days 09:55:00
51680,0 days 09:40:00
51685,0 days 00:50:00
51686,0 days 00:55:00
51687,0 days 00:55:00
51688,0 days 00:55:00
51701,0 days 06:20:00
51702,0 days 06:10:00
51703,0 days 04:00:00
51704,0 days 03:35:00
51705,0 days 03:55:00
51706,0 days 03:45:00
51708,0 days 04:10:00
51753,0 days 11:30:00
51754,0 days 13:40:00
51755,0 days 02:55:00
51756,0 days 03:15:00
51763,0 days 02:05:00
51764,0 days 02:45:00
51765,0 days 03:05:00
51766,0 days 02:00:00
51803,0 days 06:15:00
51804,0 days 06:20:00
51805,0 days 07:05:00
51806,0 days 07:45:00
51807,0 days 04:20:00
51811,0 days 03:55:00
51812,0 days 04:10:00
51813,0 days 08:35:00
51814,0 days 07:50:00
51815,0 days 05:10:00
51816,0 days 05:30:00
51817,0 days 08:20:00
51818,0 days 07:15:00
51821,0 days 01:15:00
51822,0 days 01:15:00
51827,0 days 15:40:00
51828,0 days 17:10:00
51829,0 days 09:45:00
51830,0 days 08:35:00
51831,0 days 07:40:00
51832,0 days 05:05:00
51861,0 days 00:35:00
51862,0 days 00:35:00
51863,0 days 00:35:00
51864,0 days 00:35:00
51865,0 days 00:35:00
51866,0 days 00:35:00
51867,0 days 00:35:00
51868,0 days 00:35:00
51869,0 days 00:35:00
51870,0 days 00:35:00
51881,0 days 03:20:00
51882,0 days 02:40:00
51883,0 days 10:30:00
51884,0 days 09:15:00
51885,0 days 03:50:00
51886,0 days 03:35:00
51901,0 days 07:00:00
51902,0 days 06:25:00
51905,0 days 03:20:00
51906,0 days 02:30:00
51907,0 days 02:05:00
51908,0 days 01:55:00
51909,0 days 05:40:00
51910,0 days 05:20:00
51911,0 days 05:05:00
51912,0 days 05:35:00
51913,0 days 05:30:00
51914,0 days 04:55:00
51915,0 days 01:45:00
51916,0 days 02:05:00
51971,0 days 03:05:00
51972,0 days 02:45:00
51973,0 days 07:10:00
51974,0 days 07:50:00
52073,0 days 06:10:00
52074,0 days 06:05:00
52075,0 days 06:00:00
52076,0 days 05:55:00
52171,0 days 10:55:00
52172,0 days 11:00:00
52173,0 days 05:10:00
52174,0 days 05:00:00
52175,0 days 04:40:00
52176,0 days 04:40:00
52177,0 days 05:40:00
52178,0 days 05:30:00
52179,0 days 03:00:00
52180,0 days 02:55:00
52181,0 days 02:25:00
52182,0 days 01:10:00
52183,0 days 01:40:00
52184,0 days 02:55:00
52205,0 days 02:15:00
52206,0 days 02:10:00
52207,0 days 02:15:00
52208,0 days 02:30:00
52221,0 days 02:25:00
52222,0 days 02:25:00
52223,0 days 02:20:00
52224,0 days 02:15:00
52225,0 days 02:00:00
52226,0 days 02:15:00
52229,0 days 02:50:00
52230,0 days 03:15:00
52231,0 days 02:40:00
52232,0 days 02:50:00
52233,0 days 02:50:00
52234,0 days 03:15:00
52235,0 days 03:05:00
52236,0 days 02:45:00
52239,0 days 03:10:00
52240,0 days 02:30:00
52241,0 days 07:30:00
52242,0 days 07:00:00
52251,0 days 07:15:00
52252,0 days 07:15:00
52253,0 days 08:00:00
52254,0 days 06:50:00
52255,0 days 07:15:00
52256,0 days 06:30:00
52257,0 days 06:30:00
52258,0 days 06:20:00
52259,0 days 07:15:00
52260,0 days 06:50:00
52263,0 days 02:00:00
52264,0 days 02:00:00
52265,0 days 02:00:00
52266,0 days 02:00:00
52267,0 days 02:15:00
52268,0 days 02:00:00
52297,0 days 02:15:00
52298,0 days 02:45:00
52451,0 days 04:40:00
52452,0 days 04:45:00
52453,0 days 05:05:00
52454,0 days 05:00:00
52455,0 days 05:20:00
52456,0 days 05:45:00
52457,0 days 05:25:00
52458,0 days 05:45:00
52461,0 days 03:55:00
52462,0 days 03:45:00
52463,0 days 06:45:00
52464,0 days 06:50:00
52465,0 days 07:15:00
52466,0 days 07:00:00
52467,0 days 07:35:00
52468,0 days 06:15:00
52469,0 days 06:40:00
52470,0 days 06:20:00
52471,0 days 09:10:00
52472,0 days 10:10:00
52473,0 days 09:45:00
52474,0 days 10:15:00
52540,0 days 07:10:00
52541,0 days 07:05:00
52570,0 days 03:15:00
52571,0 days 03:45:00
52587,0 days 02:35:00
52588,0 days 02:30:00
52591,0 days 01:45:00
52592,0 days 02:05:00
52593,0 days 02:00:00
52594,0 days 02:00:00
52595,0 days 02:00:00
52596,0 days 02:00:00
52597,0 days 01:45:00
52598,0 days 02:00:00
52599,0 days 02:00:00
52911,0 days 04:25:00
52912,0 days 03:55:00
52913,0 days 04:50:00
52914,0 days 04:15:00
52929,0 days 07:00:00
52930,0 days 05:55:00
52931,0 days 02:35:00
52932,0 days 02:25:00
52933,0 days 06:20:00
52934,0 days 04:45:00
52935,0 days 04:25:00
52938,0 days 05:00:00
52939,0 days 05:10:00
52940,0 days 04:45:00
52941,0 days 04:25:00
52942,0 days 03:40:00
52943,0 days 03:15:00
52944,0 days 03:55:00
52945,0 days 03:45:00
52946,0 days 05:45:00
52947,0 days 02:20:00
52948,0 days 02:15:00
52949,0 days 03:35:00
52950,0 days 03:15:00
52951,0 days 06:10:00
52952,0 days 06:05:00
52953,0 days 03:45:00
52954,0 days 02:35:00
52955,0 days 04:10:00
52956,0 days 03:50:00
52963,0 days 02:20:00
52964,0 days 02:30:00
52973,0 days 02:30:00
52974,0 days 02:30:00
52975,0 days 02:30:00
52976,0 days 02:30:00
52987,0 days 02:30:00
52988,0 days 02:30:00
53001,0 days 06:00:00
53002,0 days 06:45:00
53005,0 days 02:15:00
53006,0 days 01:50:00
53007,0 days 04:30:00
53008,0 days 05:30:00
53009,0 days 02:05:00
53010,0 days 02:10:00
53011,0 days 02:00:00
53012,0 days 02:15:00
53013,0 days 02:00:00
53014,0 days 02:00:00
53015,0 days 02:00:00
53016,0 days 02:20:00
53017,0 days 02:15:00
53018,0 days 02:13:00
53019,0 days 01:50:00
53020,0 days 02:02:00
53021,0 days 05:10:00
53022,0 days 05:15:00
53023,0 days 01:55:00
53024,0 days 01:40:00
53025,0 days 01:50:00
53026,0 days 02:10:00
53027,0 days 03:40:00
53028,0 days 03:50:00
53029,0 days 08:55:00
53030,0 days 08:10:00
53031,0 days 02:00:00
53034,0 days 01:45:00
53035,0 days 04:15:00
53036,0 days 02:45:00
53037,0 days 02:20:00
53038,0 days 02:25:00
53041,0 days 05:20:00
53042,0 days 02:50:00
53043,0 days 23:45:00
53044,0 days 23:40:00
53045,0 days 05:50:00
53046,0 days 06:05:00
53047,0 days 04:45:00
53048,0 days 05:00:00
53049,0 days 12:00:00
53050,0 days 14:50:00
53061,0 days 11:55:00
53062,0 days 12:55:00
53063,0 days 05:00:00
53064,0 days 05:55:00
53068,0 days 02:35:00
53069,0 days 02:40:00
53073,0 days 03:35:00
53074,0 days 03:35:00
53075,0 days 01:55:00
53076,0 days 02:10:00
53081,0 days 01:40:00
53131,0 days 18:25:00
53132,0 days 19:45:00
53137,0 days 01:55:00
53138,0 days 02:10:00
53139,0 days 07:25:00
53140,0 days 06:35:00
53171,0 days 05:50:00
53172,0 days 06:30:00
53175,0 days 05:50:00
53176,0 days 05:47:00
53177,0 days 05:20:00
53178,0 days 06:10:00
53179,0 days 05:35:00
53180,0 days 06:05:00
53181,0 days 05:40:00
53186,0 days 05:25:00
53207,0 days 02:20:00
53208,0 days 01:35:00
53209,0 days 03:30:00
53210,0 days 03:50:00
53211,0 days 04:30:00
53212,0 days 05:50:00
53213,0 days 03:05:00
53214,0 days 03:10:00
53221,0 days 02:30:00
53222,0 days 02:30:00
53223,0 days 03:00:00
53224,0 days 03:00:00
53225,0 days 05:30:00
53226,0 days 05:53:00
53229,0 days 05:00:00
53230,0 days 04:55:00
53231,0 days 08:35:00
53232,0 days 06:25:00
53323,0 days 01:20:00
53324,0 days 01:25:00
53327,0 days 02:05:00
53328,0 days 02:15:00
53333,0 days 01:30:00
53334,0 days 01:10:00
53343,0 days 13:20:00
53344,0 days 13:10:00
53345,0 days 08:35:00
53346,0 days 07:55:00
53347,0 days 07:00:00
53348,0 days 08:05:00
53349,0 days 04:15:00
53350,0 days 04:35:00
53351,0 days 08:55:00
53352,0 days 09:20:00
53357,0 days 08:10:00
53358,0 days 08:15:00
53363,0 days 02:05:00
53364,0 days 02:10:00
53365,0 days 02:30:00
53366,0 days 02:30:00
53369,0 days 02:30:00
53370,0 days 02:30:00
53371,0 days 04:30:00
53372,0 days 04:20:00
53373,0 days 04:10:00
53374,0 days 04:20:00
53401,0 days 03:15:00
53402,0 days 03:05:00
53403,0 days 18:22:00
53404,0 days 06:30:00
53405,0 days 03:26:00
53406,0 days 04:05:00
53408,0 days 08:45:00
53411,0 days 01:30:00
53412,0 days 01:30:00
53415,0 days 04:30:00
53416,0 days 04:05:00
53417,0 days 06:00:00
53418,0 days 06:40:00
53423,0 days 01:15:00
53424,0 days 01:25:00
53431,0 days 04:50:00
53432,0 days 03:55:00
53433,0 days 03:15:00
53434,0 days 02:45:00
53435,0 days 02:20:00
53436,0 days 02:25:00
53441,0 days 02:55:00
53442,0 days 02:55:00
53443,0 days 02:45:00
53444,0 days 03:00:00
53445,0 days 03:00:00
53446,0 days 02:55:00
53447,0 days 02:15:00
53448,0 days 02:20:00
53449,0 days 02:15:00
53450,0 days 02:20:00
53451,0 days 01:20:00
53452,0 days 01:25:00
53479,0 days 01:20:00
53480,0 days 01:25:00
53481,0 days 00:25:00
53482,0 days 00:25:00
53483,0 days 00:25:00
53484,0 days 00:25:00
53485,0 days 00:28:00
53486,0 days 00:25:00
53487,0 days 00:28:00
53488,0 days 00:25:00
53489,0 days 00:25:00
53490,0 days 00:25:00
53491,0 days 00:25:00
53492,0 days 00:28:00
53493,0 days 00:25:00
53494,0 days 00:25:00
53495,0 days 00:25:00
53496,0 days 00:25:00
53497,0 days 01:40:00
53498,0 days 02:07:00
53511,0 days 01:00:00
53512,0 days 00:55:00
53513,0 days 01:00:00
53514,0 days 01:00:00
53515,0 days 01:00:00
53516,0 days 01:00:00
53517,0 days 01:00:00
53518,0 days 00:55:00
53519,0 days 00:55:00
53520,0 days 00:55:00
53523,0 days 06:15:00
53524,0 days 06:50:00
53525,0 days 13:40:00
53526,0 days 13:30:00
53551,0 days 01:40:00
53552,0 days 01:40:00
53553,0 days 01:40:00
53554,0 days 01:40:00
53555,0 days 01:45:00
53556,0 days 01:45:00
53611,0 days 04:35:00
53612,0 days 04:45:00
53615,0 days 06:05:00
53616,0 days 05:20:00
53623,0 days 06:25:00
53624,0 days 07:55:00
53625,0 days 05:15:00
53626,0 days 04:50:00
53627,0 days 05:25:00
53628,0 days 05:45:00
53629,0 days 04:45:00
53630,0 days 04:45:00
53631,0 days 04:05:00
53632,0 days 04:35:00
53641,0 days 02:25:00
53642,0 days 01:30:00
53643,0 days 01:00:00
53644,0 days 01:00:00
53645,0 days 01:00:00
53646,0 days 01:00:00
53647,0 days 01:00:00
53648,0 days 01:00:00
54001,0 days 02:40:00
54002,0 days 02:28:00
54005,0 days 03:55:00
54006,0 days 04:35:00
54007,0 days 04:20:00
54008,0 days 04:10:00
54009,0 days 04:40:00
54010,0 days 00:45:00
54011,0 days 06:40:00
54012,0 days 06:28:00
54013,0 days 01:05:00
54014,0 days 01:35:00
54015,0 days 01:35:00
54016,0 days 01:15:00
54018,0 days 01:25:00
54019,0 days 01:40:00
54023,0 days 01:20:00
54024,0 days 04:35:00
54025,0 days 02:45:00
54026,0 days 01:45:00
54031,0 days 03:35:00
54032,0 days 03:40:00
54033,0 days 05:00:00
54034,0 days 03:55:00
54035,0 days 06:00:00
54036,0 days 05:35:00
54037,0 days 03:25:00
54038,0 days 03:00:00
54039,0 days 03:15:00
54040,0 days 03:05:00
54041,0 days 03:05:00
54042,0 days 03:10:00
54043,0 days 08:00:00
54044,0 days 09:50:00
54045,0 days 09:10:00
54046,0 days 07:20:00
54047,0 days 02:55:00
54048,0 days 03:20:00
54049,0 days 04:20:00
54050,0 days 04:15:00
54051,0 days 03:05:00
54052,0 days 02:50:00
54053,0 days 03:15:00
54054,0 days 03:35:00
54055,0 days 05:55:00
54056,0 days 05:35:00
54057,0 days 03:40:00
54058,0 days 03:40:00
54059,0 days 02:30:00
54060,0 days 03:40:00
54075,0 days 13:15:00
54076,0 days 13:45:00
54077,0 days 04:25:00
54078,0 days 04:50:00
54085,0 days 02:40:00
54086,0 days 03:10:00
54091,0 days 00:50:00
54092,0 days 00:50:00
54101,0 days 06:15:00
54102,0 days 06:05:00
54103,0 days 03:05:00
54104,0 days 03:10:00
54107,0 days 05:10:00
54108,0 days 04:35:00
54109,0 days 06:55:00
54110,0 days 07:05:00
54152,0 days 02:45:00
54153,0 days 05:50:00
54154,0 days 05:38:00
54155,0 days 04:25:00
54156,0 days 04:10:00
54158,0 days 03:40:00
54159,0 days 11:35:00
54161,0 days 06:35:00
54162,0 days 06:40:00
54201,0 days 01:05:00
54211,0 days 04:20:00
54212,0 days 04:40:00
54221,0 days 01:50:00
54222,0 days 02:15:00
54223,0 days 02:25:00
54224,0 days 02:00:00
54225,0 days 00:50:00
54226,0 days 00:50:00
54227,0 days 01:15:00
54228,0 days 00:50:00
54231,0 days 03:40:00
54232,0 days 04:15:00
54233,0 days 03:10:00
54234,0 days 04:20:00
54237,0 days 01:30:00
54238,0 days 01:30:00
54239,0 days 01:00:00
54240,0 days 00:55:00
54243,0 days 01:00:00
54244,0 days 01:05:00
54251,0 days 22:50:00
54252,0 days 19:50:00
54253,0 days 09:10:00
54254,0 days 07:20:00
54255,0 days 08:55:00
54256,0 days 10:10:00
54261,0 days 03:00:00
54262,0 days 02:00:00
54263,0 days 03:30:00
54264,0 days 03:40:00
54265,0 days 03:55:00
54266,0 days 04:15:00
54267,0 days 00:50:00
54268,0 days 00:50:00
54270,0 days 00:47:00
54271,0 days 07:10:00
54272,0 days 05:48:00
54273,0 days 03:25:00
54274,0 days 04:20:00
54281,0 days 04:05:00
54282,0 days 04:15:00
54283,0 days 05:10:00
54284,0 days 03:50:00
54291,0 days 03:40:00
54292,0 days 04:15:00
54293,0 days 05:35:00
54294,0 days 06:35:00
54303,0 days 08:30:00
54304,0 days 12:35:00
54307,0 days 06:10:00
54308,0 days 06:20:00
54309,0 days 02:50:00
54310,0 days 02:50:00
54311,0 days 03:30:00
54312,0 days 03:45:00
54313,0 days 01:55:00
54314,0 days 01:45:00
54321,0 days 04:53:00
54322,0 days 02:50:00
54323,0 days 02:25:00
54324,0 days 02:20:00
54325,0 days 09:05:00
54326,0 days 09:00:00
54327,0 days 02:50:00
54328,0 days 02:20:00
54329,0 days 03:25:00
54330,0 days 03:15:00
54331,0 days 02:25:00
54332,0 days 02:25:00
54333,0 days 12:30:00
54334,0 days 10:40:00
54335,0 days 03:50:00
54336,0 days 03:55:00
54341,0 days 06:25:00
54342,0 days 05:20:00
54351,0 days 06:10:00
54352,0 days 05:45:00
54353,0 days 05:50:00
54354,0 days 05:50:00
54355,0 days 02:15:00
54356,0 days 03:10:00
54371,0 days 06:45:00
54372,0 days 05:10:00
54373,0 days 04:55:00
54374,0 days 05:30:00
54375,0 days 04:05:00
54376,0 days 03:55:00
54377,0 days 14:30:00
54378,0 days 15:30:00
54381,0 days 03:45:00
54382,0 days 04:35:00
54383,0 days 04:00:00
54384,0 days 03:50:00
54385,0 days 00:50:00
54386,0 days 00:50:00
54387,0 days 00:50:00
54388,0 days 00:50:00
54389,0 days 00:50:00
54390,0 days 00:50:00
54391,0 days 04:35:00
54392,0 days 04:45:00
54393,0 days 02:10:00
54394,0 days 02:20:00
54395,0 days 06:15:00
54396,0 days 05:30:00
54397,0 days 02:40:00
54398,0 days 02:20:00
54401,0 days 03:35:00
54402,0 days 04:20:00
54403,0 days 03:10:00
54404,0 days 02:55:00
54405,0 days 03:30:00
54406,0 days 02:55:00
54411,0 days 05:45:00
54412,0 days 05:25:00
54413,0 days 02:30:00
54414,0 days 02:35:00
54416,0 days 02:30:00
54417,0 days 02:35:00
54420,0 days 02:55:00
54421,0 days 03:10:00
54423,0 days 03:35:00
54424,0 days 03:40:00
54461,0 days 15:40:00
54462,0 days 14:45:00
54463,0 days 09:40:00
54464,0 days 11:10:00
54465,0 days 04:10:00
54466,0 days 04:35:00
54467,0 days 02:20:00
54468,0 days 01:40:00
54469,0 days 01:50:00
54470,0 days 01:50:00
54471,0 days 11:05:00
54472,0 days 11:55:00
54473,0 days 05:55:00
54474,0 days 05:05:00
54475,0 days 12:00:00
54476,0 days 11:50:00
54481,0 days 01:05:00
54482,0 days 01:00:00
54483,0 days 01:00:00
54484,0 days 01:10:00
54485,0 days 01:10:00
54486,0 days 00:55:00
54531,0 days 01:50:00
54532,0 days 01:40:00
54539,0 days 11:15:00
54540,0 days 10:25:00
54541,0 days 05:55:00
54542,0 days 07:05:00
54551,0 days 05:05:00
54552,0 days 05:15:00
54553,0 days 02:30:00
54555,0 days 02:20:00
54556,0 days 05:20:00
54557,0 days 01:20:00
54558,0 days 01:20:00
54559,0 days 03:00:00
54560,0 days 03:05:00
54561,0 days 02:05:00
54562,0 days 02:25:00
54563,0 days 02:10:00
54564,0 days 02:20:00
54571,0 days 03:25:00
54572,0 days 03:50:00
54575,0 days 02:25:00
54576,0 days 02:30:00
54581,0 days 01:10:00
54582,0 days 01:15:00
54601,0 days 09:20:00
54602,0 days 12:30:00
54603,0 days 05:45:00
54604,0 days 05:35:00
54605,0 days 07:45:00
54606,0 days 05:45:00
54611,0 days 02:55:00
54612,0 days 02:55:00
54613,0 days 03:00:00
54614,0 days 03:00:00
54615,0 days 03:20:00
54616,0 days 03:05:00
54621,0 days 03:00:00
54622,0 days 03:20:00
54625,0 days 03:15:00
54626,0 days 03:20:00
54631,0 days 05:30:00
54632,0 days 06:15:00
54633,0 days 07:05:00
54634,0 days 08:15:00
54635,0 days 06:05:00
54636,0 days 05:35:00
54637,0 days 01:30:00
54638,0 days 01:10:00
54641,0 days 12:25:00
54642,0 days 11:20:00
54643,0 days 03:30:00
54644,0 days 03:25:00
54645,0 days 02:50:00
54646,0 days 03:25:00
54651,0 days 01:20:00
54654,0 days 01:30:00
54701,0 days 07:30:00
54702,0 days 10:10:00
54703,0 days 18:20:00
54704,0 days 14:50:00
54751,0 days 11:35:00
54752,0 days 10:45:00
54753,0 days 03:10:00
54754,0 days 03:05:00
54755,0 days 03:05:00
54756,0 days 03:10:00
54757,0 days 09:30:00
54758,0 days 08:40:00
54759,0 days 03:00:00
54760,0 days 02:55:00
54761,0 days 03:00:00
54762,0 days 03:00:00
54763,0 days 06:10:00
54764,0 days 05:45:00
54765,0 days 02:15:00
54766,0 days 02:40:00
54781,0 days 08:20:00
54782,0 days 07:40:00
54783,0 days 12:15:00
54784,0 days 11:25:00
54785,0 days 02:35:00
54786,0 days 02:25:00
54787,0 days 02:00:00
54788,0 days 01:50:00
54789,0 days 08:40:00
54790,0 days 08:45:00
54791,0 days 07:30:00
54792,0 days 08:05:00
54793,0 days 06:05:00
54794,0 days 05:45:00
54803,0 days 12:50:00
54804,0 days 14:10:00
54805,0 days 23:20:00
54806,0 days 22:10:00
54809,0 days 12:55:00
54810,0 days 13:35:00
54813,0 days 04:50:00
54819,0 days 07:00:00
54820,0 days 07:30:00
54822,0 days 01:00:00
54825,0 days 03:15:00
54826,0 days 03:45:00
54833,0 days 09:40:00
54834,0 days 09:40:00
54835,0 days 03:40:00
54836,0 days 03:45:00
54881,0 days 02:10:00
54882,0 days 02:15:00
55001,0 days 05:35:00
55002,0 days 05:10:00
55007,0 days 10:45:00
55008,0 days 09:27:00
55009,0 days 02:50:00
55010,0 days 03:45:00
55011,0 days 03:45:00
55012,0 days 03:50:00
55013,0 days 08:10:00
55014,0 days 08:10:00
55017,0 days 04:15:00
55018,0 days 04:41:00
55019,0 days 05:45:00
55020,0 days 05:50:00
55021,0 days 07:20:00
55022,0 days 08:00:00
55025,0 days 04:40:00
55026,0 days 05:10:00
55027,0 days 05:30:00
55028,0 days 04:00:00
55029,0 days 04:50:00
55030,0 days 05:30:00
55031,0 days 13:35:00
55032,0 days 11:50:00
55033,0 days 03:50:00
55034,0 days 05:10:00
55035,0 days 04:15:00
55036,0 days 04:20:00
55037,0 days 02:55:00
55038,0 days 02:20:00
55041,0 days 04:15:00
55042,0 days 05:35:00
55043,0 days 03:15:00
55044,0 days 03:20:00
55045,0 days 03:55:00
55046,0 days 03:15:00
55049,0 days 10:35:00
55050,0 days 12:45:00
55051,0 days 03:10:00
55052,0 days 03:05:00
55055,0 days 02:15:00
55056,0 days 01:00:00
55071,0 days 05:00:00
55072,0 days 04:55:00
55073,0 days 05:00:00
55074,0 days 04:30:00
55075,0 days 06:30:00
55076,0 days 06:05:00
55077,0 days 03:55:00
55078,0 days 03:30:00
55079,0 days 06:15:00
55080,0 days 04:45:00
55081,0 days 06:10:00
55082,0 days 04:50:00
55101,0 days 01:10:00
55102,0 days 01:35:00
55103,0 days 01:20:00
55104,0 days 01:15:00
55105,0 days 00:55:00
55106,0 days 00:55:00
55107,0 days 00:50:00
55108,0 days 00:50:00
55109,0 days 01:00:00
55110,0 days 00:55:00
55111,0 days 00:50:00
55112,0 days 00:50:00
55113,0 days 00:55:00
55114,0 days 00:55:00
55115,0 days 04:10:00
55116,0 days 03:15:00
55119,0 days 08:20:00
55120,0 days 10:00:00
55122,0 days 05:30:00
55123,0 days 05:25:00
55125,0 days 04:00:00
55126,0 days 04:05:00
55127,0 days 04:05:00
55128,0 days 04:00:00
55129,0 days 03:20:00
55130,0 days 04:10:00
55131,0 days 08:00:00
55132,0 days 07:25:00
55133,0 days 03:40:00
55134,0 days 04:35:00
55135,0 days 04:55:00
55136,0 days 04:40:00
55137,0 days 05:50:00
55138,0 days 04:45:00
55139,0 days 05:05:00
55140,0 days 07:10:00
55141,0 days 03:10:00
55142,0 days 02:45:00
55143,0 days 01:45:00
55144,0 days 01:30:00
55145,0 days 00:50:00
55146,0 days 00:55:00
55149,0 days 07:05:00
55150,0 days 07:30:00
55159,0 days 01:45:00
55160,0 days 01:30:00
55163,0 days 05:55:00
55164,0 days 05:55:00
55165,0 days 01:10:00
55166,0 days 01:40:00
55167,0 days 00:25:00
55168,0 days 00:25:00
55169,0 days 00:30:00
55170,0 days 00:20:00
55171,0 days 00:25:00
55172,0 days 00:25:00
55173,0 days 00:25:00
55174,0 days 00:25:00
55175,0 days 00:25:00
55176,0 days 00:25:00
55177,0 days 00:25:00
55178,0 days 00:25:00
55179,0 days 00:20:00
55180,0 days 00:25:00
55181,0 days 03:35:00
55182,0 days 03:35:00
55183,0 days 03:40:00
55184,0 days 03:40:00
55207,0 days 04:17:00
55208,0 days 05:05:00
55209,0 days 06:00:00
55211,0 days 04:40:00
55212,0 days 04:45:00
55213,0 days 06:10:00
55214,0 days 05:15:00
55215,0 days 02:35:00
55216,0 days 03:10:00
55217,0 days 02:40:00
55218,0 days 03:10:00
55220,0 days 06:05:00
55221,0 days 04:40:00
55222,0 days 05:45:00
55223,0 days 09:42:00
55224,0 days 10:27:00
55225,0 days 04:15:00
55226,0 days 04:50:00
55227,0 days 01:18:00
55228,0 days 01:40:00
55229,0 days 03:55:00
55230,0 days 04:30:00
55231,0 days 01:30:00
55232,0 days 01:00:00
55237,0 days 01:50:00
55238,0 days 01:30:00
55239,0 days 02:10:00
55240,0 days 02:00:00
55301,0 days 04:05:00
55302,0 days 05:15:00
55303,0 days 05:35:00
55304,0 days 05:40:00
55305,0 days 02:00:00
55306,0 days 02:30:00
55307,0 days 02:15:00
55308,0 days 02:20:00
55309,0 days 02:30:00
55310,0 days 02:10:00
55311,0 days 01:35:00
55312,0 days 01:40:00
55313,0 days 00:35:00
55314,0 days 00:35:00
55315,0 days 01:20:00
55316,0 days 01:20:00
55317,0 days 01:20:00
55318,0 days 01:15:00
55319,0 days 01:15:00
55320,0 days 01:30:00
55321,0 days 02:15:00
55322,0 days 02:25:00
55323,0 days 02:15:00
55324,0 days 02:00:00
55325,0 days 10:15:00
55326,0 days 09:55:00
55327,0 days 03:55:00
55328,0 days 04:05:00
55329,0 days 07:35:00
55330,0 days 05:50:00
55331,0 days 02:35:00
55332,0 days 02:50:00
55333,0 days 04:45:00
55334,0 days 05:05:00
55335,0 days 02:15:00
55336,0 days 02:15:00
55337,0 days 04:00:00
55338,0 days 04:00:00
55339,0 days 02:35:00
55340,0 days 02:25:00
55341,0 days 05:25:00
55342,0 days 05:35:00
55343,0 days 03:30:00
55344,0 days 03:30:00
55345,0 days 03:30:00
55346,0 days 03:40:00
55347,0 days 02:30:00
55348,0 days 02:15:00
55349,0 days 02:30:00
55350,0 days 02:25:00
55351,0 days 02:25:00
55352,0 days 02:30:00
55353,0 days 02:15:00
55354,0 days 02:30:00
55355,0 days 03:35:00
55356,0 days 03:20:00
55357,0 days 03:20:00
55358,0 days 03:45:00
55359,0 days 02:45:00
55360,0 days 03:00:00
55361,0 days 02:00:00
55362,0 days 01:55:00
55363,0 days 02:00:00
55364,0 days 01:55:00
55365,0 days 02:00:00
55366,0 days 01:55:00
55367,0 days 02:00:00
55368,0 days 02:00:00
55369,0 days 01:40:00
55370,0 days 01:50:00
55371,0 days 00:45:00
55372,0 days 00:45:00
55373,0 days 00:45:00
55374,0 days 00:45:00
55375,0 days 00:45:00
55376,0 days 00:45:00
55421,0 days 02:55:00
55422,0 days 03:05:00
55465,0 days 02:35:00
55466,0 days 02:45:00
55467,0 days 08:15:00
55468,0 days 08:50:00
55513,0 days 04:00:00
55514,0 days 04:00:00
55517,0 days 03:30:00
55518,0 days 03:00:00
55519,0 days 03:55:00
55520,0 days 03:45:00
55525,0 days 01:40:00
55526,0 days 02:00:00
55527,0 days 11:00:00
55528,0 days 10:20:00
55533,0 days 04:45:00
55534,0 days 04:45:00
55537,0 days 07:30:00
55538,0 days 07:30:00
55539,0 days 11:25:00
55540,0 days 09:55:00
55541,0 days 06:25:00
55542,0 days 07:38:00
55549,0 days 05:00:00
55550,0 days 03:05:00
55553,0 days 05:20:00
55554,0 days 04:25:00
55555,0 days 04:05:00
55556,0 days 05:45:00
55559,0 days 05:30:00
55560,0 days 04:40:00
55563,0 days 03:45:00
55564,0 days 03:30:00
55565,0 days 04:45:00
55566,0 days 05:05:00
55567,0 days 05:35:00
55568,0 days 05:30:00
55569,0 days 00:45:00
55570,0 days 00:40:00
55571,0 days 03:55:00
55572,0 days 03:45:00
55575,0 days 02:30:00
55576,0 days 03:00:00
55577,0 days 02:20:00
55578,0 days 02:45:00
55583,0 days 03:20:00
55584,0 days 03:15:00
55601,0 days 05:55:00
55602,0 days 06:45:00
55603,0 days 05:00:00
55604,0 days 05:00:00
55615,0 days 14:05:00
55616,0 days 13:15:00
55661,0 days 02:50:00
55662,0 days 02:25:00
55663,0 days 09:15:00
55664,0 days 08:30:00
55665,0 days 02:30:00
55666,0 days 02:20:00
55667,0 days 04:05:00
55668,0 days 03:50:00
55675,0 days 04:00:00
55676,0 days 04:00:00
55677,0 days 05:15:00
55678,0 days 04:50:00
55679,0 days 03:45:00
55680,0 days 04:15:00
55681,0 days 01:15:00
55682,0 days 01:10:00
55683,0 days 01:15:00
55684,0 days 01:05:00
55685,0 days 02:55:00
55686,0 days 02:40:00
55687,0 days 04:40:00
55688,0 days 03:45:00
55689,0 days 03:45:00
55690,0 days 03:00:00
55701,0 days 03:45:00
55702,0 days 03:00:00
55703,0 days 03:14:00
55704,0 days 03:20:00
55707,0 days 03:45:00
55708,0 days 03:45:00
55709,0 days 01:10:00
55710,0 days 01:05:00
55711,0 days 07:30:00
55712,0 days 08:00:00
55713,0 days 15:00:00
55714,0 days 12:25:00
55719,0 days 02:10:00
55720,0 days 02:10:00
55721,0 days 04:30:00
55722,0 days 04:30:00
55725,0 days 05:35:00
55726,0 days 05:05:00
55727,0 days 03:00:00
55728,0 days 02:55:00
55729,0 days 03:00:00
55730,0 days 03:20:00
55733,0 days 02:50:00
55734,0 days 03:05:00
55735,0 days 02:55:00
55736,0 days 03:00:00
55740,0 days 03:00:00
55741,0 days 02:45:00
55742,0 days 03:00:00
55743,0 days 03:00:00
55744,0 days 02:55:00
55749,0 days 01:45:00
55750,0 days 01:50:00
55751,0 days 01:40:00
55752,0 days 01:35:00
55753,0 days 08:40:00
55754,0 days 07:50:00
55755,0 days 03:05:00
55756,0 days 03:05:00
55763,0 days 03:00:00
55764,0 days 03:00:00
55769,0 days 03:45:00
55770,0 days 03:20:00
55771,0 days 01:45:00
55772,0 days 01:45:00
55801,0 days 04:25:00
55802,0 days 04:30:00
55803,0 days 04:35:00
55804,0 days 04:40:00
55809,0 days 04:40:00
55810,0 days 05:05:00
55811,0 days 08:10:00
55812,0 days 08:20:00
55813,0 days 09:40:00
55814,0 days 09:40:00
55817,0 days 05:45:00
55818,0 days 04:55:00
55819,0 days 04:40:00
55820,0 days 03:50:00
55823,0 days 00:40:00
55824,0 days 00:40:00
55861,0 days 04:10:00
55862,0 days 04:30:00
55893,0 days 03:05:00
55894,0 days 02:45:00
55895,0 days 12:05:00
55896,0 days 11:45:00
55901,0 days 13:30:00
55902,0 days 13:40:00
55903,0 days 06:00:00
55904,0 days 06:00:00
55909,0 days 02:40:00
55910,0 days 02:40:00
55913,0 days 06:25:00
55914,0 days 06:05:00
56001,0 days 01:30:00
56002,0 days 01:35:00
56003,0 days 01:25:00
56004,0 days 01:35:00
56005,0 days 01:40:00
56006,0 days 01:35:00
56007,0 days 01:45:00
56008,0 days 01:50:00
56009,0 days 01:55:00
56010,0 days 02:10:00
56011,0 days 05:35:00
56012,0 days 06:10:00
56013,0 days 02:20:00
56014,0 days 02:15:00
56033,0 days 02:15:00
56034,0 days 02:30:00
56035,0 days 01:45:00
56036,0 days 01:40:00
56037,0 days 04:20:00
56038,0 days 04:35:00
56041,0 days 09:45:00
56042,0 days 09:25:00
56043,0 days 00:30:00
56044,0 days 00:35:00
56100,0 days 03:25:00
56101,0 days 03:05:00
56102,0 days 01:05:00
56103,0 days 01:05:00
56105,0 days 02:10:00
56106,0 days 02:10:00
56107,0 days 02:00:00
56108,0 days 02:00:00
56109,0 days 03:50:00
56110,0 days 04:00:00
56111,0 days 04:35:00
56112,0 days 06:00:00
56113,0 days 03:25:00
56114,0 days 03:15:00
56115,0 days 02:00:00
56116,0 days 02:15:00
56136,0 days 04:50:00
56137,0 days 03:35:00
56138,0 days 01:15:00
56139,0 days 01:10:00
56140,0 days 01:10:00
56141,0 days 01:20:00
56142,0 days 01:05:00
56143,0 days 01:15:00
56144,0 days 00:50:00
56145,0 days 00:50:00
56146,0 days 00:50:00
56147,0 days 00:50:00
56148,0 days 00:50:00
56149,0 days 00:55:00
56150,0 days 00:50:00
56151,0 days 00:50:00
56201,0 days 01:40:00
56202,0 days 01:40:00
56203,0 days 01:45:00
56204,0 days 01:50:00
56205,0 days 00:55:00
56206,0 days 00:50:00
56207,0 days 01:40:00
56208,0 days 01:50:00
56209,0 days 01:50:00
56210,0 days 01:45:00
56215,0 days 07:15:00
56216,0 days 07:15:00
56217,0 days 02:30:00
56218,0 days 02:50:00
56221,0 days 01:45:00
56222,0 days 01:45:00
56223,0 days 04:30:00
56224,0 days 04:10:00
56225,0 days 02:05:00
56226,0 days 01:50:00
56227,0 days 07:05:00
56228,0 days 07:20:00
56231,0 days 03:25:00
56232,0 days 03:15:00
56237,0 days 03:20:00
56238,0 days 03:20:00
56241,0 days 05:25:00
56242,0 days 05:35:00
56261,0 days 10:45:00
56262,0 days 08:30:00
56263,0 days 04:20:00
56264,0 days 04:05:00
56265,0 days 03:55:00
56266,0 days 03:55:00
56267,0 days 04:25:00
56268,0 days 04:10:00
56269,0 days 06:10:00
56270,0 days 06:20:00
56271,0 days 03:10:00
56272,0 days 02:50:00
56273,0 days 08:15:00
56274,0 days 07:15:00
56275,0 days 09:15:00
56276,0 days 09:05:00
56277,0 days 06:35:00
56278,0 days 06:45:00
56281,0 days 05:15:00
56282,0 days 05:05:00
56300,0 days 02:10:00
56301,0 days 02:00:00
56302,0 days 01:35:00
56303,0 days 01:35:00
56304,0 days 07:30:00
56305,0 days 02:40:00
56307,0 days 02:05:00
56308,0 days 02:00:00
56309,0 days 01:50:00
56310,0 days 02:00:00
56311,0 days 02:00:00
56313,0 days 01:50:00
56315,0 days 02:00:00
56316,0 days 01:55:00
56317,0 days 02:45:00
56318,0 days 02:25:00
56319,0 days 13:40:00
56320,0 days 13:00:00
56323,0 days 11:20:00
56324,0 days 12:00:00
56331,0 days 01:20:00
56332,0 days 01:25:00
56333,0 days 02:00:00
56334,0 days 01:50:00
56335,0 days 01:55:00
56336,0 days 01:45:00
56337,0 days 01:25:00
56338,0 days 01:25:00
56361,0 days 03:10:00
56362,0 days 05:35:00
56363,0 days 05:10:00
56364,0 days 03:30:00
56365,0 days 09:25:00
56366,0 days 10:35:00
56370,0 days 02:40:00
56371,0 days 02:35:00
56373,0 days 00:30:00
56374,0 days 00:35:00
56375,0 days 02:55:00
56376,0 days 02:45:00
56377,0 days 01:05:00
56378,0 days 01:05:00
56379,0 days 01:45:00
56380,0 days 02:35:00
56381,0 days 02:25:00
56382,0 days 02:25:00
56383,0 days 02:55:00
56384,0 days 01:35:00
56385,0 days 01:45:00
56386,0 days 01:45:00
56387,0 days 02:55:00
56388,0 days 02:55:00
56389,0 days 01:50:00
56390,0 days 01:50:00
56391,0 days 04:20:00
56392,0 days 04:35:00
56393,0 days 02:35:00
56394,0 days 02:30:00
56501,0 days 22:25:00
56502,0 days 19:40:00
56503,0 days 22:35:00
56504,0 days 20:30:00
56505,0 days 00:35:00
56506,0 days 00:35:00
56507,0 days 03:05:00
56508,0 days 02:35:00
56509,0 days 03:00:00
56510,0 days 02:30:00
56511,0 days 00:35:00
56512,0 days 00:35:00
56513,0 days 15:20:00
56514,0 days 15:15:00
56515,0 days 13:00:00
56516,0 days 13:10:00
56517,0 days 02:30:00
56518,0 days 02:35:00
56519,0 days 01:15:00
56520,0 days 01:00:00
56600,0 days 02:20:00
56601,0 days 02:15:00
56602,0 days 05:55:00
56603,0 days 06:20:00
56604,0 days 02:50:00
56605,0 days 04:05:00
56610,0 days 03:40:00
56611,0 days 02:45:00
56612,0 days 01:40:00
56613,0 days 01:35:00
56614,0 days 01:35:00
56616,0 days 01:40:00
56617,0 days 01:35:00
56619,0 days 01:35:00
56620,0 days 01:40:00
56621,0 days 01:40:00
56640,0 days 06:50:00
56641,0 days 07:55:00
56642,0 days 01:30:00
56643,0 days 01:25:00
56644,0 days 01:30:00
56645,0 days 01:20:00
56646,0 days 02:40:00
56647,0 days 02:20:00
56650,0 days 07:45:00
56651,0 days 07:25:00
56652,0 days 02:45:00
56653,0 days 02:25:00
56654,0 days 06:00:00
56655,0 days 03:20:00
56656,0 days 03:25:00
56657,0 days 02:15:00
56659,0 days 01:10:00
56661,0 days 02:10:00
56663,0 days 03:50:00
56664,0 days 03:25:00
56665,0 days 05:15:00
56666,0 days 05:05:00
56700,0 days 11:50:00
56701,0 days 14:55:00
56703,0 days 02:25:00
56704,0 days 02:15:00
56705,0 days 09:10:00
56706,0 days 08:25:00
56707,0 days 01:20:00
56708,0 days 01:30:00
56709,0 days 03:25:00
56710,0 days 02:55:00
56711,0 days 05:00:00
56714,0 days 05:05:00
56715,0 days 05:50:00
56716,0 days 05:35:00
56717,0 days 02:25:00
56718,0 days 01:55:00
56719,0 days 00:20:00
56721,0 days 03:55:00
56722,0 days 03:50:00
56723,0 days 03:40:00
56724,0 days 03:50:00
56725,0 days 04:30:00
56726,0 days 04:00:00
56731,0 days 03:30:00
56732,0 days 03:45:00
56733,0 days 03:40:00
56734,0 days 03:45:00
56735,0 days 04:10:00
56736,0 days 03:55:00
56741,0 days 02:50:00
56742,0 days 02:05:00
56761,0 days 01:45:00
56762,0 days 01:45:00
56763,0 days 01:30:00
56764,0 days 01:35:00
56765,0 days 01:55:00
56766,0 days 01:45:00
56767,0 days 04:25:00
56768,0 days 04:10:00
56769,0 days 11:30:00
56770,0 days 11:20:00
56796,0 days 02:05:00
56797,0 days 02:35:00
56798,0 days 03:00:00
56799,0 days 02:15:00
56800,0 days 02:15:00
56801,0 days 02:20:00
56802,0 days 02:15:00
56803,0 days 02:40:00
56811,0 days 03:30:00
56812,0 days 03:15:00
56819,0 days 01:10:00
56820,0 days 01:20:00
56821,0 days 04:55:00
56822,0 days 05:10:00
56823,0 days 03:40:00
56824,0 days 03:35:00
56825,0 days 09:35:00
56826,0 days 09:10:00
56829,0 days 06:05:00
56830,0 days 06:30:00
56839,0 days 04:25:00
56840,0 days 06:05:00
56841,0 days 04:20:00
56842,0 days 03:40:00
56843,0 days 03:50:00
56844,0 days 03:45:00
56845,0 days 05:05:00
56846,0 days 05:10:00
56859,0 days 03:00:00
56860,0 days 03:05:00
56861,0 days 00:50:00
56862,0 days 00:45:00
56863,0 days 00:50:00
56864,0 days 00:55:00
56865,0 days 00:45:00
56866,0 days 00:50:00
56871,0 days 01:05:00
56872,0 days 01:05:00
56873,0 days 03:15:00
56874,0 days 03:30:00
56875,0 days 03:10:00
56876,0 days 03:00:00
56877,0 days 03:15:00
56878,0 days 03:05:00
56879,0 days 01:00:00
56880,0 days 01:00:00
56881,0 days 04:20:00
56882,0 days 07:50:00
56883,0 days 04:30:00
56884,0 days 07:05:00
56885,0 days 07:10:00
56886,0 days 04:10:00
56889,0 days 02:45:00
56902,0 days 00:50:00
56903,0 days 09:30:00
56904,0 days 09:50:00
56905,0 days 09:15:00
56906,0 days 09:40:00
56907,0 days 00:40:00
56909,0 days 13:25:00
56910,0 days 15:15:00
56911,0 days 04:50:00
56912,0 days 05:10:00
56913,0 days 12:15:00
56914,0 days 12:00:00
56915,0 days 04:55:00
56916,0 days 05:00:00
56917,0 days 01:25:00
56918,0 days 01:18:00
56921,0 days 03:30:00
56922,0 days 03:40:00
56925,0 days 01:20:00
56926,0 days 01:40:00
56961,0 days 01:50:00
56962,0 days 01:30:00
56963,0 days 01:45:00
56964,0 days 01:50:00
56965,0 days 01:45:00
56966,0 days 01:40:00
57121,0 days 05:30:00
57122,0 days 04:45:00
57123,0 days 09:00:00
57124,0 days 10:15:00
57129,0 days 14:15:00
57130,0 days 15:25:00
57131,0 days 01:10:00
57133,0 days 09:45:00
57134,0 days 10:30:00
57135,0 days 12:30:00
57136,0 days 14:10:00
57145,0 days 01:20:00
57146,0 days 01:20:00
57155,0 days 07:05:00
57156,0 days 05:45:00
57225,0 days 10:35:00
57226,0 days 09:15:00
57229,0 days 11:40:00
57230,0 days 12:10:00
57231,0 days 05:05:00
57232,0 days 05:45:00
57237,0 days 05:15:00
57238,0 days 06:05:00
57239,0 days 06:20:00
57240,0 days 07:20:00
57241,0 days 05:15:00
57242,0 days 05:30:00
57255,0 days 05:15:00
57256,0 days 04:30:00
57257,0 days 19:40:00
57258,0 days 19:45:00
57264,0 days 01:05:00
57265,0 days 01:15:00
57271,0 days 17:25:00
57272,0 days 17:45:00
57273,0 days 15:45:00
57274,0 days 15:10:00
57277,0 days 06:45:00
57278,0 days 05:15:00
57305,0 days 18:05:00
57306,0 days 16:15:00
57307,0 days 01:25:00
57308,0 days 01:30:00
57317,0 days 03:45:00
57320,0 days 03:15:00
57323,0 days 01:00:00
57324,0 days 01:00:00
57325,0 days 17:20:00
57326,0 days 18:00:00
57327,0 days 08:50:00
57328,0 days 09:15:00
57329,0 days 12:00:00
57330,0 days 10:50:00
57381,0 days 06:05:00
57382,0 days 05:35:00
57401,0 days 02:45:00
57402,0 days 03:35:00
57403,0 days 02:50:00
57404,0 days 02:55:00
57405,0 days 03:00:00
57406,0 days 03:55:00
57411,0 days 02:15:00
57412,0 days 01:35:00
57425,0 days 09:40:00
57426,0 days 10:05:00
57429,0 days 02:40:00
57430,0 days 02:20:00
57435,0 days 06:05:00
57436,0 days 05:50:00
57447,0 days 02:35:00
57448,0 days 06:05:00
57451,0 days 07:15:00
57452,0 days 06:05:00
57456,0 days 02:25:00
57473,0 days 06:45:00
57474,0 days 08:50:00
57475,0 days 12:00:00
57476,0 days 10:05:00
57477,0 days 13:30:00
57478,0 days 15:55:00
57486,0 days 02:50:00
57501,0 days 01:00:00
57502,0 days 03:30:00
57503,0 days 03:30:00
57504,0 days 01:05:00
57512,0 days 02:05:00
57515,0 days 15:25:00
57516,0 days 15:05:00
57517,0 days 02:45:00
57518,0 days 02:55:00
57521,0 days 02:45:00
57522,0 days 02:45:00
57539,0 days 08:25:00
57540,0 days 07:55:00
57541,0 days 10:00:00
57542,0 days 09:55:00
57547,0 days 13:10:00
57548,0 days 12:35:00
57549,0 days 16:40:00
57550,0 days 15:30:00
57551,0 days 05:25:00
57552,0 days 05:30:00
57553,0 days 08:25:00
57554,0 days 09:15:00
57557,0 days 03:50:00
57558,0 days 02:50:00
57561,0 days 18:10:00
57562,0 days 17:25:00
57563,0 days 10:35:00
57564,0 days 08:15:00
57581,0 days 04:50:00
57582,0 days 05:30:00
57583,0 days 06:15:00
57584,0 days 05:00:00
57590,0 days 01:05:00
57593,0 days 07:10:00
57594,0 days 07:15:00
57601,0 days 04:35:00
57602,0 days 04:10:00
57605,0 days 02:10:00
57606,0 days 02:50:00
57625,0 days 09:50:00
57626,0 days 09:40:00
57628,0 days 03:20:00
57631,0 days 09:10:00
57632,0 days 06:10:00
57641,0 days 07:50:00
57642,0 days 07:30:00
57649,0 days 00:50:00
57650,0 days 04:00:00
57651,0 days 09:20:00
57652,0 days 10:00:00
57657,0 days 05:35:00
57658,0 days 05:25:00
57659,0 days 09:20:00
57660,0 days 07:40:00
57685,0 days 02:40:00
57686,0 days 02:35:00
57687,0 days 04:05:00
57688,0 days 04:50:00
57689,0 days 04:25:00
57690,0 days 04:05:00
58001,0 days 15:25:00
58002,0 days 16:00:00
58003,0 days 07:05:00
58004,0 days 06:55:00
58005,0 days 07:35:00
58006,0 days 07:30:00
58007,0 days 04:25:00
58008,0 days 04:00:00
58009,0 days 06:20:00
58010,0 days 05:25:00
58011,0 days 10:15:00
58012,0 days 11:10:00
58013,0 days 02:55:00
58014,0 days 02:25:00
58015,0 days 05:35:00
58016,0 days 05:40:00
58017,0 days 05:50:00
58018,0 days 05:20:00
58019,0 days 01:25:00
58020,0 days 01:15:00
58021,0 days 03:55:00
58022,0 days 02:50:00
58023,0 days 06:00:00
58024,0 days 06:00:00
58025,0 days 10:50:00
58026,0 days 08:55:00
58029,0 days 01:55:00
58030,0 days 01:25:00
58031,0 days 01:30:00
58032,0 days 01:25:00
58033,0 days 03:20:00
58034,0 days 03:10:00
58103,0 days 04:10:00
58104,0 days 04:35:00
58109,0 days 04:00:00
58110,0 days 05:45:00
58111,0 days 00:05:00
58112,0 days 02:50:00
58113,0 days 13:10:00
58114,0 days 14:30:00
58117,0 days 14:05:00
58118,0 days 13:55:00
58131,0 days 15:30:00
58132,0 days 16:00:00
58133,0 days 02:20:00
58134,0 days 03:05:00
58135,0 days 01:17:00
58136,0 days 01:30:00
58137,0 days 01:22:00
58138,0 days 01:20:00
58143,0 days 06:00:00
58151,0 days 03:15:00
58152,0 days 03:15:00
58161,0 days 07:35:00
58162,0 days 07:40:00
58163,0 days 07:15:00
58164,0 days 05:58:00
58201,0 days 02:40:00
58202,0 days 03:05:00
58203,0 days 05:05:00
58204,0 days 05:35:00
58205,0 days 07:35:00
58206,0 days 10:00:00
58207,0 days 08:10:00
58208,0 days 08:20:00
58209,0 days 02:35:00
58210,0 days 02:50:00
58212,0 days 02:40:00
58213,0 days 13:20:00
58214,0 days 12:00:00
58217,0 days 05:00:00
58218,0 days 05:25:00
58219,0 days 08:50:00
58220,0 days 09:00:00
58221,0 days 05:25:00
58222,0 days 05:25:00
58223,0 days 04:35:00
58224,0 days 04:30:00
58227,0 days 02:15:00
58301,0 days 15:15:00
58302,0 days 15:00:00
58303,0 days 02:05:00
58304,0 days 01:30:00
58401,0 days 01:50:00
58402,0 days 01:50:00
58403,0 days 01:30:00
58404,0 days 01:15:00
58405,0 days 01:35:00
58406,0 days 01:45:00
58408,0 days 03:35:00
58409,0 days 01:15:00
58410,0 days 01:15:00
58411,0 days 04:20:00
58412,0 days 03:50:00
58413,0 days 06:10:00
58414,0 days 05:45:00
58415,0 days 02:50:00
58416,0 days 03:05:00
58417,0 days 12:40:00
58418,0 days 11:20:00
58419,0 days 06:20:00
58420,0 days 05:40:00
58421,0 days 05:40:00
58422,0 days 05:25:00
58423,0 days 03:15:00
58424,0 days 03:25:00
58425,0 days 05:10:00
58426,0 days 05:05:00
58427,0 days 02:55:00
58428,0 days 03:50:00
58429,0 days 01:45:00
58430,0 days 01:45:00
58431,0 days 01:35:00
58432,0 days 01:45:00
58433,0 days 03:55:00
58434,0 days 03:45:00
58435,0 days 03:00:00
58436,0 days 03:35:00
58501,0 days 13:55:00
58502,0 days 13:55:00
58503,0 days 04:20:00
58504,0 days 04:05:00
58505,0 days 08:45:00
58506,0 days 06:45:00
58525,0 days 05:55:00
58526,0 days 05:40:00
58527,0 days 16:05:00
58528,0 days 16:35:00
58529,0 days 17:25:00
58530,0 days 15:45:00
58531,0 days 04:35:00
58532,0 days 04:55:00
58533,0 days 07:25:00
58534,0 days 06:25:00
58535,0 days 01:50:00
58536,0 days 01:50:00
58537,0 days 09:55:00
58538,0 days 09:15:00
58601,0 days 03:50:00
58602,0 days 04:55:00
58603,0 days 07:45:00
58604,0 days 07:20:00
58621,0 days 05:15:00
58622,0 days 06:25:00
58651,0 days 01:30:00
58652,0 days 01:30:00
58653,0 days 02:35:00
58654,0 days 02:35:00
58655,0 days 01:30:00
58656,0 days 01:30:00
58657,0 days 01:30:00
58658,0 days 01:20:00
58659,0 days 05:30:00
58660,0 days 06:00:00
58661,0 days 06:15:00
58662,0 days 06:20:00
58701,0 days 05:45:00
58702,0 days 05:40:00
58711,0 days 02:20:00
58712,0 days 02:10:00
58713,0 days 02:25:00
58714,0 days 02:10:00
58715,0 days 02:25:00
58716,0 days 02:10:00
58717,0 days 01:15:00
58718,0 days 01:10:00
58719,0 days 00:50:00
58720,0 days 00:50:00
58721,0 days 00:50:00
58722,0 days 00:50:00
58801,0 days 06:15:00
58802,0 days 06:45:00
58803,0 days 06:20:00
58804,0 days 05:45:00
58805,0 days 06:05:00
58806,0 days 02:30:00
58808,0 days 02:35:00
58809,0 days 01:15:00
58810,0 days 01:30:00
58811,0 days 01:45:00
58812,0 days 01:20:00
58813,0 days 01:40:00
58814,0 days 01:15:00
58815,0 days 04:00:00
58816,0 days 03:30:00
58817,0 days 01:35:00
58818,0 days 01:20:00
58843,0 days 04:40:00
58844,0 days 04:15:00
58845,0 days 04:30:00
58846,0 days 04:30:00
58847,0 days 04:25:00
58848,0 days 04:15:00
58877,0 days 05:20:00
58878,0 days 05:15:00
59013,0 days 09:40:00
59014,0 days 09:45:00
59023,0 days 04:45:00
59024,0 days 04:25:00
59037,0 days 06:40:00
59038,0 days 05:40:00
59039,0 days 03:05:00
59040,0 days 02:20:00
59045,0 days 03:50:00
59046,0 days 04:40:00
59048,0 days 01:45:00
59049,0 days 14:05:00
59050,0 days 12:55:00
59075,0 days 12:00:00
59076,0 days 11:00:00
59077,0 days 09:05:00
59078,0 days 10:20:00
59101,0 days 03:30:00
59102,0 days 03:25:00
59103,0 days 03:35:00
59104,0 days 03:25:00
59117,0 days 02:30:00
59118,0 days 02:50:00
59119,0 days 02:50:00
59120,0 days 02:30:00
59121,0 days 02:50:00
59122,0 days 02:55:00
59151,0 days 03:20:00
59152,0 days 03:20:00
59153,0 days 03:30:00
59154,0 days 03:30:00
59161,0 days 03:15:00
59162,0 days 03:15:00
59163,0 days 01:00:00
59164,0 days 01:05:00
59167,0 days 02:45:00
59168,0 days 02:45:00
59169,0 days 01:00:00
59170,0 days 01:05:00
59201,0 days 01:20:00
59202,0 days 01:25:00
59203,0 days 03:55:00
59204,0 days 03:55:00
59205,0 days 02:35:00
59206,0 days 02:15:00
59207,0 days 15:30:00
59208,0 days 14:55:00
59211,0 days 05:50:00
59212,0 days 06:35:00
59213,0 days 01:10:00
59214,0 days 01:20:00
59215,0 days 01:20:00
59216,0 days 01:20:00
59225,0 days 05:00:00
59226,0 days 05:05:00
59227,0 days 02:05:00
59228,0 days 02:05:00
59229,0 days 05:20:00
59230,0 days 05:10:00
59231,0 days 01:45:00
59232,0 days 01:55:00
59233,0 days 04:20:00
59234,0 days 03:50:00
59235,0 days 03:25:00
59236,0 days 03:35:00
59243,0 days 01:15:00
59244,0 days 01:15:00
59267,0 days 01:30:00
59268,0 days 01:20:00
59269,0 days 01:20:00
59270,0 days 01:20:00
59271,0 days 04:20:00
59272,0 days 04:05:00
59295,0 days 01:20:00
59296,0 days 01:20:00
59297,0 days 05:45:00
59298,0 days 06:35:00
59306,0 days 02:15:00
59307,0 days 02:05:00
59317,0 days 01:35:00
59318,0 days 01:30:00
59319,0 days 05:10:00
59320,0 days 04:25:00
59341,0 days 11:50:00
59342,0 days 11:00:00
59345,0 days 01:00:00
59346,0 days 00:55:00
59353,0 days 01:30:00
59354,0 days 01:35:00
59355,0 days 16:45:00
59356,0 days 16:15:00
59357,0 days 02:55:00
59358,0 days 03:15:00
59359,0 days 01:55:00
59360,0 days 02:00:00
59379,0 days 02:05:00
59380,0 days 01:50:00
59385,0 days 15:30:00
59386,0 days 16:10:00
59387,0 days 04:15:00
59388,0 days 04:40:00
59393,0 days 10:10:00
59394,0 days 10:50:00
59395,0 days 06:25:00
59396,0 days 05:05:00
59421,0 days 04:40:00
59422,0 days 05:10:00
59423,0 days 05:25:00
59424,0 days 04:40:00
59425,0 days 09:00:00
59426,0 days 08:40:00
59439,0 days 15:45:00
59440,0 days 15:50:00
59441,0 days 16:15:00
59442,0 days 15:55:00
59473,0 days 03:40:00
59474,0 days 03:55:00
59475,0 days 00:55:00
59476,0 days 01:05:00
59477,0 days 00:55:00
59478,0 days 00:55:00
59481,0 days 00:55:00
59482,0 days 00:55:00
59483,0 days 01:05:00
59484,0 days 00:55:00
59503,0 days 12:10:00
59504,0 days 14:00:00
59507,0 days 04:55:00
59508,0 days 05:00:00
59509,0 days 01:40:00
59510,0 days 01:35:00
59511,0 days 01:35:00
59512,0 days 01:40:00
59547,0 days 17:30:00
59548,0 days 16:00:00
59549,0 days 02:20:00
59550,0 days 02:20:00
59601,0 days 03:50:00
59602,0 days 03:30:00
59603,0 days 10:10:00
59604,0 days 09:20:00
59605,0 days 02:50:00
59606,0 days 03:05:00
59607,0 days 01:00:00
59608,0 days 01:00:00
59705,0 days 15:00:00
59706,0 days 13:10:00
59707,0 days 01:55:00
59708,0 days 01:45:00
59709,0 days 02:05:00
59710,0 days 02:00:00
59711,0 days 03:40:00
59712,0 days 03:40:00
59713,0 days 01:15:00
59714,0 days 01:35:00
59715,0 days 05:00:00
59716,0 days 05:15:00
59717,0 days 05:15:00
59718,0 days 05:15:00
59719,0 days 05:00:00
59720,0 days 05:20:00
59721,0 days 08:20:00
59722,0 days 08:30:00
59727,0 days 05:55:00
59728,0 days 05:00:00
59729,0 days 05:35:00
59730,0 days 05:10:00
59731,0 days 01:50:00
59732,0 days 01:45:00
59733,0 days 01:45:00
59734,0 days 01:50:00
59735,0 days 01:00:00
59736,0 days 01:00:00
59803,0 days 06:25:00
59804,0 days 07:00:00
59805,0 days 06:15:00
59806,0 days 06:25:00
59811,0 days 21:25:00
59812,0 days 20:55:00
59813,0 days 10:20:00
59814,0 days 09:30:00
59821,0 days 16:35:00
59822,0 days 15:35:00
59823,0 days 02:30:00
59824,0 days 02:30:00
59825,0 days 02:25:00
59826,0 days 02:35:00
59827,0 days 01:05:00
59828,0 days 01:00:00
59831,0 days 15:05:00
59832,0 days 15:25:00
59833,0 days 07:10:00
59834,0 days 06:15:00
59835,0 days 04:55:00
59836,0 days 05:50:00
59837,0 days 02:25:00
59838,0 days 02:20:00
59839,0 days 02:15:00
59840,0 days 02:20:00
61631,0 days 03:20:00
61632,0 days 03:20:00
63105,0 days 04:45:00
63108,0 days 05:27:00
63141,0 days 06:00:00
63142,0 days 05:25:00
63151,0 days 00:20:00
63153,0 days 00:20:00
63154,0 days 00:20:00
63155,0 days 00:20:00
63156,0 days 00:20:00
63157,0 days 00:20:00
63158,0 days 00:20:00
63159,0 days 00:20:00
63160,0 days 00:20:00
63161,0 days 00:20:00
63162,0 days 00:20:00
63163,0 days 00:20:00
63164,0 days 00:20:00
63165,0 days 00:20:00
63166,0 days 00:20:00
63167,0 days 00:15:00
63168,0 days 00:15:00
63169,0 days 00:15:00
63203,0 days 01:45:00
63204,0 days 01:50:00
63205,0 days 04:50:00
63206,0 days 05:50:00
63207,0 days 07:10:00
63208,0 days 07:15:00
63209,0 days 06:50:00
63210,0 days 06:15:00
63211,0 days 08:50:00
63212,0 days 06:05:00
63213,0 days 01:35:00
63214,0 days 01:30:00
63217,0 days 03:40:00
63218,0 days 03:35:00
63219,0 days 02:30:00
63220,0 days 03:20:00
63221,0 days 02:15:00
63222,0 days 02:30:00
63223,0 days 02:05:00
63224,0 days 01:30:00
63225,0 days 07:10:00
63226,0 days 07:25:00
63227,0 days 07:15:00
63228,0 days 07:55:00
63231,0 days 07:55:00
63232,0 days 04:20:00
63233,0 days 08:05:00
63234,0 days 09:35:00
63235,0 days 02:35:00
63237,0 days 04:40:00
63238,0 days 04:30:00
63240,0 days 03:55:00
63241,0 days 03:05:00
63242,0 days 03:00:00
63243,0 days 03:00:00
63244,0 days 03:00:00
63245,0 days 03:00:00
63246,0 days 03:00:00
63247,0 days 03:00:00
63248,0 days 02:50:00
63249,0 days 02:45:00
63250,0 days 02:35:00
63251,0 days 03:00:00
63252,0 days 02:40:00
63253,0 days 03:00:00
63254,0 days 02:45:00
63255,0 days 03:00:00
63256,0 days 03:00:00
63257,0 days 03:00:00
63258,0 days 03:00:00
63259,0 days 03:05:00
63260,0 days 03:00:00
63261,0 days 07:30:00
63262,0 days 05:20:00
63263,0 days 04:15:00
63264,0 days 09:40:00
63271,0 days 03:40:00
63272,0 days 04:40:00
63273,0 days 01:15:00
63274,0 days 01:10:00
63275,0 days 01:15:00
63276,0 days 01:05:00
63279,0 days 02:55:00
63280,0 days 06:15:00
63283,0 days 04:45:00
63284,0 days 04:15:00
63285,0 days 04:45:00
63286,0 days 03:05:00
63289,0 days 02:05:00
63290,0 days 02:05:00
63291,0 days 02:05:00
63292,0 days 02:19:00
63293,0 days 02:45:00
63294,0 days 02:11:00
63295,0 days 05:30:00
63296,0 days 06:15:00
63501,0 days 01:50:00
63502,0 days 02:17:00
63505,0 days 01:55:00
63506,0 days 01:45:00
63507,0 days 01:50:00
63508,0 days 01:50:00
63509,0 days 01:45:00
63510,0 days 01:46:00
63511,0 days 01:55:00
63512,0 days 01:56:00
63513,0 days 01:50:00
63514,0 days 01:50:00
63515,0 days 01:50:00
63516,0 days 02:00:00
63517,0 days 01:50:00
63518,0 days 01:50:00
63519,0 days 01:55:00
63520,0 days 01:55:00
63521,0 days 01:50:00
63522,0 days 01:55:00
63523,0 days 01:55:00
63524,0 days 01:50:00
63525,0 days 01:55:00
63526,0 days 02:00:00
63527,0 days 00:43:00
63528,0 days 00:45:00
63529,0 days 02:25:00
63530,0 days 02:25:00
63531,0 days 01:50:00
63532,0 days 01:50:00
63533,0 days 01:50:00
63534,0 days 01:50:00
63535,0 days 01:50:00
63536,0 days 01:50:00
63537,0 days 01:50:00
63538,0 days 01:50:00
63541,0 days 02:00:00
63542,0 days 02:00:00
63543,0 days 02:05:00
63544,0 days 02:20:00
63545,0 days 01:20:00
63546,0 days 01:20:00
63547,0 days 01:54:00
63548,0 days 01:45:00
63549,0 days 03:13:00
63550,0 days 02:25:00
63551,0 days 01:20:00
63552,0 days 01:33:00
63553,0 days 14:55:00
63554,0 days 16:05:00
63561,0 days 02:05:00
63562,0 days 02:40:00
63563,0 days 02:10:00
63564,0 days 02:10:00
63565,0 days 00:55:00
63566,0 days 01:00:00
63567,0 days 03:20:00
63568,0 days 03:15:00
63569,0 days 02:15:00
63570,0 days 02:40:00
63571,0 days 04:35:00
63572,0 days 04:10:00
63573,0 days 02:10:00
63574,0 days 02:35:00
63581,0 days 02:30:00
63582,0 days 02:27:00
63583,0 days 02:35:00
63584,0 days 02:30:00
63591,0 days 03:10:00
63592,0 days 04:00:00
63593,0 days 02:40:00
63594,0 days 02:13:00
63595,0 days 05:10:00
63596,0 days 05:10:00
63597,0 days 05:10:00
63598,0 days 06:20:00
64001,0 days 02:15:00
64002,0 days 02:18:00
64003,0 days 01:10:00
64004,0 days 01:55:00
64011,0 days 02:05:00
64012,0 days 02:05:00
64013,0 days 02:05:00
64014,0 days 02:20:00
64015,0 days 02:05:00
64016,0 days 02:25:00
64017,0 days 02:10:00
64018,0 days 00:37:00
64019,0 days 02:40:00
64031,0 days 01:30:00
64032,0 days 01:25:00
64034,0 days 01:25:00
64036,0 days 01:25:00
64051,0 days 02:40:00
64052,0 days 02:35:00
64053,0 days 02:20:00
64055,0 days 02:45:00
64057,0 days 02:35:00
64061,0 days 01:50:00
64062,0 days 01:55:00
64064,0 days 01:40:00
64071,0 days 01:35:00
64073,0 days 02:25:00
64074,0 days 02:05:00
64075,0 days 01:35:00
64076,0 days 01:20:00
64077,0 days 01:35:00
64078,0 days 01:30:00
64080,0 days 01:25:00
64082,0 days 01:30:00
64084,0 days 01:20:00
64087,0 days 01:08:00
64088,0 days 00:27:00
64089,0 days 01:40:00
64090,0 days 01:40:00
64091,0 days 01:45:00
64092,0 days 01:45:00
64093,0 days 00:48:00
64094,0 days 00:43:00
64095,0 days 01:10:00
64096,0 days 00:50:00
64097,0 days 00:35:00
64098,0 days 00:48:00
64101,0 days 03:15:00
64102,0 days 03:05:00
64103,0 days 03:00:00
64104,0 days 01:35:00
64105,0 days 03:10:00
64106,0 days 02:20:00
64107,0 days 01:35:00
64108,0 days 02:30:00
64109,0 days 02:20:00
64110,0 days 03:05:00
64111,0 days 03:00:00
64112,0 days 02:30:00
64113,0 days 02:45:00
64114,0 days 03:00:00
64151,0 days 02:55:00
64152,0 days 03:10:00
64153,0 days 03:00:00
64154,0 days 01:25:00
64155,0 days 02:15:00
64156,0 days 03:00:00
64157,0 days 03:40:00
64158,0 days 01:30:00
64159,0 days 01:40:00
64160,0 days 03:45:00
64161,0 days 02:20:00
64162,0 days 01:40:00
64163,0 days 00:25:00
64164,0 days 01:55:00
64165,0 days 02:00:00
64167,0 days 06:05:00
64168,0 days 05:10:00
64201,0 days 01:45:00
64202,0 days 02:00:00
64203,0 days 01:40:00
64204,0 days 01:55:00
64205,0 days 01:40:00
64206,0 days 01:45:00
64207,0 days 01:40:00
64208,0 days 01:45:00
64209,0 days 02:15:00
64210,0 days 01:40:00
64211,0 days 01:40:00
64212,0 days 01:40:00
64213,0 days 01:45:00
64214,0 days 02:10:00
64216,0 days 02:20:00
64221,0 days 05:10:00
64222,0 days 04:45:00
64231,0 days 01:00:00
64232,0 days 01:05:00
64234,0 days 00:50:00
64235,0 days 03:20:00
64236,0 days 02:35:00
64251,0 days 01:30:00
64252,0 days 01:45:00
64253,0 days 02:20:00
64254,0 days 01:50:00
64255,0 days 02:25:00
64257,0 days 01:45:00
64260,0 days 02:20:00
64271,0 days 01:30:00
64272,0 days 01:20:00
64273,0 days 01:35:00
64274,0 days 01:30:00
64275,0 days 01:50:00
64281,0 days 03:30:00
64282,0 days 04:20:00
64401,0 days 00:45:00
64402,0 days 00:50:00
64403,0 days 00:45:00
64404,0 days 01:00:00
64406,0 days 00:50:00
64407,0 days 00:45:00
64408,0 days 00:50:00
64409,0 days 01:05:00
64410,0 days 00:50:00
64411,0 days 01:00:00
64412,0 days 00:45:00
64414,0 days 00:50:00
64415,0 days 00:45:00
64417,0 days 01:15:00
64418,0 days 01:15:00
64419,0 days 01:25:00
64420,0 days 01:25:00
64421,0 days 00:45:00
64422,0 days 00:50:00
64423,0 days 00:45:00
64424,0 days 00:45:00
64425,0 days 00:50:00
64426,0 days 01:00:00
64427,0 days 00:50:00
64428,0 days 00:55:00
64429,0 days 00:50:00
64430,0 days 00:50:00
64431,0 days 00:50:00
64432,0 days 00:50:00
64433,0 days 00:55:00
64434,0 days 01:10:00
64437,0 days 01:03:00
64439,0 days 01:08:00
64441,0 days 00:50:00
64443,0 days 01:30:00
64445,0 days 00:40:00
64449,0 days 00:50:00
64450,0 days 00:50:00
64451,0 days 02:35:00
64452,0 days 03:40:00
64453,0 days 02:10:00
64454,0 days 04:25:00
64461,0 days 04:15:00
64462,0 days 04:10:00
64463,0 days 03:20:00
64464,0 days 02:20:00
64465,0 days 03:55:00
64466,0 days 02:55:00
64470,0 days 02:15:00
64471,0 days 03:15:00
64472,0 days 03:15:00
64481,0 days 02:50:00
64482,0 days 00:55:00
64483,0 days 01:05:00
64491,0 days 01:35:00
64492,0 days 01:30:00
64493,0 days 01:05:00
64494,0 days 01:15:00
64496,0 days 02:15:00
64501,0 days 01:40:00
64502,0 days 01:45:00
64504,0 days 01:40:00
64511,0 days 05:50:00
64512,0 days 06:00:00
64513,0 days 05:55:00
64514,0 days 03:35:00
64515,0 days 04:00:00
64516,0 days 04:20:00
64517,0 days 03:50:00
64518,0 days 04:15:00
64521,0 days 02:25:00
64522,0 days 02:25:00
64523,0 days 02:55:00
64524,0 days 02:20:00
64531,0 days 02:10:00
64532,0 days 02:40:00
64533,0 days 02:15:00
64534,0 days 03:30:00
64536,0 days 02:40:00
64541,0 days 02:35:00
64542,0 days 02:20:00
64543,0 days 02:50:00
64545,0 days 01:15:00
64546,0 days 01:10:00
64547,0 days 01:20:00
64548,0 days 00:55:00
64551,0 days 03:45:00
64552,0 days 04:15:00
64553,0 days 04:05:00
64554,0 days 04:45:00
64555,0 days 02:00:00
64556,0 days 02:00:00
64557,0 days 05:05:00
64558,0 days 04:30:00
64559,0 days 05:50:00
64560,0 days 04:35:00
64561,0 days 07:55:00
64562,0 days 08:50:00
64563,0 days 05:05:00
64564,0 days 06:40:00
64565,0 days 05:15:00
64566,0 days 05:15:00
64567,0 days 03:38:00
64568,0 days 03:40:00
64569,0 days 03:30:00
64570,0 days 02:15:00
64581,0 days 04:05:00
64582,0 days 04:00:00
64583,0 days 06:30:00
64584,0 days 05:15:00
64585,0 days 00:25:00
64586,0 days 00:25:00
64587,0 days 06:20:00
64588,0 days 06:20:00
64589,0 days 01:45:00
64590,0 days 02:05:00
64591,0 days 05:00:00
64592,0 days 05:05:00
64593,0 days 02:05:00
64594,0 days 02:30:00
64595,0 days 04:15:00
64596,0 days 03:45:00
64901,0 days 04:00:00
64902,0 days 03:25:00
64903,0 days 04:35:00
64904,0 days 04:20:00
64905,0 days 03:20:00
64906,0 days 02:50:00
64908,0 days 01:45:00
64910,0 days 03:50:00
64911,0 days 02:05:00
64912,0 days 02:05:00
64913,0 days 02:00:00
64914,0 days 02:15:00
64915,0 days 02:10:00
64916,0 days 02:10:00
64931,0 days 02:20:00
64932,0 days 02:20:00
64951,0 days 03:10:00
64952,0 days 03:05:00
64953,0 days 04:45:00
64955,0 days 01:45:00
64956,0 days 01:35:00
64957,0 days 03:15:00
64958,0 days 02:50:00
64959,0 days 02:55:00
66000,0 days 00:45:00
66001,0 days 01:20:00
66002,0 days 00:45:00
66003,0 days 00:45:00
66004,0 days 00:45:00
66005,0 days 00:45:00
66006,0 days 00:45:00
66007,0 days 00:45:00
66008,0 days 02:05:00
66009,0 days 02:05:00
66010,0 days 02:00:00
66011,0 days 02:00:00
66012,0 days 01:20:00
66013,0 days 01:35:00
66014,0 days 02:30:00
66015,0 days 01:45:00
66016,0 days 01:55:00
66017,0 days 03:25:00
66018,0 days 03:35:00
66019,0 days 05:10:00
66020,0 days 05:15:00
66021,0 days 01:25:00
66022,0 days 01:50:00
66025,0 days 02:15:00
66026,0 days 02:00:00
66027,0 days 02:10:00
66028,0 days 02:00:00
66029,0 days 01:45:00
66030,0 days 01:45:00
66031,0 days 01:40:00
66032,0 days 02:00:00
66033,0 days 03:20:00
66034,0 days 03:25:00
66035,0 days 02:10:00
66036,0 days 02:10:00
66037,0 days 01:55:00
66038,0 days 02:20:00
66039,0 days 02:00:00
66040,0 days 01:50:00
66041,0 days 03:15:00
66042,0 days 02:55:00
66043,0 days 02:40:00
66044,0 days 02:20:00
66045,0 days 01:35:00
66046,0 days 01:20:00
66047,0 days 03:15:00
66048,0 days 03:35:00
66049,0 days 02:45:00
66050,0 days 02:00:00
66051,0 days 00:40:00
66052,0 days 00:45:00
66053,0 days 01:30:00
66054,0 days 00:30:00
66300,0 days 04:15:00
66301,0 days 04:15:00
66302,0 days 03:30:00
66303,0 days 03:30:00
66304,0 days 04:40:00
66305,0 days 05:10:00
66307,0 days 04:00:00
66308,0 days 04:15:00
66309,0 days 03:40:00
66310,0 days 03:35:00
66511,0 days 02:45:00
66512,0 days 02:30:00
66513,0 days 00:35:00
66514,0 days 01:55:00
66515,0 days 01:50:00
66516,0 days 00:30:00
66517,0 days 00:35:00
66518,0 days 00:35:00
66519,0 days 02:55:00
66520,0 days 02:15:00
66523,0 days 02:40:00
66524,0 days 02:55:00
66527,0 days 00:45:00
66528,0 days 00:45:00
66529,0 days 02:55:00
66530,0 days 01:25:00
66531,0 days 01:40:00
66532,0 days 02:25:00
66533,0 days 01:55:00
66534,0 days 01:55:00
66535,0 days 01:05:00
66536,0 days 01:05:00
66537,0 days 01:05:00
66538,0 days 01:05:00
66539,0 days 01:05:00
66540,0 days 01:15:00
66541,0 days 00:40:00
66542,0 days 00:55:00
66543,0 days 02:30:00
66544,0 days 02:20:00
66600,0 days 02:25:00
66601,0 days 02:45:00
66602,0 days 03:55:00
66603,0 days 04:10:00
66604,0 days 02:45:00
66605,0 days 02:45:00
66606,0 days 01:35:00
66607,0 days 01:45:00
66608,0 days 04:35:00
66609,0 days 04:40:00
66611,0 days 04:05:00
66612,0 days 04:15:00
67247,0 days 03:25:00
67248,0 days 02:35:00
67249,0 days 02:55:00
67250,0 days 03:00:00
67251,0 days 00:50:00
67253,0 days 00:55:00
67254,0 days 01:00:00
67255,0 days 00:45:00
67256,0 days 02:35:00
67257,0 days 03:20:00
67258,0 days 01:10:00
67259,0 days 01:05:00
67260,0 days 03:25:00
67261,0 days 04:00:00
67262,0 days 03:50:00
67263,0 days 03:40:00
67264,0 days 04:05:00
67265,0 days 03:55:00
67266,0 days 03:20:00
67267,0 days 04:05:00
67269,0 days 02:00:00
67270,0 days 02:20:00
67271,0 days 03:10:00
67272,0 days 02:40:00
67273,0 days 01:00:00
67274,0 days 01:00:00
67275,0 days 01:45:00
67276,0 days 01:55:00
67277,0 days 02:45:00
67278,0 days 03:00:00
67279,0 days 03:10:00
67280,0 days 03:25:00
67282,0 days 02:35:00
67291,0 days 01:15:00
67292,0 days 01:20:00
67293,0 days 01:35:00
67294,0 days 02:30:00
67295,0 days 01:45:00
67296,0 days 01:57:00
67297,0 days 03:45:00
67298,0 days 04:00:00
67299,0 days 04:50:00
67300,0 days 04:25:00
68001,0 days 02:50:00
68003,0 days 03:50:00
68004,0 days 04:17:00
68005,0 days 03:15:00
68006,0 days 03:00:00
68007,0 days 04:45:00
68008,0 days 02:37:00
68009,0 days 01:15:00
68010,0 days 01:40:00
68011,0 days 02:40:00
68012,0 days 02:35:00
68013,0 days 02:40:00
68014,0 days 03:10:00
68015,0 days 02:30:00
68016,0 days 02:40:00
68017,0 days 07:35:00
68018,0 days 07:40:00
68019,0 days 07:05:00
68020,0 days 06:05:00
68021,0 days 02:40:00
68022,0 days 02:40:00
68023,0 days 04:40:00
68024,0 days 04:05:00
68047,0 days 00:50:00
68048,0 days 00:55:00
68053,0 days 01:30:00
68054,0 days 01:25:00
68055,0 days 05:05:00
68056,0 days 04:35:00
68057,0 days 00:50:00
68058,0 days 00:55:00
68059,0 days 02:55:00
68060,0 days 03:20:00
68063,0 days 01:05:00
68069,0 days 01:05:00
68070,0 days 01:00:00
68071,0 days 02:20:00
68072,0 days 01:05:00
68073,0 days 00:25:00
68074,0 days 01:30:00
68075,0 days 00:35:00
68076,0 days 00:40:00
68077,0 days 01:15:00
68078,0 days 01:05:00
68079,0 days 01:30:00
68080,0 days 01:45:00
68081,0 days 00:55:00
68082,0 days 01:35:00
68088,0 days 03:50:00
68089,0 days 02:40:00
68090,0 days 03:00:00
68091,0 days 01:23:00
68092,0 days 01:20:00
68093,0 days 01:30:00
68094,0 days 01:35:00
68097,0 days 01:50:00
68098,0 days 01:55:00
68643,0 days 00:15:00
68644,0 days 00:15:00
68645,0 days 00:12:00
68646,0 days 00:15:00
68685,0 days 03:07:00
68686,0 days 02:25:00
68688,0 days 02:35:00
68689,0 days 02:33:00
68690,0 days 02:53:00
68701,0 days 00:55:00
68702,0 days 00:55:00
68703,0 days 00:55:00
68704,0 days 01:00:00
68705,0 days 02:10:00
68706,0 days 06:35:00
68707,0 days 01:00:00
68708,0 days 01:00:00
68709,0 days 02:15:00
68710,0 days 02:15:00
68711,0 days 01:30:00
68712,0 days 01:25:00
68713,0 days 02:40:00
68714,0 days 03:15:00
68715,0 days 02:30:00
68716,0 days 02:45:00
68717,0 days 00:55:00
68718,0 days 00:50:00
68719,0 days 02:20:00
68721,0 days 02:20:00
68723,0 days 01:45:00
68724,0 days 04:20:00
68725,0 days 01:00:00
68726,0 days 01:05:00
68727,0 days 02:25:00
68728,0 days 02:10:00
68729,0 days 02:05:00
68730,0 days 02:30:00
68731,0 days 02:15:00
68732,0 days 02:15:00
68733,0 days 02:20:00
68734,0 days 02:15:00
68735,0 days 02:30:00
68736,0 days 02:30:00
68737,0 days 02:55:00
68738,0 days 02:25:00
68739,0 days 02:40:00
68740,0 days 02:55:00
68741,0 days 02:50:00
68742,0 days 03:00:00
68743,0 days 02:50:00
68744,0 days 02:55:00
68745,0 days 05:15:00
68746,0 days 04:50:00
68747,0 days 08:20:00
68748,0 days 07:55:00
68749,0 days 05:40:00
68750,0 days 05:45:00
69101,0 days 02:55:00
69102,0 days 03:15:00
69104,0 days 01:30:00
69105,0 days 02:05:00
69106,0 days 01:35:00
69107,0 days 03:10:00
69108,0 days 02:45:00
69109,0 days 03:30:00
69110,0 days 03:10:00
69111,0 days 03:10:00
69112,0 days 03:20:00
69113,0 days 03:00:00
69114,0 days 03:00:00
69115,0 days 02:50:00
69116,0 days 01:20:00
69117,0 days 03:45:00
69118,0 days 03:10:00
69119,0 days 03:50:00
69120,0 days 03:25:00
69121,0 days 01:55:00
69122,0 days 01:55:00
69123,0 days 02:10:00
69124,0 days 02:15:00
69125,0 days 02:10:00
69126,0 days 02:20:00
69127,0 days 01:45:00
69128,0 days 01:40:00
69129,0 days 01:55:00
69130,0 days 01:40:00
69131,0 days 01:05:00
69132,0 days 01:05:00
69133,0 days 00:50:00
69134,0 days 00:50:00
69135,0 days 00:50:00
69136,0 days 00:50:00
69137,0 days 01:15:00
69138,0 days 01:10:00
69139,0 days 06:10:00
69140,0 days 04:50:00
69141,0 days 03:00:00
69142,0 days 03:00:00
69143,0 days 01:50:00
69144,0 days 01:50:00
69145,0 days 02:10:00
69146,0 days 02:15:00
69147,0 days 02:20:00
69149,0 days 07:10:00
69150,0 days 07:25:00
69151,0 days 01:50:00
69152,0 days 02:05:00
69153,0 days 01:25:00
69154,0 days 01:15:00
69161,0 days 03:35:00
69164,0 days 03:25:00
69165,0 days 01:45:00
69166,0 days 01:40:00
69167,0 days 01:35:00
69168,0 days 01:35:00
69169,0 days 04:25:00
69171,0 days 01:35:00
69172,0 days 01:50:00
69173,0 days 01:16:00
69174,0 days 01:40:00
69181,0 days 02:10:00
69182,0 days 02:25:00
69183,0 days 00:55:00
69184,0 days 01:00:00
69185,0 days 01:25:00
69186,0 days 01:25:00
69187,0 days 03:05:00
69188,0 days 02:50:00
69189,0 days 04:05:00
69190,0 days 04:25:00
69191,0 days 03:15:00
69192,0 days 02:55:00
69195,0 days 01:35:00
69196,0 days 01:35:00
70101,0 days 02:50:00
70102,0 days 02:15:00
70103,0 days 03:20:00
70104,0 days 02:45:00
70105,0 days 07:05:00
70106,0 days 07:00:00
71081,0 days 01:00:00
71082,0 days 02:26:00
71083,0 days 01:00:00
71084,0 days 00:52:00
71085,0 days 00:52:00
71086,0 days 01:00:00
71088,0 days 01:10:00
71089,0 days 03:05:00
71092,0 days 02:40:00
71093,0 days 01:00:00
71094,0 days 01:00:00
71095,0 days 02:35:00
71096,0 days 03:05:00
71401,0 days 01:20:00
71402,0 days 03:10:00
71403,0 days 01:50:00
71404,0 days 03:20:00
71405,0 days 01:20:00
71407,0 days 02:03:00
71408,0 days 01:38:00
71409,0 days 02:18:00
71410,0 days 01:40:00
71411,0 days 01:48:00
71413,0 days 09:15:00
71414,0 days 08:35:00
71415,0 days 07:35:00
71416,0 days 07:35:00
71901,0 days 01:05:00
71902,0 days 01:15:00
71903,0 days 03:40:00
71904,0 days 03:15:00
71905,0 days 01:40:00
71906,0 days 01:20:00
71907,0 days 03:50:00
71908,0 days 03:15:00
71909,0 days 03:25:00
71910,0 days 03:45:00
72171,0 days 00:35:00
72172,0 days 00:35:00
72173,0 days 00:35:00
72174,0 days 00:35:00
72175,0 days 00:35:00
72176,0 days 00:35:00
72177,0 days 00:35:00
72178,0 days 00:35:00
72179,0 days 00:35:00
72180,0 days 00:35:00
72203,0 days 01:25:00
72204,0 days 01:25:00
72205,0 days 01:30:00
72206,0 days 01:30:00
72207,0 days 01:30:00
72208,0 days 01:25:00
72209,0 days 01:20:00
72210,0 days 01:20:00
72451,0 days 04:20:00
72452,0 days 04:30:00
73011,0 days 02:30:00
73012,0 days 02:30:00
73021,0 days 01:50:00
73022,0 days 01:40:00
73031,0 days 01:50:00
73032,0 days 02:00:00
73033,0 days 01:15:00
73034,0 days 01:26:00
73035,0 days 03:40:00
73036,0 days 03:34:00
73037,0 days 01:10:00
73038,0 days 01:30:00
73151,0 days 07:00:00
73152,0 days 06:50:00
73211,0 days 01:05:00
73212,0 days 00:55:00
73213,0 days 01:55:00
73214,0 days 02:25:00
73215,0 days 00:50:00
73216,0 days 00:45:00
73261,0 days 03:00:00
73262,0 days 03:30:00
73263,0 days 02:35:00
73264,0 days 03:25:00
73421,0 days 01:22:00
73422,0 days 01:15:00
73425,0 days 01:25:00
73426,0 days 01:10:00
73427,0 days 01:30:00
73428,0 days 01:18:00
73429,0 days 01:25:00
73430,0 days 01:27:00
73451,0 days 01:45:00
73452,0 days 01:45:00
73453,0 days 01:33:00
73454,0 days 01:45:00
73461,0 days 01:00:00
73462,0 days 01:00:00
73463,0 days 01:00:00
73464,0 days 01:00:00
73538,0 days 03:45:00
73539,0 days 03:40:00
73581,0 days 01:50:00
73582,0 days 01:50:00
73901,0 days 01:10:00
73902,0 days 01:20:00
73903,0 days 01:05:00
73904,0 days 01:15:00
73905,0 days 00:55:00
73911,0 days 01:10:00
73912,0 days 01:14:00
73913,0 days 01:20:00
73914,0 days 01:10:00
73916,0 days 01:12:00
74001,0 days 02:30:00
74002,0 days 02:35:00
74003,0 days 02:40:00
74004,0 days 02:45:00
74011,0 days 02:15:00
74012,0 days 02:35:00
74013,0 days 06:45:00
74014,0 days 06:50:00
74015,0 days 03:00:00
74016,0 days 03:05:00
74017,0 days 01:45:00
74018,0 days 01:45:00
74019,0 days 02:30:00
74020,0 days 02:35:00
74021,0 days 05:10:00
74022,0 days 03:40:00
74023,0 days 03:00:00
74024,0 days 05:15:00
74025,0 days 03:30:00
74026,0 days 03:25:00
74027,0 days 02:15:00
74028,0 days 02:25:00
74029,0 days 02:45:00
74030,0 days 02:35:00
74031,0 days 00:25:00
74032,0 days 01:40:00
74033,0 days 01:35:00
74034,0 days 00:25:00
74035,0 days 00:25:00
74036,0 days 01:35:00
74037,0 days 01:35:00
74038,0 days 00:25:00
74201,0 days 05:45:00
74202,0 days 04:55:00
74301,0 days 02:15:00
74302,0 days 02:00:00
74303,0 days 02:00:00
74304,0 days 02:00:00
74305,0 days 02:15:00
74306,0 days 02:30:00
74601,0 days 01:35:00
74602,0 days 01:35:00
74603,0 days 01:35:00
74604,0 days 01:35:00
74605,0 days 01:35:00
74606,0 days 01:35:00
74607,0 days 01:35:00
74608,0 days 01:35:00
74611,0 days 02:00:00
74612,0 days 02:00:00
74613,0 days 01:00:00
74614,0 days 03:05:00
74615,0 days 03:20:00
74616,0 days 00:55:00
74617,0 days 01:05:00
74618,0 days 01:00:00
74619,0 days 02:55:00
74620,0 days 02:20:00
74621,0 days 01:00:00
74622,0 days 00:55:00
74623,0 days 00:55:00
74624,0 days 01:05:00
74625,0 days 02:50:00
74626,0 days 03:20:00
74627,0 days 03:00:00
74628,0 days 03:10:00
74629,0 days 03:00:00
74630,0 days 02:50:00
74631,0 days 02:20:00
74632,0 days 02:10:00
74633,0 days 02:05:00
74634,0 days 02:05:00
74635,0 days 02:00:00
74636,0 days 02:05:00
74637,0 days 02:20:00
74638,0 days 02:20:00
74639,0 days 02:05:00
74640,0 days 02:05:00
74641,0 days 01:35:00
74642,0 days 02:00:00
74643,0 days 01:50:00
74644,0 days 02:10:00
74645,0 days 04:30:00
74646,0 days 05:15:00
74647,0 days 01:25:00
74648,0 days 02:45:00
74651,0 days 01:30:00
74652,0 days 01:25:00
74653,0 days 01:18:00
74654,0 days 01:25:00
74655,0 days 01:22:00
74656,0 days 01:25:00
74657,0 days 01:18:00
74658,0 days 01:50:00
74661,0 days 00:40:00
74662,0 days 00:45:00
74663,0 days 00:40:00
74664,0 days 00:50:00
74671,0 days 03:25:00
74672,0 days 03:05:00
74673,0 days 02:58:00
74674,0 days 02:30:00
74675,0 days 02:45:00
74676,0 days 02:55:00
74681,0 days 02:15:00
74682,0 days 02:10:00
74683,0 days 02:00:00
74684,0 days 02:05:00
74685,0 days 02:05:00
74686,0 days 01:53:00
74687,0 days 02:10:00
74688,0 days 01:53:00
74691,0 days 01:50:00
74692,0 days 02:35:00
74801,0 days 00:35:00
74802,0 days 00:35:00
74803,0 days 00:30:00
74804,0 days 00:30:00
74805,0 days 00:30:00
74806,0 days 00:30:00
74807,0 days 00:30:00
74808,0 days 00:30:00
74809,0 days 00:30:00
74810,0 days 00:30:00
74811,0 days 00:30:00
74812,0 days 00:30:00
74813,0 days 00:30:00
74814,0 days 00:30:00
74815,0 days 00:30:00
74816,0 days 00:30:00
74817,0 days 00:30:00
74818,0 days 00:30:00
74831,0 days 04:25:00
74832,0 days 03:40:00
74833,0 days 06:30:00
74834,0 days 06:20:00
74835,0 days 11:05:00
74836,0 days 11:15:00
74837,0 days 10:35:00
74838,0 days 08:45:00
74839,0 days 04:45:00
74840,0 days 04:45:00
74841,0 days 07:25:00
74842,0 days 07:25:00
74843,0 days 05:00:00
74844,0 days 04:50:00
74845,0 days 05:05:00
74846,0 days 05:15:00
74847,0 days 05:00:00
74848,0 days 05:20:00
74849,0 days 01:15:00
74850,0 days 01:10:00
74851,0 days 01:15:00
74852,0 days 01:10:00
74853,0 days 01:15:00
74854,0 days 01:10:00
74855,0 days 02:35:00
74856,0 days 03:05:00
74857,0 days 02:05:00
74858,0 days 02:05:00
74901,0 days 02:55:00
74902,0 days 03:00:00
74903,0 days 02:50:00
74904,0 days 03:10:00
74906,0 days 01:30:00
74907,0 days 01:35:00
74909,0 days 04:45:00
74910,0 days 04:05:00
74911,0 days 01:20:00
74912,0 days 01:15:00
74913,0 days 01:15:00
74914,0 days 01:10:00
74915,0 days 01:10:00
74916,0 days 01:00:00
74917,0 days 01:05:00
74918,0 days 01:15:00
74919,0 days 01:10:00
74920,0 days 01:25:00
74923,0 days 03:45:00
74924,0 days 02:55:00
74931,0 days 03:20:00
74932,0 days 02:55:00
74933,0 days 03:05:00
74934,0 days 03:35:00
74935,0 days 03:40:00
74936,0 days 03:20:00
74937,0 days 03:10:00
74938,0 days 03:15:00
74939,0 days 02:55:00
74940,0 days 03:00:00
74941,0 days 01:00:00
74942,0 days 01:00:00
74943,0 days 01:00:00
74944,0 days 01:00:00
74945,0 days 01:00:00
74946,0 days 01:00:00
74947,0 days 01:00:00
74948,0 days 01:00:00
74951,0 days 03:20:00
74952,0 days 03:15:00
74953,0 days 03:05:00
74954,0 days 02:55:00
74961,0 days 03:20:00
74962,0 days 03:30:00
74963,0 days 03:30:00
74964,0 days 03:25:00
74965,0 days 02:10:00
74966,0 days 02:00:00
74967,0 days 02:10:00
74968,0 days 02:00:00
74969,0 days 02:10:00
74970,0 days 02:15:00
74971,0 days 02:05:00
74972,0 days 02:20:00
74973,0 days 02:20:00
74974,0 days 02:10:00
74975,0 days 02:40:00
74976,0 days 02:10:00
74977,0 days 02:15:00
74978,0 days 02:25:00
74981,0 days 02:00:00
74982,0 days 02:00:00
74983,0 days 01:55:00
74984,0 days 01:55:00
74985,0 days 03:05:00
74986,0 days 02:45:00
74987,0 days 02:35:00
74988,0 days 03:20:00
74991,0 days 05:30:00
74992,0 days 07:10:00
74993,0 days 01:10:00
74994,0 days 00:55:00
75002,0 days 06:15:00
75003,0 days 03:05:00
75004,0 days 03:40:00
75005,0 days 07:00:00
75007,0 days 06:00:00
75008,0 days 06:30:00
75009,0 days 03:20:00
75010,0 days 02:20:00
75011,0 days 04:10:00
75012,0 days 05:05:00
75013,0 days 03:00:00
75014,0 days 03:10:00
75015,0 days 03:25:00
75016,0 days 03:05:00
75101,0 days 03:35:00
75102,0 days 03:50:00
75103,0 days 03:15:00
75104,0 days 04:05:00
75105,0 days 07:00:00
75106,0 days 06:45:00
75107,0 days 03:45:00
75109,0 days 02:30:00
75111,0 days 05:15:00
75112,0 days 05:35:00
75113,0 days 04:50:00
75114,0 days 06:05:00
75115,0 days 06:05:00
75116,0 days 06:55:00
75201,0 days 01:35:00
75202,0 days 02:05:00
75207,0 days 06:15:00
75208,0 days 05:40:00
75209,0 days 04:30:00
75210,0 days 03:45:00
75211,0 days 04:10:00
75212,0 days 04:35:00
75213,0 days 01:35:00
75214,0 days 01:00:00
75221,0 days 02:45:00
75222,0 days 02:05:00
75225,0 days 06:35:00
75226,0 days 06:00:00
75227,0 days 06:19:00
75228,0 days 05:00:00
75229,0 days 05:00:00
75230,0 days 06:35:00
75231,0 days 04:15:00
75232,0 days 05:25:00
75233,0 days 02:30:00
75234,0 days 02:35:00
75235,0 days 02:35:00
75236,0 days 03:40:00
75237,0 days 03:50:00
75238,0 days 04:40:00
75253,0 days 01:15:00
75254,0 days 01:35:00
75255,0 days 04:10:00
75256,0 days 04:15:00
75271,0 days 03:00:00
75272,0 days 02:45:00
75273,0 days 03:00:00
75274,0 days 03:00:00
75279,0 days 01:20:00
75280,0 days 02:42:00
75707,0 days 05:50:00
75708,0 days 05:45:00
75713,0 days 05:00:00
75714,0 days 05:00:00
75715,0 days 06:15:00
75716,0 days 06:40:00
75717,0 days 05:45:00
75718,0 days 06:05:00
75719,0 days 07:00:00
75720,0 days 07:00:00
75721,0 days 02:05:00
75722,0 days 02:15:00
75723,0 days 04:10:00
75724,0 days 04:25:00
75727,0 days 02:25:00
75728,0 days 02:40:00
75729,0 days 04:30:00
75730,0 days 04:25:00
75733,0 days 01:30:00
75734,0 days 01:25:00
75735,0 days 01:30:00
75736,0 days 01:30:00
75737,0 days 01:30:00
75738,0 days 01:30:00
75739,0 days 01:30:00
75740,0 days 01:25:00
75743,0 days 05:55:00
75744,0 days 06:05:00
75745,0 days 02:55:00
75746,0 days 03:00:00
75747,0 days 01:30:00
75748,0 days 01:20:00
75749,0 days 02:25:00
75750,0 days 02:10:00
75901,0 days 01:30:00
75902,0 days 03:15:00
75903,0 days 03:15:00
75904,0 days 01:15:00
75905,0 days 01:20:00
75906,0 days 03:15:00
75907,0 days 03:25:00
75908,0 days 01:15:00
75911,0 days 01:25:00
75912,0 days 01:25:00
76501,0 days 00:30:00
76502,0 days 00:30:00
76503,0 days 00:30:00
76504,0 days 00:45:00
76505,0 days 02:20:00
76506,0 days 02:25:00
76507,0 days 01:25:00
76508,0 days 02:05:00
76523,0 days 01:35:00
76524,0 days 01:30:00
76525,0 days 04:45:00
76526,0 days 05:05:00
76551,0 days 04:30:00
76552,0 days 04:15:00
76553,0 days 03:10:00
76554,0 days 03:10:00
76800,0 days 00:55:00
76803,0 days 00:55:00
76804,0 days 00:55:00
76805,0 days 02:40:00
76806,0 days 02:30:00
76807,0 days 03:15:00
76808,0 days 03:15:00
76812,0 days 03:15:00
76813,0 days 01:05:00
76814,0 days 00:25:00
76815,0 days 03:00:00
76817,0 days 00:25:00
76818,0 days 01:30:00
76820,0 days 01:20:00
76821,0 days 01:30:00
76822,0 days 01:20:00
76823,0 days 01:25:00
76824,0 days 01:20:00
76825,0 days 01:50:00
76826,0 days 01:55:00
76827,0 days 01:30:00
76828,0 days 01:25:00
76829,0 days 01:25:00
76830,0 days 02:20:00
76831,0 days 02:05:00
76833,0 days 02:00:00
76834,0 days 02:05:00
76835,0 days 02:10:00
76836,0 days 02:15:00
76837,0 days 03:35:00
76838,0 days 02:55:00
76839,0 days 02:10:00
76840,0 days 02:00:00
76841,0 days 04:45:00
76842,0 days 04:50:00
76845,0 days 03:00:00
76846,0 days 03:25:00
76847,0 days 03:05:00
76848,0 days 03:20:00
76849,0 days 03:10:00
76850,0 days 03:00:00
76851,0 days 05:05:00
76852,0 days 04:20:00
76853,0 days 04:20:00
76854,0 days 04:00:00
77201,0 days 01:05:00
77202,0 days 02:55:00
77203,0 days 03:25:00
77204,0 days 03:10:00
77205,0 days 01:10:00
77206,0 days 04:00:00
77207,0 days 02:20:00
77208,0 days 02:55:00
77209,0 days 01:05:00
77211,0 days 00:55:00
77212,0 days 02:30:00
77213,0 days 01:25:00
77214,0 days 01:25:00
77215,0 days 02:30:00
77216,0 days 01:05:00
77218,0 days 02:45:00
77219,0 days 01:25:00
77220,0 days 01:05:00
77221,0 days 01:00:00
77222,0 days 01:40:00
77223,0 days 01:40:00
77224,0 days 01:45:00
77225,0 days 01:00:00
77226,0 days 01:00:00
77227,0 days 01:00:00
77228,0 days 01:00:00
77229,0 days 02:05:00
77230,0 days 01:25:00
77231,0 days 03:35:00
77232,0 days 02:20:00
77233,0 days 01:00:00
77234,0 days 01:05:00
77235,0 days 01:05:00
77237,0 days 02:25:00
77238,0 days 02:20:00
77239,0 days 01:35:00
77240,0 days 01:25:00
77241,0 days 03:20:00
77242,0 days 02:45:00
77243,0 days 02:25:00
77244,0 days 01:30:00
77245,0 days 00:45:00
77246,0 days 01:00:00
77247,0 days 01:00:00
77248,0 days 04:35:00
77249,0 days 03:35:00
77250,0 days 00:45:00
77251,0 days 03:45:00
77252,0 days 03:40:00
77253,0 days 04:35:00
77254,0 days 03:50:00
77255,0 days 03:10:00
77256,0 days 03:00:00
77257,0 days 04:00:00
77258,0 days 03:30:00
77259,0 days 03:10:00
77260,0 days 04:55:00
77261,0 days 03:05:00
77262,0 days 02:20:00
77263,0 days 01:25:00
77264,0 days 03:20:00
77265,0 days 02:25:00
77266,0 days 01:20:00
77267,0 days 01:55:00
77268,0 days 01:30:00
77269,0 days 02:30:00
77270,0 days 02:45:00
77271,0 days 02:00:00
77272,0 days 02:00:00
77273,0 days 01:10:00
77274,0 days 01:55:00
77281,0 days 00:50:00
77282,0 days 01:10:00
77283,0 days 01:05:00
77284,0 days 01:00:00
77285,0 days 00:55:00
77286,0 days 01:00:00
77287,0 days 00:50:00
77288,0 days 00:40:00
77289,0 days 01:05:00
77290,0 days 00:45:00
77291,0 days 05:10:00
77292,0 days 04:50:00
77293,0 days 02:25:00
77294,0 days 03:45:00
77295,0 days 06:35:00
77297,0 days 03:55:00
77298,0 days 09:10:00
77401,0 days 04:00:00
77402,0 days 03:50:00
77403,0 days 03:55:00
77404,0 days 03:45:00
77405,0 days 00:45:00
77406,0 days 00:45:00
77414,0 days 02:50:00
77415,0 days 02:50:00
77416,0 days 01:25:00
77417,0 days 01:20:00
77418,0 days 05:15:00
77419,0 days 05:05:00
77601,0 days 01:20:00
77602,0 days 01:50:00
77603,0 days 01:25:00
77604,0 days 01:00:00
77605,0 days 01:10:00
77606,0 days 01:15:00
77607,0 days 01:05:00
77608,0 days 01:00:00
77609,0 days 02:15:00
77610,0 days 01:25:00
77611,0 days 00:35:00
77612,0 days 00:45:00
77613,0 days 01:10:00
77614,0 days 01:22:00
77615,0 days 01:10:00
77616,0 days 01:35:00
77617,0 days 01:13:00
77618,0 days 01:25:00
77619,0 days 01:10:00
77622,0 days 01:20:00
77623,0 days 01:25:00
77630,0 days 01:00:00
77631,0 days 00:25:00
77632,0 days 00:25:00
77633,0 days 00:18:00
77634,0 days 00:20:00
77635,0 days 00:35:00
77638,0 days 00:20:00
77640,0 days 00:19:00
77641,0 days 00:18:00
77642,0 days 00:20:00
77643,0 days 00:20:00
77645,0 days 00:57:00
77647,0 days 00:40:00
77649,0 days 00:50:00
77651,0 days 03:45:00
77652,0 days 03:45:00
77653,0 days 01:30:00
77654,0 days 01:30:00
77655,0 days 03:45:00
77656,0 days 03:45:00
77657,0 days 06:45:00
77658,0 days 07:20:00
77671,0 days 02:20:00
77672,0 days 02:25:00
77673,0 days 04:15:00
77674,0 days 04:05:00
77675,0 days 03:40:00
77676,0 days 03:25:00
77677,0 days 01:15:00
77678,0 days 03:40:00
77679,0 days 01:50:00
77680,0 days 01:15:00
77681,0 days 01:30:00
77682,0 days 01:15:00
77683,0 days 03:45:00
77684,0 days 03:15:00
77689,0 days 01:40:00
77690,0 days 01:35:00
77691,0 days 02:40:00
77693,0 days 06:05:00
77694,0 days 06:00:00
77695,0 days 04:00:00
77696,0 days 04:30:00
78009,0 days 01:25:00
78010,0 days 01:25:00
78011,0 days 01:20:00
78012,0 days 01:50:00
78013,0 days 01:35:00
78014,0 days 00:47:00
78015,0 days 00:48:00
78016,0 days 01:36:00
78017,0 days 01:40:00
78018,0 days 00:55:00
78019,0 days 00:53:00
78020,0 days 01:17:00
78031,0 days 04:25:00
78032,0 days 04:25:00
78033,0 days 03:30:00
78034,0 days 03:40:00
78051,0 days 02:51:00
78052,0 days 02:45:00
78053,0 days 02:46:00
78054,0 days 02:50:00
78055,0 days 02:51:00
78056,0 days 02:45:00
78057,0 days 01:00:00
78058,0 days 00:55:00
78059,0 days 02:51:00
78060,0 days 02:44:00
78061,0 days 02:41:00
78101,0 days 02:05:00
78102,0 days 02:10:00
78103,0 days 03:55:00
78104,0 days 04:25:00
78502,0 days 01:00:00
78503,0 days 04:15:00
78504,0 days 03:40:00
78505,0 days 01:40:00
78511,0 days 00:40:00
78512,0 days 00:40:00
78513,0 days 00:40:00
78514,0 days 00:40:00
78515,0 days 00:40:00
78516,0 days 00:40:00
78517,0 days 00:40:00
78518,0 days 00:40:00
78519,0 days 00:40:00
78520,0 days 00:40:00
78531,0 days 01:25:00
78534,0 days 03:05:00
78801,0 days 02:30:00
78802,0 days 02:20:00
78803,0 days 02:35:00
78804,0 days 02:20:00
78805,0 days 02:20:00
78806,0 days 02:35:00
78807,0 days 01:45:00
78808,0 days 01:35:00
78809,0 days 02:20:00
78810,0 days 02:20:00
78811,0 days 01:20:00
78812,0 days 01:20:00
78813,0 days 01:20:00
78814,0 days 01:20:00
78815,0 days 03:45:00
78816,0 days 03:15:00
78817,0 days 02:05:00
78818,0 days 02:35:00
78819,0 days 07:40:00
78820,0 days 05:55:00
78821,0 days 02:45:00
78822,0 days 02:35:00
78824,0 days 02:00:00
78825,0 days 02:00:00
78826,0 days 02:00:00
78827,0 days 02:00:00
79301,0 days 06:25:00
79302,0 days 07:05:00
79303,0 days 04:15:00
79304,0 days 04:00:00
79305,0 days 03:50:00
79306,0 days 03:40:00
79307,0 days 01:00:00
79308,0 days 00:55:00
79309,0 days 04:00:00
79310,0 days 03:50:00
79311,0 days 00:55:00
79312,0 days 00:55:00
79313,0 days 04:05:00
79314,0 days 03:50:00
79315,0 days 00:55:00
79316,0 days 00:55:00
79317,0 days 03:55:00
79318,0 days 03:40:00
79319,0 days 00:55:00
79320,0 days 00:55:00
79321,0 days 00:55:00
79322,0 days 00:55:00
79323,0 days 00:55:00
79324,0 days 00:55:00
79325,0 days 00:55:00
79326,0 days 00:55:00
79413,0 days 01:45:00
79414,0 days 01:30:00
79415,0 days 01:45:00
79416,0 days 01:30:00
79417,0 days 01:40:00
79418,0 days 01:40:00
79419,0 days 01:40:00
79420,0 days 01:40:00
79421,0 days 01:40:00
79422,0 days 01:40:00
79423,0 days 01:45:00
79424,0 days 01:40:00
79425,0 days 01:40:00
79426,0 days 01:30:00
79427,0 days 01:40:00
79428,0 days 01:40:00
79429,0 days 01:55:00
79430,0 days 01:30:00
79431,0 days 01:40:00
79432,0 days 02:15:00
79433,0 days 03:05:00
79434,0 days 02:55:00
79435,0 days 03:00:00
79436,0 days 02:50:00
79437,0 days 03:15:00
79438,0 days 02:50:00
79441,0 days 00:45:00
79442,0 days 00:45:00
79443,0 days 00:50:00
79444,0 days 00:45:00
79445,0 days 03:35:00
79446,0 days 00:45:00
79447,0 days 00:45:00
79448,0 days 00:45:00
79449,0 days 01:30:00
79450,0 days 01:30:00
79451,0 days 00:45:00
79452,0 days 00:45:00
79453,0 days 00:45:00
79454,0 days 04:00:00
79455,0 days 02:50:00
79456,0 days 02:55:00
79457,0 days 01:00:00
79458,0 days 01:00:00
79459,0 days 01:00:00
79460,0 days 01:00:00
79481,0 days 01:55:00
79482,0 days 01:45:00
79483,0 days 01:45:00
79484,0 days 01:50:00
79485,0 days 01:50:00
79486,0 days 01:50:00
79487,0 days 01:50:00
79488,0 days 01:50:00
79489,0 days 01:50:00
79490,0 days 01:50:00
82355,0 days 03:05:00
82601,0 days 12:55:00
82606,0 days 12:00:00
82631,0 days 12:45:00
82635,0 days 16:00:00
82651,0 days 08:55:00
82652,0 days 09:20:00
82653,0 days 19:05:00
82654,0 days 19:50:00
82665,0 days 06:09:00
82666,0 days 06:08:00
90540,0 days 01:43:00
90981,0 days 01:26:00
91392,0 days 00:21:00
91393,0 days 00:20:00
91394,0 days 00:20:00
91395,0 days 00:20:00
91396,0 days 00:21:00
91491,0 days 00:20:00
93001,0 days 01:15:00
93002,0 days 01:54:00
93003,0 days 01:18:00
93004,0 days 01:20:00
93005,0 days 02:32:00
93006,0 days 02:44:00
93007,0 days 02:56:00
93008,0 days 01:53:00
93009,0 days 02:12:00
93010,0 days 01:15:00
93011,0 days 01:25:00
93012,0 days 01:15:00
93013,0 days 01:49:00
93014,0 days 01:15:00
93015,0 days 02:52:00
93016,0 days 02:35:00
93017,0 days 01:20:00
93018,0 days 01:15:00
93019,0 days 01:20:00
93020,0 days 02:13:00
93021,0 days 01:20:00
93022,0 days 02:27:00
93023,0 days 01:40:00
93024,0 days 01:15:00
93025,0 days 02:43:00
93026,0 days 02:39:00
93027,0 days 02:28:00
93028,0 days 02:46:00
93029,0 days 02:25:00
93030,0 days 02:32:00
93031,0 days 01:15:00
93032,0 days 01:15:00
93033,0 days 02:38:00
93034,0 days 01:15:00
93101,0 days 01:18:00
93102,0 days 01:20:00
93103,0 days 02:32:00
93104,0 days 01:15:00
93105,0 days 01:25:00
93109,0 days 01:20:00
95001,0 days 00:56:00
95002,0 days 00:58:00
95003,0 days 00:58:00
95004,0 days 01:02:00
95005,0 days 00:58:00
95006,0 days 00:58:00
95007,0 days 00:57:00
95008,0 days 00:58:00
95009,0 days 00:57:00
95010,0 days 00:58:00
95011,0 days 00:56:00
95012,0 days 00:59:00
95013,0 days 00:57:00
95101,0 days 00:52:00
95102,0 days 00:50:00
95103,0 days 00:53:00
95104,0 days 00:50:00
95105,0 days 00:51:00
95106,0 days 00:51:00
95107,0 days 00:50:00
95108,0 days 00:51:00
95109,0 days 00:50:00
95110,0 days 00:50:00
95111,0 days 00:50:00
95112,0 days 00:50:00
95113,0 days 00:51:00
95114,0 days 00:50:00
95115,0 days 00:50:00
95116,0 days 00:50:00
95117,0 days 00:50:00
95118,0 days 00:51:00
95119,0 days 00:50:00
95120,0 days 00:50:00
95121,0 days 00:52:00
95122,0 days 00:50:00
95123,0 days 00:50:00
95124,0 days 00:51:00
95125,0 days 00:50:00
95126,0 days 00:50:00
95127,0 days 00:51:00
95128,0 days 00:50:00
95129,0 days 00:52:00
95130,0 days 00:50:00
95131,0 days 00:50:00
95132,0 days 00:50:00
95134,0 days 00:51:00
95136,0 days 00:50:00
95138,0 days 00:50:00
95140,0 days 00:52:00
95142,0 days 00:50:00
95144,0 days 00:50:00
95201,0 days 00:18:00
95202,0 days 00:19:00
95203,0 days 00:22:00
95204,0 days 00:18:00
95205,0 days 00:19:00
95206,0 days 00:19:00
95207,0 days 00:20:00
95208,0 days 00:20:00
95209,0 days 00:19:00
95210,0 days 00:19:00
95211,0 days 00:19:00
95212,0 days 00:20:00
95213,0 days 00:19:00
95214,0 days 00:20:00
95215,0 days 00:22:00
95216,0 days 00:20:00
95217,0 days 00:21:00
95218,0 days 00:19:00
95219,0 days 00:19:00
95220,0 days 00:19:00
95221,0 days 00:18:00
95222,0 days 00:19:00
95223,0 days 00:21:00
95224,0 days 00:19:00
95225,0 days 00:20:00
95226,0 days 00:19:00
95227,0 days 00:19:00
95228,0 days 00:19:00
95229,0 days 00:20:00
95230,0 days 00:20:00
95231,0 days 00:20:00
95232,0 days 00:19:00
95233,0 days 00:20:00
95234,0 days 00:21:00
95235,0 days 00:19:00
95236,0 days 00:19:00
95237,0 days 00:19:00
95239,0 days 00:21:00
95241,0 days 00:21:00
95301,0 days 00:12:00
95302,0 days 00:12:00
95303,0 days 00:13:00
95304,0 days 00:12:00
95305,0 days 00:12:00
95306,0 days 00:12:00
95307,0 days 00:12:00
95308,0 days 00:12:00
95309,0 days 00:13:00
95310,0 days 00:12:00
95311,0 days 00:14:00
95312,0 days 00:12:00
95313,0 days 00:12:00
95314,0 days 00:12:00
95315,0 days 00:12:00
95316,0 days 00:12:00
95317,0 days 00:11:00
95318,0 days 00:13:00
95319,0 days 00:13:00
95320,0 days 00:12:00
95321,0 days 00:11:00
95322,0 days 00:12:00
95323,0 days 00:12:00
95324,0 days 00:12:00
95325,0 days 00:12:00
95326,0 days 00:12:00
95327,0 days 00:14:00
95328,0 days 00:12:00
95329,0 days 00:12:00
95330,0 days 00:12:00
95331,0 days 00:12:00
95332,0 days 00:12:00
95334,0 days 00:14:00
95336,0 days 00:13:00
95338,0 days 00:13:00
95340,0 days 00:13:00
95342,0 days 00:12:00
95401,0 days 01:16:00
95402,0 days 01:10:00
95403,0 days 01:10:00
95404,0 days 01:11:00
95405,0 days 01:11:00
95406,0 days 01:13:00
95407,0 days 01:13:00
95408,0 days 01:12:00
95409,0 days 01:10:00
95410,0 days 01:11:00
95411,0 days 01:10:00
95412,0 days 01:10:00
95413,0 days 01:10:00
95414,0 days 01:11:00
95415,0 days 01:10:00
95416,0 days 01:11:00
95417,0 days 01:10:00
95418,0 days 01:10:00
95419,0 days 01:12:00
95420,0 days 01:11:00
95421,0 days 01:11:00
95422,0 days 01:11:00
95423,0 days 01:11:00
95424,0 days 01:10:00
95425,0 days 01:11:00
95426,0 days 01:10:00
95428,0 days 01:10:00
95430,0 days 01:10:00
95501,0 days 00:35:00
95502,0 days 00:36:00
95503,0 days 00:39:00
95504,0 days 00:37:00
95505,0 days 00:35:00
95506,0 days 00:37:00
95507,0 days 00:35:00
95508,0 days 00:35:00
95509,0 days 00:36:00
95510,0 days 00:35:00
95511,0 days 00:36:00
95512,0 days 00:40:00
95513,0 days 00:38:00
95514,0 days 00:36:00
95515,0 days 00:38:00
95516,0 days 00:37:00
95517,0 days 00:35:00
95601,0 days 00:16:00
95602,0 days 00:15:00
95603,0 days 00:17:00
95604,0 days 00:15:00
95605,0 days 00:16:00
95606,0 days 00:16:00
95607,0 days 00:15:00
95608,0 days 00:15:00
95609,0 days 00:16:00
95610,0 days 00:15:00
95611,0 days 00:15:00
95612,0 days 00:15:00
95613,0 days 00:16:00
95614,0 days 00:15:00
95615,0 days 00:15:00
95616,0 days 00:15:00
95617,0 days 00:16:00
95619,0 days 00:15:00
95701,0 days 01:00:00
95702,0 days 01:20:00
95703,0 days 01:00:00
95704,0 days 01:02:00
95705,0 days 00:59:00
95706,0 days 00:59:00
95707,0 days 01:12:00
95708,0 days 01:14:00
95709,0 days 01:12:00
95710,0 days 01:16:00
95711,0 days 01:13:00
95712,0 days 01:02:00
95713,0 days 00:49:00
95714,0 days 01:16:00
95715,0 days 01:13:00
95716,0 days 01:16:00
95717,0 days 01:02:00
95718,0 days 01:15:00
95719,0 days 01:02:00
95720,0 days 01:14:00
95721,0 days 01:12:00
95722,0 days 00:50:00
95723,0 days 00:49:00
95724,0 days 01:01:00
95725,0 days 00:47:00
95726,0 days 01:02:00
95727,0 days 01:14:00
95728,0 days 01:15:00
95729,0 days 01:00:00
95730,0 days 00:49:00
95731,0 days 01:14:00
95732,0 days 01:12:00
95733,0 days 01:13:00
95734,0 days 00:45:00
95735,0 days 01:00:00
95736,0 days 01:13:00
95737,0 days 01:18:00
95738,0 days 01:15:00
95739,0 days 01:03:00
95740,0 days 01:02:00
95741,0 days 01:16:00
95742,0 days 01:13:00
95743,0 days 01:21:00
95744,0 days 01:02:00
95745,0 days 01:02:00
95746,0 days 01:00:00
95801,0 days 01:05:00
95802,0 days 01:07:00
95804,0 days 01:06:00
95805,0 days 01:10:00
95808,0 days 01:07:00
95901,0 days 00:39:00
95902,0 days 00:44:00
95903,0 days 00:42:00
95904,0 days 00:45:00
95905,0 days 00:41:00
95906,0 days 00:43:00
95907,0 days 00:41:00
95908,0 days 00:45:00
95909,0 days 00:41:00
95910,0 days 00:43:00
95911,0 days 00:42:00
95912,0 days 00:44:00
95913,0 days 00:50:00
95917,0 days 00:43:00
95919,0 days 00:51:00
96001,0 days 00:05:00
96002,0 days 00:07:00
96003,0 days 00:58:00
96004,0 days 00:07:00
96005,0 days 00:05:00
96006,0 days 00:07:00
96007,0 days 00:05:00
96008,0 days 00:07:00
96009,0 days 00:05:00
96010,0 days 00:07:00
96011,0 days 00:05:00
96012,0 days 00:07:00
96013,0 days 00:05:00
96014,0 days 00:07:00
96015,0 days 00:05:00
96016,0 days 00:07:00
96017,0 days 00:05:00
96018,0 days 00:07:00
96019,0 days 00:57:00
96020,0 days 01:00:00
96022,0 days 00:07:00
96101,0 days 00:53:00
96102,0 days 00:52:00
96103,0 days 00:51:00
96104,0 days 00:51:00
96105,0 days 00:51:00
96106,0 days 00:51:00
96107,0 days 00:52:00
96108,0 days 00:51:00
96109,0 days 00:51:00
96110,0 days 00:51:00
96111,0 days 01:01:00
96112,0 days 00:50:00
96113,0 days 00:52:00
96114,0 days 02:21:00
96115,0 days 00:51:00
96116,0 days 02:18:00
96117,0 days 00:51:00
96119,0 days 00:51:00
96121,0 days 00:51:00
96201,0 days 00:20:00
96202,0 days 00:18:00
96203,0 days 00:18:00
96204,0 days 00:18:00
96205,0 days 00:20:00
96206,0 days 00:17:00
96207,0 days 00:20:00
96208,0 days 00:20:00
96209,0 days 00:21:00
96210,0 days 00:19:00
96211,0 days 00:21:00
96212,0 days 00:20:00
96213,0 days 00:20:00
96214,0 days 00:25:00
96215,0 days 00:19:00
96216,0 days 00:21:00
96217,0 days 00:20:00
96218,0 days 00:19:00
96219,0 days 00:20:00
96220,0 days 00:19:00
96221,0 days 00:19:00
96222,0 days 00:21:00
96223,0 days 00:20:00
96224,0 days 00:21:00
96225,0 days 00:20:00
96226,0 days 00:19:00
96227,0 days 00:20:00
96228,0 days 00:19:00
96232,0 days 00:21:00
96234,0 days 00:20:00
96236,0 days 01:48:00
96301,0 days 00:13:00
96302,0 days 00:13:00
96303,0 days 00:13:00
96304,0 days 00:12:00
96305,0 days 00:14:00
96306,0 days 00:13:00
96307,0 days 00:12:00
96308,0 days 00:12:00
96309,0 days 00:13:00
96310,0 days 00:12:00
96311,0 days 00:12:00
96312,0 days 00:14:00
96313,0 days 00:13:00
96314,0 days 00:13:00
96315,0 days 00:12:00
96316,0 days 00:12:00
96317,0 days 00:13:00
96318,0 days 00:12:00
96319,0 days 00:13:00
96320,0 days 00:13:00
96321,0 days 00:13:00
96322,0 days 00:12:00
96323,0 days 00:13:00
96324,0 days 00:13:00
96325,0 days 00:13:00
96326,0 days 00:12:00
96327,0 days 00:13:00
96328,0 days 00:12:00
96329,0 days 00:14:00
96330,0 days 00:13:00
96331,0 days 00:13:00
96332,0 days 00:12:00
96333,0 days 00:13:00
96334,0 days 00:12:00
96335,0 days 00:13:00
96336,0 days 01:42:00
96337,0 days 00:12:00
96339,0 days 00:14:00
96341,0 days 00:14:00
96343,0 days 00:13:00
96345,0 days 00:13:00
96401,0 days 01:17:00
96402,0 days 01:10:00
96403,0 days 01:13:00
96404,0 days 01:10:00
96405,0 days 01:10:00
96406,0 days 01:12:00
96407,0 days 01:09:00
96409,0 days 01:10:00
96501,0 days 00:21:00
96502,0 days 00:38:00
96503,0 days 00:35:00
96504,0 days 00:37:00
96505,0 days 00:37:00
96506,0 days 00:37:00
96507,0 days 00:36:00
96508,0 days 00:36:00
96509,0 days 00:35:00
96510,0 days 00:36:00
96511,0 days 00:35:00
96512,0 days 00:36:00
96513,0 days 00:35:00
96514,0 days 00:35:00
96515,0 days 00:36:00
96516,0 days 00:37:00
96517,0 days 00:35:00
96518,0 days 00:37:00
96519,0 days 00:35:00
96520,0 days 00:40:00
96521,0 days 00:35:00
96522,0 days 00:34:00
96524,0 days 00:34:00
96601,0 days 00:15:00
96602,0 days 00:15:00
96603,0 days 00:15:00
96604,0 days 00:15:00
96605,0 days 00:15:00
96606,0 days 00:15:00
96607,0 days 00:15:00
96608,0 days 00:15:00
96609,0 days 00:15:00
96610,0 days 00:15:00
96611,0 days 00:14:00
96612,0 days 00:11:00
96613,0 days 00:15:00
96614,0 days 00:15:00
96615,0 days 00:15:00
96616,0 days 00:15:00
96617,0 days 00:15:00
96618,0 days 00:17:00
96619,0 days 00:15:00
96620,0 days 00:15:00
96621,0 days 00:15:00
96622,0 days 00:17:00
96623,0 days 00:15:00
96624,0 days 00:17:00
96625,0 days 00:15:00
96626,0 days 00:15:00
96627,0 days 00:14:00
96628,0 days 00:15:00
96629,0 days 00:14:00
96630,0 days 00:15:00
96631,0 days 00:15:00
96632,0 days 00:15:00
96633,0 days 00:15:00
96634,0 days 00:15:00
96635,0 days 00:15:00
96636,0 days 00:15:00
96637,0 days 00:16:00
96638,0 days 00:15:00
96639,0 days 00:15:00
96640,0 days 00:16:00
96641,0 days 00:15:00
96642,0 days 00:15:00
96643,0 days 00:15:00
96644,0 days 00:15:00
96645,0 days 00:15:00
96646,0 days 00:16:00
96647,0 days 00:15:00
96648,0 days 00:15:00
96649,0 days 00:15:00
96650,0 days 00:16:00
96651,0 days 00:15:00
96652,0 days 00:15:00
96653,0 days 00:15:00
96654,0 days 00:15:00
96655,0 days 00:15:00
96656,0 days 00:15:00
96657,0 days 01:43:00
96658,0 days 00:16:00
96660,0 days 00:15:00
97000,0 days 01:28:00
97001,0 days 00:56:00
97002,0 days 01:27:00
97003,0 days 00:57:00
97004,0 days 01:27:00
97005,0 days 00:57:00
97006,0 days 01:28:00
97007,0 days 00:57:00
97008,0 days 01:27:00
97009,0 days 00:57:00
97010,0 days 01:28:00
97011,0 days 01:30:00
97012,0 days 01:08:00
97013,0 days 00:58:00
97014,0 days 01:27:00
97015,0 days 01:28:00
97016,0 days 01:30:00
97017,0 days 01:28:00
97018,0 days 01:28:00
97019,0 days 01:28:00
97020,0 days 01:28:00
97021,0 days 01:28:00
97022,0 days 01:29:00
97023,0 days 01:08:00
97024,0 days 01:29:00
97025,0 days 01:26:00
97026,0 days 01:09:00
97027,0 days 01:27:00
97028,0 days 01:10:00
97029,0 days 01:27:00
97030,0 days 01:30:00
97031,0 days 01:30:00
97032,0 days 01:31:00
97033,0 days 00:32:00
97034,0 days 01:29:00
97035,0 days 01:11:00
97036,0 days 01:28:00
97037,0 days 01:29:00
97038,0 days 01:28:00
97039,0 days 01:27:00
97040,0 days 01:28:00
97041,0 days 01:28:00
97042,0 days 00:59:00
97043,0 days 01:12:00
97044,0 days 01:28:00
97045,0 days 01:12:00
97046,0 days 00:31:00
97047,0 days 01:29:00
97048,0 days 01:30:00
97049,0 days 01:27:00
97050,0 days 01:12:00
97051,0 days 01:02:00
97052,0 days 01:30:00
97053,0 days 01:27:00
97054,0 days 01:29:00
97055,0 days 01:27:00
97056,0 days 00:31:00
97057,0 days 01:29:00
97058,0 days 01:28:00
97059,0 days 01:27:00
97060,0 days 01:28:00
97061,0 days 01:27:00
97062,0 days 01:29:00
97063,0 days 01:09:00
97064,0 days 00:58:00
97065,0 days 01:31:00
97066,0 days 01:28:00
97067,0 days 01:32:00
97068,0 days 01:28:00
97069,0 days 01:27:00
97070,0 days 01:29:00
97071,0 days 01:27:00
97072,0 days 01:09:00
97073,0 days 00:32:00
97074,0 days 01:31:00
97075,0 days 01:27:00
97076,0 days 01:29:00
97077,0 days 00:59:00
97078,0 days 01:28:00
97079,0 days 01:27:00
97080,0 days 01:29:00
97081,0 days 01:28:00
97082,0 days 01:28:00
97083,0 days 01:27:00
97084,0 days 01:27:00
97085,0 days 01:27:00
97086,0 days 00:31:00
97087,0 days 01:10:00
97088,0 days 01:32:00
97089,0 days 01:27:00
97090,0 days 01:29:00
97091,0 days 01:29:00
97092,0 days 01:09:00
97093,0 days 01:27:00
97094,0 days 01:31:00
97095,0 days 01:29:00
97096,0 days 01:26:00
97097,0 days 01:00:00
97098,0 days 01:08:00
97099,0 days 00:59:00
97100,0 days 01:28:00
97101,0 days 01:30:00
97102,0 days 01:29:00
97103,0 days 01:30:00
97104,0 days 01:30:00
97105,0 days 01:29:00
97106,0 days 01:28:00
97107,0 days 01:09:00
97108,0 days 01:28:00
97109,0 days 00:55:00
97110,0 days 01:08:00
97111,0 days 01:28:00
97112,0 days 01:27:00
97113,0 days 01:28:00
97114,0 days 01:28:00
97115,0 days 01:13:00
97116,0 days 00:58:00
97117,0 days 01:29:00
97118,0 days 00:31:00
97119,0 days 01:28:00
97120,0 days 01:12:00
97121,0 days 01:11:00
97122,0 days 01:30:00
97123,0 days 01:14:00
97124,0 days 01:29:00
97125,0 days 01:28:00
97126,0 days 01:08:00
97127,0 days 01:28:00
97128,0 days 01:27:00
97129,0 days 01:28:00
97130,0 days 00:32:00
97131,0 days 01:01:00
97132,0 days 01:11:00
97133,0 days 01:28:00
97134,0 days 01:10:00
97135,0 days 01:10:00
97136,0 days 01:27:00
97137,0 days 01:12:00
97138,0 days 01:09:00
97139,0 days 01:29:00
97140,0 days 01:00:00
97141,0 days 01:12:00
97142,0 days 01:31:00
97143,0 days 01:11:00
97144,0 days 01:28:00
97145,0 days 01:10:00
97146,0 days 01:29:00
97147,0 days 01:28:00
97148,0 days 00:59:00
97149,0 days 01:28:00
97150,0 days 00:32:00
97151,0 days 01:29:00
97152,0 days 00:31:00
97153,0 days 01:29:00
97155,0 days 01:09:00
97201,0 days 01:18:00
97202,0 days 01:19:00
97203,0 days 01:18:00
97204,0 days 01:21:00
97205,0 days 01:18:00
97206,0 days 01:20:00
97207,0 days 01:18:00
97208,0 days 01:21:00
97209,0 days 01:18:00
97210,0 days 01:21:00
97211,0 days 01:17:00
97212,0 days 01:02:00
97213,0 days 01:19:00
97214,0 days 01:20:00
97215,0 days 01:17:00
97216,0 days 01:20:00
97217,0 days 01:17:00
97218,0 days 01:22:00
97219,0 days 01:19:00
97220,0 days 01:20:00
97221,0 days 01:18:00
97222,0 days 01:20:00
97223,0 days 01:18:00
97224,0 days 01:22:00
97225,0 days 01:18:00
97226,0 days 01:20:00
97227,0 days 01:21:00
97228,0 days 01:21:00
97229,0 days 01:19:00
97230,0 days 01:20:00
97231,0 days 01:18:00
97232,0 days 01:19:00
97233,0 days 01:17:00
97234,0 days 01:02:00
97235,0 days 01:02:00
97236,0 days 01:19:00
97237,0 days 01:00:00
97238,0 days 01:20:00
97239,0 days 01:21:00
97240,0 days 01:19:00
97241,0 days 01:19:00
97242,0 days 01:23:00
97243,0 days 01:19:00
97244,0 days 01:22:00
97245,0 days 01:18:00
97246,0 days 01:20:00
97247,0 days 01:02:00
97248,0 days 01:21:00
97249,0 days 01:18:00
97250,0 days 01:20:00
97251,0 days 01:18:00
97252,0 days 01:24:00
97253,0 days 01:20:00
97254,0 days 01:01:00
97255,0 days 01:18:00
97256,0 days 01:21:00
97258,0 days 01:21:00
97260,0 days 01:00:00
97301,0 days 00:56:00
97302,0 days 00:56:00
97303,0 days 00:56:00
97304,0 days 00:56:00
97305,0 days 00:56:00
97306,0 days 00:56:00
97307,0 days 00:56:00
97308,0 days 00:56:00
97309,0 days 00:56:00
97310,0 days 00:58:00
97311,0 days 00:56:00
97312,0 days 00:56:00
97313,0 days 00:56:00
97314,0 days 00:58:00
97315,0 days 00:56:00
97316,0 days 00:56:00
97317,0 days 00:56:00
97318,0 days 00:56:00
97319,0 days 00:56:00
97320,0 days 00:56:00
97321,0 days 00:56:00
97322,0 days 00:56:00
97323,0 days 00:58:00
97324,0 days 00:56:00
97325,0 days 00:56:00
97326,0 days 00:56:00
97327,0 days 00:59:00
97328,0 days 00:56:00
97329,0 days 00:56:00
97330,0 days 00:59:00
97331,0 days 00:57:00
97332,0 days 00:58:00
97333,0 days 00:56:00
97334,0 days 00:58:00
97335,0 days 00:56:00
97336,0 days 00:58:00
97337,0 days 00:57:00
97338,0 days 00:57:00
97339,0 days 00:55:00
97340,0 days 00:58:00
97341,0 days 00:55:00
97342,0 days 00:58:00
97343,0 days 00:58:00
97344,0 days 00:58:00
97345,0 days 00:57:00
97346,0 days 00:58:00
97347,0 days 01:00:00
97348,0 days 01:00:00
97349,0 days 00:56:00
97350,0 days 00:59:00
97351,0 days 00:56:00
97352,0 days 00:58:00
97353,0 days 00:55:00
97354,0 days 00:58:00
97355,0 days 00:56:00
97356,0 days 00:58:00
97357,0 days 00:56:00
97358,0 days 00:58:00
97359,0 days 00:56:00
97360,0 days 00:58:00
97361,0 days 01:00:00
97362,0 days 00:59:00
97363,0 days 00:56:00
97364,0 days 00:58:00
97365,0 days 00:56:00
97366,0 days 00:58:00
97367,0 days 00:56:00
97368,0 days 00:58:00
97369,0 days 00:55:00
97370,0 days 00:59:00
97371,0 days 00:56:00
97372,0 days 00:58:00
97373,0 days 00:57:00
97374,0 days 00:58:00
97375,0 days 00:38:00
97376,0 days 00:58:00
97377,0 days 00:56:00
97378,0 days 00:59:00
97379,0 days 00:56:00
97380,0 days 00:58:00
97381,0 days 00:56:00
97382,0 days 00:57:00
97383,0 days 00:57:00
97384,0 days 00:38:00
97385,0 days 00:56:00
97386,0 days 00:58:00
97387,0 days 00:56:00
97388,0 days 00:57:00
97389,0 days 00:56:00
97390,0 days 00:57:00
97391,0 days 00:56:00
97392,0 days 00:57:00
97393,0 days 00:56:00
97394,0 days 00:58:00
97395,0 days 00:56:00
97396,0 days 00:57:00
97397,0 days 00:56:00
97398,0 days 00:58:00
97399,0 days 00:58:00
97400,0 days 00:55:00
97401,0 days 00:57:00
97402,0 days 00:57:00
97403,0 days 00:56:00
97404,0 days 00:59:00
97405,0 days 00:56:00
97406,0 days 00:38:00
97407,0 days 00:56:00
97408,0 days 00:58:00
97409,0 days 00:39:00
97410,0 days 00:40:00
97411,0 days 00:55:00
97412,0 days 00:59:00
97413,0 days 00:57:00
97414,0 days 00:58:00
97415,0 days 00:38:00
97416,0 days 00:59:00
97417,0 days 00:56:00
97418,0 days 00:57:00
97419,0 days 00:56:00
97420,0 days 00:39:00
97421,0 days 00:56:00
97422,0 days 00:58:00
97423,0 days 00:55:00
97424,0 days 00:38:00
97425,0 days 00:55:00
97426,0 days 00:58:00
97427,0 days 00:55:00
97428,0 days 00:58:00
97429,0 days 00:39:00
97430,0 days 00:39:00
97431,0 days 00:55:00
97432,0 days 00:58:00
97433,0 days 00:56:00
97434,0 days 01:00:00
97435,0 days 00:55:00
97436,0 days 00:58:00
97437,0 days 00:56:00
97438,0 days 00:58:00
97439,0 days 00:56:00
97440,0 days 00:59:00
97441,0 days 00:55:00
97442,0 days 00:39:00
97444,0 days 00:59:00
97445,0 days 00:56:00
97446,0 days 00:58:00
97501,0 days 00:34:00
97502,0 days 00:37:00
97503,0 days 00:34:00
97504,0 days 00:37:00
97601,0 days 00:28:00
97602,0 days 00:30:00
97603,0 days 00:28:00
97604,0 days 00:30:00
97605,0 days 00:28:00
97606,0 days 00:30:00
97607,0 days 00:28:00
97608,0 days 00:30:00
97609,0 days 00:30:00
97610,0 days 00:30:00
97611,0 days 00:28:00
97612,0 days 00:31:00
97613,0 days 00:28:00
97614,0 days 00:31:00
97615,0 days 00:31:00
97616,0 days 00:30:00
97617,0 days 00:29:00
97618,0 days 00:30:00
97619,0 days 00:30:00
97620,0 days 00:30:00
97621,0 days 00:28:00
97622,0 days 00:30:00
97623,0 days 00:28:00
97624,0 days 00:29:00
97625,0 days 00:28:00
97626,0 days 00:30:00
97627,0 days 00:28:00
97628,0 days 00:30:00
97629,0 days 00:28:00
97630,0 days 00:30:00
97631,0 days 00:28:00
97632,0 days 00:30:00
97633,0 days 00:29:00
97634,0 days 00:31:00
97635,0 days 00:28:00
97636,0 days 00:30:00
97637,0 days 00:29:00
97638,0 days 00:30:00
97639,0 days 00:28:00
97640,0 days 00:31:00
97641,0 days 00:28:00
97642,0 days 00:31:00
97643,0 days 00:28:00
97644,0 days 00:30:00
97645,0 days 00:29:00
97646,0 days 00:30:00
97647,0 days 00:29:00
97648,0 days 00:30:00
97649,0 days 00:29:00
97651,0 days 00:29:00
97653,0 days 00:29:00
97655,0 days 00:29:00
98000,0 days 01:17:00
98001,0 days 01:17:00
98002,0 days 01:17:00
98003,0 days 01:17:00
98004,0 days 01:17:00
98005,0 days 01:17:00
98006,0 days 01:17:00
98007,0 days 01:17:00
98008,0 days 01:17:00
98009,0 days 01:17:00
98010,0 days 01:17:00
98011,0 days 01:17:00
98012,0 days 01:17:00
98013,0 days 00:31:00
98014,0 days 01:17:00
98015,0 days 01:17:00
98016,0 days 01:18:00
98017,0 days 01:17:00
98018,0 days 01:00:00
98019,0 days 01:17:00
98020,0 days 01:18:00
98021,0 days 00:30:00
98022,0 days 01:18:00
98023,0 days 01:17:00
98024,0 days 01:17:00
98025,0 days 01:17:00
98026,0 days 00:59:00
98027,0 days 01:17:00
98028,0 days 01:17:00
98029,0 days 01:17:00
98030,0 days 01:17:00
98031,0 days 01:02:00
98032,0 days 00:59:00
98033,0 days 01:17:00
98034,0 days 01:17:00
98035,0 days 01:18:00
98036,0 days 01:17:00
98037,0 days 01:20:00
98038,0 days 01:17:00
98039,0 days 01:17:00
98040,0 days 00:59:00
98041,0 days 01:17:00
98042,0 days 01:17:00
98043,0 days 01:17:00
98044,0 days 01:18:00
98045,0 days 01:17:00
98046,0 days 01:18:00
98047,0 days 01:17:00
98048,0 days 01:17:00
98049,0 days 01:17:00
98050,0 days 01:17:00
98051,0 days 00:59:00
98052,0 days 01:17:00
98053,0 days 01:17:00
98054,0 days 01:17:00
98055,0 days 01:18:00
98056,0 days 01:19:00
98057,0 days 01:18:00
98058,0 days 01:17:00
98059,0 days 01:17:00
98060,0 days 01:17:00
98061,0 days 01:17:00
98062,0 days 01:17:00
98063,0 days 01:18:00
98064,0 days 01:17:00
98065,0 days 01:17:00
98066,0 days 01:18:00
98067,0 days 01:17:00
98068,0 days 01:17:00
98069,0 days 01:17:00
98070,0 days 01:17:00
98071,0 days 01:17:00
98072,0 days 01:17:00
98073,0 days 01:17:00
98074,0 days 01:17:00
98075,0 days 01:20:00
98076,0 days 01:17:00
98077,0 days 01:17:00
98078,0 days 01:21:00
98079,0 days 01:17:00
98080,0 days 01:20:00
98081,0 days 01:17:00
98082,0 days 01:18:00
98083,0 days 01:00:00
98084,0 days 01:18:00
98085,0 days 01:17:00
98087,0 days 01:17:00
98088,0 days 01:17:00
98089,0 days 01:17:00
98090,0 days 01:17:00
98091,0 days 01:17:00
98092,0 days 01:17:00
98093,0 days 01:18:00
98094,0 days 01:17:00
98095,0 days 01:18:00
98096,0 days 01:17:00
98097,0 days 01:17:00
98098,0 days 01:17:00
98099,0 days 01:17:00
98100,0 days 01:17:00
98101,0 days 01:17:00
98102,0 days 01:17:00
98103,0 days 01:00:00
98104,0 days 01:17:00
98105,0 days 01:17:00
98106,0 days 01:18:00
98107,0 days 01:17:00
98108,0 days 01:20:00
98109,0 days 01:19:00
98110,0 days 01:17:00
98111,0 days 01:18:00
98112,0 days 01:17:00
98113,0 days 01:17:00
98114,0 days 01:17:00
98115,0 days 01:17:00
98116,0 days 01:17:00
98117,0 days 01:17:00
98118,0 days 01:19:00
98119,0 days 01:18:00
98120,0 days 01:18:00
98121,0 days 01:17:00
98122,0 days 01:18:00
98123,0 days 01:17:00
98124,0 days 01:19:00
98125,0 days 01:17:00
98126,0 days 01:18:00
98127,0 days 01:17:00
98128,0 days 01:17:00
98129,0 days 01:17:00
98130,0 days 01:17:00
98131,0 days 01:19:00
98132,0 days 01:19:00
98133,0 days 01:03:00
98134,0 days 01:01:00
98135,0 days 01:20:00
98136,0 days 01:19:00
98137,0 days 01:18:00
98138,0 days 01:18:00
98139,0 days 01:17:00
98140,0 days 01:21:00
98141,0 days 01:17:00
98142,0 days 01:19:00
98143,0 days 01:00:00
98144,0 days 00:59:00
98145,0 days 01:18:00
98146,0 days 01:17:00
98147,0 days 01:17:00
98148,0 days 01:17:00
98149,0 days 01:00:00
98150,0 days 01:17:00
98151,0 days 01:19:00
98152,0 days 01:17:00
98153,0 days 01:18:00
98154,0 days 01:17:00
98155,0 days 01:18:00
98156,0 days 01:17:00
98157,0 days 01:18:00
98158,0 days 01:17:00
98159,0 days 01:17:00
98160,0 days 01:19:00
98161,0 days 01:17:00
98162,0 days 01:18:00
98163,0 days 01:19:00
98164,0 days 01:18:00
98165,0 days 01:17:00
98166,0 days 00:30:00
98167,0 days 01:00:00
98168,0 days 01:19:00
98169,0 days 01:17:00
98170,0 days 01:18:00
98171,0 days 01:18:00
98172,0 days 01:18:00
98173,0 days 00:59:00
98174,0 days 01:18:00
98175,0 days 01:18:00
98176,0 days 01:18:00
98177,0 days 01:00:00
98178,0 days 01:18:00
98179,0 days 01:18:00
98180,0 days 01:17:00
98181,0 days 01:00:00
98182,0 days 01:18:00
98183,0 days 01:17:00
98184,0 days 01:17:00
98185,0 days 01:17:00
98186,0 days 01:18:00
98187,0 days 01:00:00
98188,0 days 01:17:00
98189,0 days 01:17:00
98190,0 days 01:17:00
98191,0 days 01:17:00
98192,0 days 01:18:00
98193,0 days 01:18:00
98194,0 days 01:17:00
98195,0 days 01:19:00
98196,0 days 00:15:00
98197,0 days 01:18:00
98198,0 days 01:18:00
98199,0 days 01:18:00
98200,0 days 00:30:00
98201,0 days 01:18:00
98202,0 days 01:18:00
98203,0 days 01:17:00
98204,0 days 01:20:00
98205,0 days 01:17:00
98207,0 days 01:17:00
98208,0 days 00:15:00
98209,0 days 01:17:00
98211,0 days 01:17:00
98213,0 days 01:17:00
98214,0 days 00:15:00
98215,0 days 01:18:00
98300,0 days 01:04:00
98301,0 days 01:04:00
98302,0 days 01:04:00
98303,0 days 01:03:00
98304,0 days 01:04:00
98305,0 days 01:03:00
98306,0 days 01:04:00
98307,0 days 01:06:00
98308,0 days 01:04:00
98309,0 days 00:46:00
98310,0 days 01:04:00
98311,0 days 01:03:00
98312,0 days 01:03:00
98313,0 days 01:03:00
98314,0 days 01:03:00
98315,0 days 01:03:00
98316,0 days 01:03:00
98317,0 days 01:03:00
98318,0 days 01:03:00
98319,0 days 01:03:00
98320,0 days 01:03:00
98321,0 days 00:46:00
98322,0 days 01:03:00
98323,0 days 01:05:00
98324,0 days 01:03:00
98325,0 days 01:03:00
98326,0 days 01:03:00
98327,0 days 01:03:00
98328,0 days 01:05:00
98329,0 days 00:48:00
98330,0 days 01:03:00
98331,0 days 01:03:00
98332,0 days 01:03:00
98333,0 days 01:03:00
98334,0 days 00:45:00
98335,0 days 01:05:00
98336,0 days 01:05:00
98337,0 days 01:03:00
98338,0 days 00:45:00
98339,0 days 01:04:00
98340,0 days 00:45:00
98341,0 days 01:03:00
98342,0 days 01:04:00
98343,0 days 01:03:00
98344,0 days 01:03:00
98345,0 days 01:04:00
98346,0 days 01:03:00
98347,0 days 01:03:00
98348,0 days 01:03:00
98349,0 days 01:04:00
98350,0 days 01:04:00
98351,0 days 01:04:00
98352,0 days 01:04:00
98353,0 days 01:05:00
98354,0 days 01:03:00
98355,0 days 00:46:00
98356,0 days 01:03:00
98357,0 days 01:03:00
98358,0 days 01:03:00
98359,0 days 01:03:00
98360,0 days 01:04:00
98361,0 days 01:03:00
98362,0 days 01:04:00
98363,0 days 01:03:00
98364,0 days 00:48:00
98365,0 days 01:04:00
98366,0 days 01:03:00
98367,0 days 00:46:00
98368,0 days 01:05:00
98369,0 days 01:03:00
98370,0 days 01:04:00
98371,0 days 01:03:00
98372,0 days 01:07:00
98373,0 days 01:04:00
98374,0 days 01:04:00
98375,0 days 01:05:00
98376,0 days 01:03:00
98377,0 days 01:03:00
98378,0 days 01:05:00
98379,0 days 01:04:00
98380,0 days 01:06:00
98381,0 days 01:05:00
98382,0 days 01:03:00
98384,0 days 00:45:00
98386,0 days 01:03:00
98388,0 days 01:07:00
98390,0 days 01:04:00
98392,0 days 01:03:00
98394,0 days 01:03:00
98500,0 days 00:48:00
98501,0 days 00:47:00
98502,0 days 00:48:00
98503,0 days 00:48:00
98504,0 days 00:48:00
98505,0 days 00:47:00
98506,0 days 00:48:00
98507,0 days 00:29:00
98508,0 days 00:48:00
98509,0 days 00:48:00
98510,0 days 00:48:00
98511,0 days 00:47:00
98512,0 days 00:48:00
98513,0 days 00:48:00
98514,0 days 00:30:00
98515,0 days 00:47:00
98516,0 days 00:48:00
98517,0 days 00:47:00
98518,0 days 00:48:00
98519,0 days 00:48:00
98520,0 days 00:48:00
98521,0 days 00:48:00
98522,0 days 00:48:00
98523,0 days 00:47:00
98524,0 days 00:49:00
98525,0 days 00:47:00
98526,0 days 00:49:00
98527,0 days 00:29:00
98528,0 days 00:48:00
98529,0 days 00:47:00
98530,0 days 00:48:00
98531,0 days 00:47:00
98532,0 days 00:48:00
98533,0 days 00:47:00
98535,0 days 00:47:00
98537,0 days 00:47:00
98538,0 days 00:30:00
98539,0 days 00:47:00
98540,0 days 00:48:00
98541,0 days 00:47:00
98543,0 days 00:48:00
98544,0 days 00:48:00
98545,0 days 00:49:00
98546,0 days 00:30:00
98547,0 days 00:49:00
98548,0 days 00:48:00
98549,0 days 00:47:00
98550,0 days 00:48:00
98551,0 days 00:48:00
98552,0 days 00:48:00
98553,0 days 00:49:00
98554,0 days 00:48:00
98555,0 days 00:48:00
98556,0 days 00:49:00
98557,0 days 00:47:00
98558,0 days 00:30:00
98559,0 days 00:47:00
98560,0 days 00:48:00
98561,0 days 00:47:00
98562,0 days 00:30:00
98563,0 days 00:48:00
98564,0 days 00:48:00
98565,0 days 00:47:00
98566,0 days 00:48:00
98567,0 days 00:47:00
98568,0 days 00:50:00
98569,0 days 00:47:00
98570,0 days 00:32:00
98571,0 days 00:47:00
98572,0 days 00:50:00
98573,0 days 00:47:00
98574,0 days 00:48:00
98575,0 days 00:47:00
98576,0 days 00:48:00
98577,0 days 00:47:00
98578,0 days 00:30:00
98580,0 days 00:31:00
98600,0 days 00:41:00
98601,0 days 00:44:00
98602,0 days 00:41:00
98603,0 days 00:44:00
98604,0 days 00:36:00
98605,0 days 00:33:00
98700,0 days 00:20:00
98701,0 days 00:20:00
98702,0 days 00:21:00
98703,0 days 00:20:00
98704,0 days 00:21:00
98705,0 days 00:20:00
98706,0 days 00:21:00
98707,0 days 00:20:00
98708,0 days 00:21:00
98709,0 days 00:20:00
98710,0 days 00:21:00
98711,0 days 00:20:00
98712,0 days 00:21:00
98713,0 days 00:20:00
98714,0 days 00:21:00
98715,0 days 00:20:00
98716,0 days 00:21:00
98717,0 days 00:20:00
98718,0 days 00:21:00
98719,0 days 00:20:00
98720,0 days 00:21:00
98721,0 days 00:20:00
98722,0 days 00:21:00
98723,0 days 00:20:00
98724,0 days 00:21:00
98725,0 days 00:20:00
98726,0 days 00:21:00
98727,0 days 00:20:00
98728,0 days 00:21:00
98729,0 days 00:20:00
98730,0 days 00:21:00
98731,0 days 00:20:00
98732,0 days 00:21:00
98733,0 days 00:20:00
98734,0 days 00:21:00
98735,0 days 00:21:00
98736,0 days 00:21:00
98737,0 days 00:20:00
98738,0 days 00:21:00
98739,0 days 00:20:00
98740,0 days 00:21:00
98741,0 days 00:20:00
98742,0 days 00:21:00
98743,0 days 00:20:00
98744,0 days 00:21:00
98745,0 days 00:20:00
98746,0 days 00:20:00
98747,0 days 00:20:00
98748,0 days 00:20:00
98749,0 days 00:20:00
98750,0 days 00:21:00
98751,0 days 00:20:00
98752,0 days 00:21:00
98753,0 days 00:20:00
98754,0 days 00:21:00
98755,0 days 00:20:00
98756,0 days 00:21:00
98757,0 days 00:20:00
98758,0 days 00:21:00
98759,0 days 00:20:00
98760,0 days 00:20:00
98761,0 days 00:20:00
98762,0 days 00:21:00
98763,0 days 00:20:00
98764,0 days 00:20:00
98765,0 days 00:20:00
98766,0 days 00:20:00
98767,0 days 00:20:00
98768,0 days 00:22:00
98769,0 days 00:20:00
98770,0 days 00:21:00
98771,0 days 00:20:00
98772,0 days 00:20:00
98773,0 days 00:21:00
98774,0 days 00:20:00
98775,0 days 00:20:00
98776,0 days 00:20:00
98777,0 days 00:20:00
98778,0 days 00:20:00
98779,0 days 00:20:00
98780,0 days 00:20:00
98781,0 days 00:20:00
98782,0 days 00:20:00
98783,0 days 00:20:00
98784,0 days 00:20:00
98785,0 days 00:20:00
98800,0 days 00:21:00
98801,0 days 00:28:00
98802,0 days 00:21:00
98803,0 days 00:28:00
98804,0 days 00:21:00
98805,0 days 00:20:00
98806,0 days 00:21:00
98807,0 days 00:20:00
98808,0 days 00:21:00
98809,0 days 00:20:00
98810,0 days 00:21:00
98811,0 days 00:20:00
98812,0 days 00:21:00
98813,0 days 00:20:00
98814,0 days 00:21:00
98815,0 days 00:21:00
98816,0 days 00:21:00
98817,0 days 00:20:00
98818,0 days 00:21:00
98819,0 days 00:20:00
98820,0 days 00:21:00
98821,0 days 00:20:00
98822,0 days 00:21:00
98823,0 days 00:20:00
98824,0 days 00:21:00
98825,0 days 00:20:00
98826,0 days 00:22:00
98827,0 days 00:20:00
98828,0 days 00:21:00
98829,0 days 00:20:00
98830,0 days 00:21:00
98831,0 days 00:20:00
98832,0 days 00:21:00
98833,0 days 00:20:00
98834,0 days 00:21:00
98835,0 days 00:22:00
98836,0 days 00:21:00
98837,0 days 00:20:00
98838,0 days 00:21:00
98839,0 days 00:20:00
98840,0 days 00:21:00
98841,0 days 00:20:00
98842,0 days 00:21:00
98843,0 days 00:20:00
98844,0 days 00:21:00
98845,0 days 00:20:00
98846,0 days 00:21:00
98847,0 days 00:20:00
98848,0 days 00:21:00
98849,0 days 00:20:00
98850,0 days 00:20:00
98851,0 days 00:20:00
98852,0 days 00:21:00
98853,0 days 00:20:00
98854,0 days 00:21:00
98855,0 days 00:20:00
98856,0 days 00:22:00
98857,0 days 00:20:00
98858,0 days 00:22:00
98859,0 days 00:20:00
98860,0 days 00:21:00
98861,0 days 00:20:00
98862,0 days 00:21:00
98863,0 days 00:20:00
98864,0 days 00:21:00
98865,0 days 00:22:00
98866,0 days 00:21:00
98867,0 days 00:20:00
98868,0 days 00:21:00
98869,0 days 00:20:00
98870,0 days 00:21:00
98871,0 days 00:20:00
98872,0 days 00:21:00
98873,0 days 00:22:00
98874,0 days 00:22:00
98875,0 days 00:20:00
98876,0 days 00:20:00
98877,0 days 00:20:00
98878,0 days 00:20:00
98879,0 days 00:21:00
98880,0 days 00:20:00
98881,0 days 00:20:00
98882,0 days 00:20:00
98883,0 days 00:20:00
98884,0 days 00:20:00
98885,0 days 00:20:00
98886,0 days 00:20:00
98887,0 days 00:20:00
98900,0 days 01:06:00
98901,0 days 01:00:00
98902,0 days 01:10:00
98903,0 days 00:59:00
98904,0 days 01:09:00
98905,0 days 00:59:00
98906,0 days 01:06:00
98907,0 days 00:59:00
98908,0 days 01:08:00
98909,0 days 01:00:00
98910,0 days 01:07:00
98911,0 days 00:59:00
98912,0 days 01:10:00
98913,0 days 01:10:00
98914,0 days 01:08:00
98915,0 days 01:12:00
98916,0 days 01:06:00
98917,0 days 01:10:00
99000,0 days 00:54:00
99001,0 days 00:53:00
99002,0 days 00:53:00
99003,0 days 00:53:00
99004,0 days 00:53:00
99005,0 days 00:53:00
99006,0 days 00:56:00
99007,0 days 00:49:00
99008,0 days 00:53:00
99009,0 days 00:53:00
99010,0 days 00:46:00
99011,0 days 00:53:00
99012,0 days 00:54:00
99013,0 days 00:53:00
99014,0 days 00:54:00
99015,0 days 00:55:00
99016,0 days 00:53:00
99017,0 days 00:53:00
99018,0 days 00:53:00
99019,0 days 00:53:00
99020,0 days 00:53:00
99021,0 days 00:56:00
99022,0 days 00:53:00
99023,0 days 00:53:00
99024,0 days 00:53:00
99025,0 days 00:53:00
99026,0 days 00:53:00
99027,0 days 00:53:00
99028,0 days 00:53:00
99029,0 days 00:53:00
99030,0 days 00:53:00
99031,0 days 00:53:00
99032,0 days 00:53:00
99033,0 days 00:49:00
99034,0 days 00:46:00
99035,0 days 00:53:00
99036,0 days 00:53:00
99037,0 days 00:54:00
99038,0 days 00:53:00
99039,0 days 00:53:00
99040,0 days 00:53:00
99041,0 days 00:53:00
99042,0 days 00:53:00
99100,0 days 00:40:00
99101,0 days 00:39:00
99102,0 days 00:39:00
99103,0 days 00:39:00
99104,0 days 00:39:00
99105,0 days 00:40:00
99107,0 days 00:40:00
99200,0 days 00:32:00
99201,0 days 00:32:00
99202,0 days 00:32:00
99203,0 days 00:32:00
99204,0 days 00:32:00
99205,0 days 00:32:00
99206,0 days 00:32:00
99207,0 days 00:32:00
99208,0 days 00:32:00
99209,0 days 00:32:00
99210,0 days 00:32:00
99211,0 days 00:32:00
99212,0 days 00:32:00
99213,0 days 00:32:00
99214,0 days 00:32:00
99215,0 days 00:32:00
99216,0 days 00:32:00
99217,0 days 00:32:00
99218,0 days 00:32:00
99219,0 days 00:32:00
99220,0 days 00:33:00
99221,0 days 00:32:00
99222,0 days 00:32:00
99223,0 days 00:32:00
99224,0 days 00:32:00
99225,0 days 00:32:00
99226,0 days 00:32:00
99227,0 days 00:32:00
99228,0 days 00:32:00
99229,0 days 00:32:00
99230,0 days 00:34:00
99231,0 days 00:32:00
99232,0 days 00:32:00
99233,0 days 00:32:00
99234,0 days 00:32:00
99235,0 days 00:32:00
99236,0 days 00:32:00
99237,0 days 00:32:00
99238,0 days 00:32:00
99239,0 days 00:32:00
99240,0 days 00:32:00
99241,0 days 00:32:00
99242,0 days 00:32:00
99243,0 days 00:32:00
99244,0 days 00:32:00
99245,0 days 00:32:00
99246,0 days 00:32:00
99247,0 days 00:32:00
99248,0 days 00:33:00
99249,0 days 00:32:00
99250,0 days 00:32:00
99251,0 days 00:32:00
99252,0 days 00:32:00
99253,0 days 00:32:00
99254,0 days 00:32:00
99255,0 days 00:32:00
99400,0 days 00:28:00
99401,0 days 00:28:00
99402,0 days 00:28:00
99403,0 days 00:28:00
99404,0 days 00:28:00
99405,0 days 00:28:00
99406,0 days 00:28:00
99407,0 days 00:28:00
99408,0 days 00:28:00
99409,0 days 00:28:00
99410,0 days 00:28:00
99411,0 days 00:28:00
99412,0 days 00:28:00
99413,0 days 00:28:00
99414,0 days 00:28:00
99415,0 days 00:28:00
99416,0 days 00:28:00
99417,0 days 00:28:00
99418,0 days 00:28:00
99419,0 days 00:28:00
99420,0 days 00:29:00
99421,0 days 00:28:00
99422,0 days 00:28:00
99423,0 days 00:28:00
99424,0 days 00:28:00
99425,0 days 00:28:00
99426,0 days 00:29:00
99427,0 days 00:28:00
99428,0 days 00:28:00
99429,0 days 00:29:00
99430,0 days 00:28:00
99431,0 days 00:28:00
99432,0 days 00:28:00
99433,0 days 00:28:00
99434,0 days 00:28:00
99435,0 days 00:28:00
99436,0 days 00:28:00
99437,0 days 00:28:00
99438,0 days 00:28:00
99439,0 days 00:28:00
99440,0 days 00:28:00
99441,0 days 00:28:00
99442,0 days 00:28:00
99443,0 days 00:28:00
99444,0 days 00:28:00
99445,0 days 00:28:00
99446,0 days 00:28:00
99447,0 days 00:29:00
99448,0 days 00:28:00
99449,0 days 00:29:00
99450,0 days 00:28:00
99451,0 days 00:29:00
99452,0 days 00:28:00
99453,0 days 00:29:00
99454,0 days 00:28:00
99455,0 days 00:28:00
99456,0 days 00:28:00
99457,0 days 00:28:00
99458,0 days 00:28:00
99459,0 days 00:28:00
99460,0 days 00:28:00
99461,0 days 00:28:00
99462,0 days 00:28:00
99463,0 days 00:28:00
99464,0 days 00:28:00
99465,0 days 00:28:00
99466,0 days 00:28:00
99467,0 days 00:29:00
99468,0 days 00:28:00
99469,0 days 00:28:00
99470,0 days 00:28:00
99471,0 days 00:28:00
99472,0 days 00:28:00
99473,0 days 00:28:00
99474,0 days 00:28:00
99475,0 days 00:28:00
99476,0 days 00:28:00
99477,0 days 00:28:00
99478,0 days 00:28:00
99479,0 days 00:28:00
99480,0 days 00:28:00
99481,0 days 00:28:00
99482,0 days 00:28:00
99483,0 days 00:28:00
99484,0 days 00:28:00
99485,0 days 00:28:00
99486,0 days 00:28:00
99487,0 days 00:28:00
99488,0 days 00:28:00
99489,0 days 00:30:00
99490,0 days 00:29:00
99491,0 days 00:28:00
99492,0 days 00:28:00
99493,0 days 00:28:00
99494,0 days 00:28:00
99495,0 days 01:29:00
99496,0 days 00:28:00
99497,0 days 00:29:00
99498,0 days 00:28:00
99499,0 days 00:29:00
99500,0 days 00:28:00
99501,0 days 00:29:00
99502,0 days 00:28:00
99503,0 days 00:29:00
99801,0 days 01:20:00
99802,0 days 01:40:00
99803,0 days 01:25:00
99804,0 days 01:20:00
99805,0 days 01:25:00
99806,0 days 01:25:00
99807,0 days 01:25:00
99808,0 days 01:25:00
99809,0 days 01:45:00
99810,0 days 01:25:00
99811,0 days 01:25:00
99812,0 days 01:25:00
99813,0 days 01:25:00
99814,0 days 01:18:00
99815,0 days 01:25:00
99816,0 days 01:30:00
99817,0 days 01:25:00
99818,0 days 01:20:00
99819,0 days 01:25:00
99820,0 days 01:25:00
99821,0 days 01:25:00
99822,0 days 01:25:00
99823,0 days 01:25:00
99824,0 days 01:25:00
99825,0 days 01:20:00
99826,0 days 01:25:00
99827,0 days 01:20:00
99828,0 days 01:25:00
99829,0 days 01:20:00
99830,0 days 01:20:00
99831,0 days 01:20:00
99832,0 days 01:18:00
99833,0 days 01:45:00
99834,0 days 01:21:00
99835,0 days 01:55:00
99836,0 days 01:20:00
99901,0 days 01:10:00
99902,0 days 00:50:00
99903,0 days 00:50:00
99904,0 days 00:50:00
99905,0 days 00:43:00
99906,0 days 00:50:00
99907,0 days 00:52:00
99908,0 days 00:50:00
