Station_Name,Train_Count
CST-MUMBAI,1027
KALYAN JN,828
THANE,796
SEALDAH,745
CHENNAI BEAC,738
HOWRAH JN.,699
DADAR,598
DUM DUM JN.,463
KURLA,462
TAMBARAM,434
VIJAYWADA JN,416
GHAT KOPAR,406
BIDHANNAGAR,404
PANVEL,400
MUMBAI (MATU,393
MULUND,393
MUMBAI (BYCU,392
LUCKNOW JN.,385
KANPUR CENTR,382
VADODARA JN.,376
BHANDUP,373
VIKHROLI,370
VIDYAVIHAR,356
NEW DELHI,356
NAHUR,355
MUMBAI(PAREL,346
MUMBAI (MASJ,344
MUMBAI (CHIN,344
MUMBAI CURRE,344
MUMBAI SANDH,344
PERAMBUR,342
BANDEL JN.,325
BARDDHAMAN J,319
SURAT,316
CHENNAI EGMO,309
KHARAGPUR,309
NAIHATI JN.,307
LILUAH,306
AHMEDABAD,305
BALLYGUNGE J,300
BHUSAVAL JN.,298
BELUR,295
VILLIVAKKAM,293
AVADI,291
ITARSI,291
MUGHAL SARAI,291
SECUNDERABAD,288
AMBATTUR,281
PUNE JN.,278
VEYSARPADI,274
AMBALA CANTT,274
BASIN BRIDGE,268
DOMBIVLI,267
MOOR MARKET,267
SHRIRAMPUR,266
SEORAPHULI J,265
DIVA JN,265
BARRACKPORE,264
ASANSOL MAIN,263
GHAZIABAD JN,262
CHENGALPATTU,254
NAGPUR JN.(C,252
BHUBANESWAR,248
KOPAR,248
MUMBRA,248
KALVA,248
JHANSI JN,246
PATNA JN.,246
KATPADI JN,245
HAZRAT NIZAM,245
ANAND JN.,243
DELHI JN.,240
BHOPAL,239
MORADABAD JN,238
UTTARPARA,238
BALLY,238
KHURDA ROAD,236
SONARPUR JN.,235
LUDHIANA JN.,235
KONNAGAR,235
VISAKHAPATNA,233
VELACHEERY,233
RISHRA,233
HINDMOTOR,231
VARANASI JN.,230
THIRUMAYILAI,230
SANTRAGACHI,230
ARAKKONAM JN,227
AMBERNATH,225
RAJAHMUNDRY,220
SODPUR,219
BELGHARIA,219
GORAKHPUR JN,219
JADABPUR,217
GARIA,217
ST. THOMAS M,217
DHAKURIA,217
.BAGHAJATIN,217
KODAMBAKKAM,214
PALLAVARAM,214
ERODE JN.,214
MANMAD JN.,212
MATHURA JN.,212
KHARDAHA,210
AGARPARA,210
SALEM JN.,210
TITA GARH,210
TIRUVALLUR,209
RANAGHAT JN.,207
TRICHUR,206
ALLAHABAD JN,205
GUDUR JN.,203
PATTABIRAM E,202
NARENDRAPUR,200
SHYAM NAGAR,200
ONGOLE,198
RENIGUNTA JN,197
JOLARPETTAI,197
MAMBALAM,196
NELLORE,195
CHENNAI CENT,192
RAVLI JN,192
CUTTACK JN.,189
KOTA,189
ICHHAPUR,188
COIMBATORE,186
KACHEGUDA,186
YESVANTPUR J,186
TIRUNINRAVUR,186
PALTA,186
VASHI,185
THAKURLI,185
THIRUMULLAIV,184
ANNANUR,184
KANKINARA,184
PATTARAVAKKA,184
KORATTUR,184
RAIPUR JN.,183
VIZIANAGARAM,183
JAIPUR JN.,180
BARAUNI JN.,179
QUILON,179
JABALPUR,178
BARASAT JN.,178
NADIAD JN.,177
AGRA CANTT,176
SAMASTIPUR J,173
CHANDAN NAGA,173
CHUCHURA,171
RATLAM JN,171
GUINDY,170
BAREILLY JN.,170
NUNGAMBAKKAM,169
CHENNAI PARK,169
CHENNAI FORT,169
CHENNAI CHET,169
PALAVANTHANG,169
SAIDAPET,169
TIRUSULAM,169
BILASPUR JN.,169
MINAMBAKKAM,169
TAMBARAM SAN,168
CHROMEPET,168
KRANTIVIRA S,167
VAPI,167
KALYANI JN.,166
KANCHRAPARA,166
KATNI,165
ALWAYE,164
KARJAT,164
KIUL JN.,164
DURG,163
SATNA,163
PALAKKAD JN,162
DUMDUM CANTO,161
TIRUPPUR,160
JALANDHAR CI,160
GWALIOR JN,160
LINGAMPALLI,160
BEGAMPET,160
BIRATI,159
MADHYAM GRAM,159
JAGADAL,158
DURGAPUR,158
GAYA JN.,158
LONAVLA,157
JASIDIH JN.,156
SAHARANPUR J,156
BARUIPUR JN.,156
BHARUCH JN.,155
HINDU COLLEG,155
CHHAPRA JN.,155
TITVALA,155
PATTABIRAM W,155
PATNA SAHEB,154
BALHARSHAH,154
SAMALKOT JN.,152
BALASORE,152
KAYANKULAM J,152
NEW JALPAIGU,151
WARANGAL,151
MUZAFFARPUR,149
ELURU,148
HALISAHAR,148
TIRUPATI,147
BINA,147
BADLAPUR,147
TIRUCHIRAPPA,147
MALLIKPUR,146
SUBHASGRAM,146
JALGAON JN.,145
BERHAMPUR,145
DURGANAGAR,144
BHADRESHWAR,144
BAIDYABATI,144
TENALI JN.,143
MANKUNDU,143
HOOGHLY,143
BORIVLI,143
SHORANUR JN.,142
KHANDWA JN.,142
TATANAGAR JN,141
GONDIA JN.,141
ANAND VIHAR,140
LOKMANYA TIL,139
HRIDAYPUR,139
NASIK ROAD,139
VALSAD,139
DAUND JN.,138
NEW BARRACKP,137
ERNAKULAM. J,137
BISHARPARA-K,137
MECHEDA,136
KATIHAR JN.,136
JALANDHAR CA,135
KRISHNA RAJA,135
GONDA JN.,135
SAWAI MADHOP,135
ULUBARIA,134
AKOLA JN.,134
VILLUPURAM J,133
HAJIPUR JN.,133
CHAKDAHA,133
RAMPUR HAT,131
BHADRAKH,130
REWARI JN.,129
PANSKURA,129
KISHANGANJ,129
AJMER JN.,127
AMRITSAR JN.,127
VASAI ROAD,126
NAGDA JN,126
MALDA TOWN,126
KAZIPET JN.,125
JHARSUGUDA J,124
HAFIZPETA,124
UJJAIN JN,124
BAGNAN,122
MADHUPUR JN.,122
BADNERA JN.,122
NEW BONGAIGA,121
GUNTAKAL JN.,121
SIMURALI,121
ERNAKULAM TO,121
SAHIBABAD,121
ROYAPURAM,120
WASHERMANPET,120
SHAHJAHANPUR,119
GUWAHATI,119
MOKAMA JN.,118
FALAKNUMA,118
TUNDLA JN,118
HYDERABAD DE,118
PANIPAT JN.,118
MAHESANA JN,118
BANGARPET JN,117
VEPPAMPATTU,117
PUTTLUR,117
SEVVAPET ROA,117
KOTTAYAM,116
RAJENDRANAGA,116
DANAPUR,115
SOLAPUR,115
MADANPUR,115
PAYRA DANGA,115
VIRAMGAM JN,115
ANDUL,115
MADGOAN JN.,114
ROURKELA,114
BAKHTIYARPUR,114
CALICUT,114
JHAJHA,114
BAURIA JN,114
ARA,113
ULHASNAGAR,113
DANKUNI JN.,113
FARIDABAD,112
DATTAPUKUR,112
BAMANGACHHI,112
DHANBAD JN.,111
JAMMU TAWI,110
UNNAO JN.,110
VITHALWADI,109
HUBLI JN.,109
KANNUR,109
FULESWAR,109
SITAFALMANDI,109
PALPARA,109
CHENGANNUR,108
NATURE CURE,108
FATEHNAGAR,108
PALANPUR JN,108
PALASA,108
BORABANDA,108
BEAS JN,108
BHARATNAGAR,108
CHANDANAGAR,108
GUNTUR JN.,108
HITECH CITY,108
KAMAKHYA JN,107
BARA BANKI J,107
IGATPURI,106
SONPUR JN.,105
TILAK BRIDGE,105
JODHPUR JN.,105
TIRUVALLA,104
TIRUVOTTIYUR,104
TONDIARPET,104
SURENDRANAGA,104
ENNORE,104
KORUKKUPET,104
SHIVAJI BRID,103
CHENGEL,103
MALAKPET,103
BASTI,103
NALPUR,103
SANKRAIL,103
PONNERI,102
DELHI-SHAHDA,102
MADURAI JN,102
MINJUR,102
ADRA,102
JAJPUR KEONJ,102
ATTIPATTU,102
TRIVANDRUM C,102
KOLAGHAT,101
BUXAR,101
DABIR PURA,101
HUPPUGUDA,101
ATTIPATTU PU,101
YAKUT PURA,101
ROHTAK JN.,101
DUVVADA,101
ABU ROAD,100
HABIBGANJ,100
DEULTI,100
PURNA  JN.,100
MAJERHAT,100
SIWAN JN.,99
BANGALORE CA,99
ALIGARH JN.,99
NANDED,99
VIDYA NAGAR,99
PHULERA JN.,99
KHAGARIA JN.,99
ARTS COLLAGE,99
JAMALPUR JN.,99
JAMAI-OSMANI,99
BELAPUR C.B.,99
KOLKATA,99
GUMMIDIPUNDI,98
BANDRA TERMI,98
RAMRAJATALA,98
NSC BOSE J G,98
KULGACHIA,98
BIRSHIBPUR,98
SIRPURKAGHAZ,98
KHAMMAM,98
KALINARAYANP,98
PURI,98
NEW COOCH BE,97
GANGPUR,97
SAKTI GARH J,97
TIKIAPARA,96
BANGAON JN.,96
MERTA ROAD J,96
RAJKOT,96
RATNAGIRI,95
BHARATPUR JN,95
DASHNAGAR,95
RANGIYA JN.,94
DAHANU ROAD,94
INDORE BG,94
MARWAR JN.,94
CHIRALA,94
KAVARAIPPETT,94
KADAMBATTUR,93
GHORAGHATA,93
PATHANKOT CA,93
SRIKAKULAM R,93
WARDHA JN.,92
BARSOI JN.,92
DARBHANGA JN,92
DHARMAVARAM,92
DELHI CANTT,91
BIRA,91
ASHOKNAGAR R,91
HABRA,91
MIDNAPORE,91
GUMA,91
ARSIKERE JN.,91
ANKLESHWAR J,90
KATWA JN.,90
ABADA,90
CHITTARANJAN,90
DINDIGUL JN,90
GURGAON,89
PHAGWARA JN.,89
BOLPUR,89
GOOTY JN.,89
BETUL,88
DAHOD,88
DEORIA SADAR,87
MURI,87
BHOGPUR,87
RANCHI,87
MIRAJ JN.,86
FATUHA,85
NEW FARAKKA,85
NAVSARI,85
NEW ALIPUR (,85
ROORKEE,85
TIRUVALANGAD,85
KURUKSHETRA,84
ANANTAPUR,84
BHATAPARA,84
TADEPALLI GU,84
SHAKUR BASTI,84
GULBARGA,84
HARIDWAR JN,83
PIPARIYA,83
RAJPURA JN.,83
KASARAGOD,83
KODERMA,83
LAKE GARDENS,83
TOLLY GANJ,83
DEHRI-ON-SON,82
FAIZABAD JN.,82
MALKAJGIRI,82
CHANDRAPUR (,82
BATHINDA JN,82
SASARAM,82
PARBHANI JN.,82
RAMGUNDAM,82
LAKSHMIKANTA,81
DELHI-SARAI,81
RAE BARELI J,81
AZIMGANJ JN.,80
TIRUR,80
TUMKUR,80
TIRUNELVELI,79
ANDAL JN.,79
FALNA,79
KATHIVAKKAM,79
WIMCO NAGAR,79
KOPARGAON,79
LUCKEESARAI,78
KRISHNA NAGA,78
BHAGALPUR,78
VASIND,78
MANGALORE JN,78
AMBIVLI,78
BANKURA,78
ASANGAON,78
CHAKARADHARP,78
ANUPPAMBATTU,78
SHAHAD,78
PURULIA JN.,78
KHADAVALI,78
LAKSAR JN.,77
GODHRA JN.,77
WADI JN.,77
MIRZAPUR,77
BALLIA,76
NANDIYAMBAKK,76
RAICHUR,76
AUNRIHAR JN.,76
MYSORE JN.,76
NERAL,76
BALUGAN,75
MACHHALANDAP,75
TIRUTTANI,75
RANI GANJ,75
GOBARDANGA,75
DELHI-KISHAN,75
MEERUT CITY,75
YAMUNANAGER,74
SAMBALPUR JN,74
SAUGOR,74
BHATNI JN.,74
SULLURUPETTA,74
SAINTHIA JN.,74
BEGU SARAI,73
KAMARKUNDU J,73
PUNDOOAH,73
VANGANI,73
BHIVPURI ROA,73
BIRUR JN.,73
DHONE JN,73
MANKAPUR JN.,73
NIZAMABAD,73
ETAWAH,73
HARDOI,72
BARH,72
HATHIDAH JN,72
ANUPPUR JN.,72
ANAKAPALLE,72
TARAKESHWAR,72
NIDADAVOLU J,72
NARSINGHPUR,72
CHAMPA JN.,72
RAJNANDGAON,71
MAHBUBNAGAR,71
NEW ALIPURDU,71
PARTAPGARH J,71
HAPUR JN.,71
JANAI ROAD,71
MAVELIKARA,71
MANIKPUR JN.,71
VIDISHA,71
NANDURBAR,70
WANKANER,70
BARUI PARA,70
VIRUDUNAGAR,70
GOBRA,70
NARAYAN PAKU,70
SULTANPUR JN,70
BEGAMPUR,70
MAGRA,70
LALITPUR,70
JIND JN,70
THALASSERY,70
KHAIRATABAD,69
KHALILABAD,69
SINGUR,69
PAKUR,69
GUDIVADA JN.,69
KOKRAJHAR,69
BALLABGARH,69
DIARA,69
NANDAIGAJAN,69
NASIBPUR,69
DEWAS,69
AURANGABAD,68
DAMOH,68
TITLA GARH J,68
JAMES STREET,68
MALKAPUR,68
THANJAVUR JN,68
BOISAR,68
SANJIVAIAH P,68
UDUPI,68
NABADWIP DHA,68
ALLEPPEY,68
MAU JN.,67
KHANYAN,67
KARUR JN.,67
SEWAGRAM,67
MEMARI,67
KARNAL,67
KURNOOL TOWN,67
MUDKHED JN.,67
THAKURNAGAR,67
JALNA,67
BAINCHI,66
CHANDIGARH,66
BELA NAGAR,66
ORAI,66
BOKARO STEEL,66
SONIPAT,66
SIRHIND JN.,66
HINDUPUR,66
FIROZPUR CAN,66
JAUNPUR JN.,66
PANDHURNA,66
KURDUVADI JN,66
SHIVAJINAGAR,66
NAJIBABAD JN,65
KAMARKUNDU H,65
ADI SAPTAGRA,65
NALIKUL,65
TALANDU,65
MANSI JN.,65
CHANDPARA,65
DAVANGERE,65
HARI PAL,65
BAPATIA,65
BANDIKUI JN.,65
MALIYA,65
CHITTAURGARH,65
VRIDHA CHALA,65
BIKANER JN.,65
PALWAL,64
BHABUA ROAD,64
BALARAMBATI,64
GANDHINAGAR,64
LUMDING JN.,64
SHAHDOL,64
CHINCHVAD,64
BARHIYA,64
MANTHRALAYAM,64
MIRZAPUR BAN,64
DHARWAD,64
KISHANGARH,64
SHUJALPUR,64
CHANDANPUR,64
KATHUA,64
DAKHINESWAR,64
LOKNATH,63
SHAHGANJ JN.,63
ALWAR JN.,63
MANINAGAR,63
MAYILADUTURA,63
AHMADNAGAR,63
DHURI JN.,63
MADHUSUDANPU,63
HAPA,63
BAHIR KHANDA,63
KAIKALA,63
NAGERCOIL JN,63
BUDGE BUDGE,62
BAGILA,62
BRACE BRIDGE,62
ABHAIPUR,62
BAINCHI GRAM,62
BALICHAK,62
KAWR,62
KHADKI,62
SANTOSH PUR,62
AKRA,62
SANHATI,62
NANGI,62
DEBIPUR,62
MANCHIRYAL,62
SIMLAGARH,62
RAJA-KI-MAND,61
RAMPUR,61
SADAR BAZAR,61
MAIHAR,61
MAKSI JN,61
DEGANA JN.,60
BIDYADHARPUR,60
VADAKARA,60
VIKRABAD JN.,60
GUNA,60
KALIKAPUR,60
CHAMPAHATI,60
BAHADURGARH,59
GHUTIARI SHA,59
GHAZIPUR CIT,59
KAMAREDDI,59
CANNING,58
NECKLACE ROA,58
HAUR,58
AYODHYA,58
DILDARNAGAR,58
RAYAGADA JN.,58
LAKDI KA PUL,58
HARDA,58
AMBALA CITY,58
TALEGAON,58
TALDI,58
AGRA  FORT,58
RAIGARH,58
MAHBUBABAD,58
BHILAI POWER,57
PIALI,57
KASARA,57
NAUGACHIA,57
BELMURI,57
HISAR JN,57
ADONI,57
VIRAR,57
GADWAL,57
MORENA,57
GURAP,57
RADHAMOHANPU,57
RAMGANJ MAND,57
CUDDAPAH,57
SULTANGANJ,57
MUZAFFARNAGA,57
GOURDAHA (HA,57
OTTAPPALAM,56
DAKSHIN DURG,56
AMBIKA KALNA,56
MATHURAPUR R,56
BAHARU F,56
HAJIGARH,56
KOVILPATTI,56
BADKULLA,56
NERUL,56
LUNI JN.,56
TUGALAKABAD,56
MAGRAHAT,56
VIVEKANANDPU,56
BIRNAGAR,56
GANGAPUR CIT,56
HOTAR,56
CHANDRAPURA,56
JAYNAGAR MAJ,56
GOCHARAN,56
KALYANPUR,56
BOLARUM,56
DHAPDHAPI,56
MANGALORE CE,56
KASGANJ JN.,56
PORA BAZAR,56
TAHERPUR,56
SURJYAPUR,56
AMETHI,56
DAYA BASTI,56
DAKSHIN BARA,56
SUBZI MANDI,56
MASAGRAM,55
JAKHAL JN.,55
JAMNAGAR,55
DURGAPURA,55
CHHEOKI,55
HOGLAHALT E,55
VIVEK VIHAR,55
CHIPLUN,55
TUNI,55
KAVALI,55
YADGIR,54
CHITTOOR,54
UDHNA JN.,54
DIAMOND HARB,54
DHAMUA,54
PIMPRI,54
JAUGRAM,54
BASULDANGA,54
JHAPANDANGA,54
SAGAULI JN.,54
PARASNATH,54
BAYANA,54
PENDRA ROAD,54
DEULA,54
KHUSROPUR,54
OKHLA,54
MADHABPUR,54
AMLA JN.,54
SAHIBGANJ,54
NABAGRAM,54
NETRA,54
SATUR,54
UTTAR RADHAN,54
BARHARWA JN.,54
PALGHAR,53
HARIHAR JN.,53
CHANGANACHER,53
MEDCHAL,53
GURUDAS NAGA,53
SABARMATI JN,53
MAHEMADAVAD,53
LONDA JN.,53
BELGAUM,53
YERRA GUNTLA,53
BISHNUPUR,53
KHURJA JN,52
EGATTUR,52
VARKALA,52
MELMARUVATHU,52
RASULPUR,52
PANA GARH,52
UDHAMPUR,52
PALSIT,52
BURHANPUR,52
BETHERIA GHO,52
ACHHNERA JN.,52
JANGHAI JN.,52
PHILLAUR JN.,52
DEHU ROAD,52
PATHANKOT JN,52
SRI KALAHAST,52
AMROHA,51
THIVIM,51
PAYYANUR,51
SHIKOHABAD J,50
WHITE FIELD,50
HAVERI,50
HOSHANGABAD,50
MADPUR,50
KHANA JN.,50
JAMUI,50
SAHARSA JN.,50
GIRI MAIDAN,50
NARKATIAGANJ,50
TINPAHAR JN.,50
DONGAR GARH,50
YELAHANKA JN,50
KHIRAI,49
JOYCHANDI PA,49
FARIDABAD NE,49
DAUSA,49
BHIWANI JN.,49
JALESWAR,49
VANCHI MANIY,49
GANJ BASODA,49
BELLAMPALLI,49
TIPTUR,49
CHATRAPUR,49
SHYAM CHAK,49
ASAOTI,48
DAPODI,48
KESINGA,48
KENGERI,48
AKURDI,48
BHIWANDI ROA,48
RANIBENNUR,48
KARUNAGAPPAL,48
DHENKANAL,48
MUMBAI CENTR,48
SAKHIGOPAL,48
JAKPUR,48
MIRYALAGUDA,48
NALGONDA,48
ANGAMALI (FO,48
CHALISGAON J,48
SILIGURI JN.,48
GOKULPUR,48
MEGHNAGAR,48
NIDUBROLU,47
CHALAKUDI,47
VARANASI CIT,47
HATIA,47
MANAVUR,47
SENJIPANAMBA,47
VANIYAMBADI,47
GYANPUR ROAD,47
SIBAICHANDI,47
KADUR,47
DORNAKAL JN.,47
PULIYAMANGAL,47
DHANIOIAKHAL,47
MOSUR,47
KATNI MURWAR,47
BHAWANI MAND,46
BALANGIR,46
AHMADPUR JN.,46
BOBBILI JN.,46
KASARWADI,46
RAJCHANDRAPU,46
BARKAKANA,46
KANHANGAD,46
HOJAI,46
GADAG JN.,46
BHANDARA RD,46
MUMBAI VADAL,46
ANGUL,46
NIMO,46
SEHORE,46
GHORAWADI,46
LALKUA JN.,46
NALHATI JN.,46
BALLY GHAT,46
BALLY HALT,46
BARGARH ROAD,46
KHAGRAGHAT R,46
BARANAGAR RO,46
AMALNER,46
IRINJALAKUDA,46
AKALTARA,46
SATARA,46
LAHERIA SARA,46
PALLA ROAD,46
TANDUR,46
MARIANI JN.,45
GARIFA,45
DALSINGH SAR,45
FARRUKHABAD,45
HOOGHLY GHAT,45
SALAR,45
BEGDAEWAI,45
PATLIPUTRA,45
DIMAPUR,45
NARWANA JN.,45
SOMPETA,45
GHORADONGRI,44
NIHALGARH,44
NIMDANRI,44
BAHIRA KALIB,44
LEBUTALA,44
MANDYA,44
BIHTA,44
SHAHABAD,44
HARUA ROAD,44
BERCHHA,44
GHOVARASH GH,44
SHAMGARH,44
SIMHACHALAM,44
HASANABAD,44
MALATI PUR,44
NAGAUR,44
KUTTIPPURAM,44
BARPETA ROAD,44
RATANAGARH J,44
CHAMPAPUKUR,44
KANKRA MIRZA,44
NAGARSOL,44
BHASILA,44
KAREA KADAMB,44
BARIARPUR,44
JHARGRAM,44
BASIRHAT,44
KAZIPARA  HA,44
BHYABLA,44
BHIMAVARAM T,44
TAKI ROAD,44
DABRA,44
UMARIA,44
KUMBAKONAM,44
KUDAL,44
TILDA,44
DEVLALI,44
PARVATIPURAM,44
FIROZABAD,44
BELIAGHATA R,44
SONDALIA,44
TUMSAR RD,44
MADHYAMPUR,44
BAPUDHAM MOT,44
SHRI MATA VA,43
TADIPATRI,43
TAPRI JN.,43
DIPHU,43
BASAR,43
SHANTIPUR JN,43
BANGALORE EA,43
BAHIRPUYA HA,43
MAKRANA JN.,43
SANGRAMPUR,43
PIDUGURALLA,42
BALA GARH,42
MUNIGUDA,42
CHANDAUSI JN,42
KANPUR ANWAR,42
DIGHWARA,42
DHAULPUR,42
DHAMANGAON,42
PRAYAG JN.,42
KHAMARGACHHI,42
DUMRAON,42
JIRAT,42
TALIT,42
KAPTANGANJ J,42
PURBA STHALI,42
PARPANANGADI,42
BHIMAVARAM J,42
SADULPUR JN,42
RAZAMPETA,42
BHILWARA,42
BACHWARA JN.,42
DEOBAND,42
SITARAMPUR J,42
KOSI KALAN,42
SOMRA BAZAR,42
SAKRI JN.,42
BANSH BARIA,42
KUNTIGHAT,42
ANAND NAGAR,42
TRIBENI,42
ALIPUR DUAR,42
GARWA ROAD J,42
ANUGRAH NARA,42
SHEGAON,42
AKBARPUR JN.,42
ANARA,42
SHRI GANGANA,42
NANGLOI,42
BAIRAGARH,42
GUPTIPARA,42
VINDHYACHAL,42
SHERTALAI,41
SIHORAROAD,41
BILIMORA JN.,41
SELU,41
SANGLI,41
SINGAPERUMAL,41
HIJLI,41
SAMUDRA GARH,41
KAIKALUR,41
DHATRI GRAM,41
BEAWAR,41
BHOJUDIH JN.,41
AKIVIDU,41
CHANDER NAGA,41
CHAPARMUKH J,41
PAKALA JN.,41
BADSHAHNAGAR,41
KODAIKKANAL,41
PALI MARWAR,41
DALKOLHA,41
PATAUDI ROAD,41
KAMSHET,41
GEDE,40
DUMURDAHA,40
INDARA JN.,40
HINDAUN CITY,40
DURAUNDHA JN,40
RAXAUL JN.,40
BETTIAH,40
ANNAVARAM,40
SAMAKHIYALI,40
SIMRI BAKHTI,40
SATTENAPALLE,40
GANDHIDHAM J,40
GARHI HARSAR,40
GHATSILA,40
AGRADWIP,40
GUSKARA,40
HABIBPUR,40
KARMALI,40
QUILANDI,40
DATIA,40
PATULI,40
TALCHER ROAD,40
DHUPGURI,40
PARTUR,40
DALTONGANJ,40
MADHIRA,40
NAILA,40
DAINHAT,40
PHULIA,40
LALAGUDA GAT,40
BAGHNAPARA,40
NOKHA,40
CHUNAR JN.,40
KUPPAM,39
KOSAMBA JN.,39
VADGAON,39
LAKSHMIPUR,39
PHULWARI SHA,39
PEDDAPALLI,39
BHANDARTIKUR,39
SHALIMAR,39
BURNPUR,39
BHADOHI,39
RAMANAGARAM,39
BELAPUR,39
BEHULA,39
JADCHARLA,39
WARIA,39
NEW TINSUKIA,39
KANKAVALI,38
JHALIDA,38
JAMTARA,38
BHAINA H,38
SAMPLA,38
KAHALGAON,38
RAGHUNATHPUR,38
ATGAON,38
DUAN,38
BELA,38
BAZARASU,38
JAYNAGAR,38
KALINAGAR,38
BELLARY JN.,38
SANGRUR,38
SINGARAYAKON,38
ZAFARABAD JN,38
NARKHER,38
BAHIRGACHHI,38
MAYURHAT,38
BIBHUTI BHUS,38
MADANMAHAL,38
BAGULA,38
NADIKUDE JN.,38
KANTABANJI,38
PULGAON JN.,38
TINDIVANAM,38
KOCHUVELI,38
BANPUR,38
MAGARWARA,38
ARANGHATA,38
GAURIGANJ,38
PODANUR JN.,38
KANPUR BRIDG,38
TARAK NAGAR,38
RAJGANGPUR,38
DEHRA DUN,38
BAREILLY CIT,38
PRANTIK,38
MAJHDIA,38
DHARMABAD,37
KANHE,37
JAGADHRI WOR,37
JANGAON,37
KAKINADA TOW,37
HARISH NAGAR,37
GOALPARA  TO,37
SAMALKHA,37
MAVLI JN.,37
BALAMAU JN.,37
BANKIMNAGAR,37
GUDUVANCHERI,37
SHASAN ROAD,37
IDGAH,37
RUTHIYAI JN,37
CHOPAN,37
PANCHBHERIA,37
KRISHNAMOHAN,37
KHARDI,37
BAIYYAPPANAH,37
MALUR,37
CHANDIL JN.,37
MALAVLI,37
KASHIPUR JN,37
WADAKANCHERI,36
CHAKIA,36
SAPHALE,36
BIJAPUR JN,36
VANDALUR,36
MURARAI,36
CHANCHAI,36
PALASDARI,36
MADHUBANI,36
KHANNA,36
KHACHROD,36
PATEL NAGAR,36
CHURU,36
UMDANAGAR,36
UMBERMALLI,36
BIHIYA,36
PHAPHAMAU JN,36
THANSIT,36
KATTANGULATH,36
PONMALAI (GO,36
KARAD,36
PILIBHIT JN.,36
ZAMANIA,36
GULZARBAGH,36
HINGANGHAT,36
BHAGAT-KI-KO,36
ASHOK NAGAR,36
KAJRA,36
SAMSI,36
CAVALRY BARR,36
KANJARI BORI,35
JAGI ROAD,35
VENKATAGIRI,35
MURTAJAPUR J,35
CHHATRAPATI,35
CHIKJAJUR JN,35
MEERUT CANT,35
CHIDAMBARAM,35
KASHI,35
PILKHUA,35
TAMLUK,35
LATUR ROAD,35
LASUR,35
MANGALA GIRI,35
KOTTAVALASA,35
ALUABARI ROA,35
KODURU,35
KRISHANA CAN,35
GANAUR,35
SURATGARH JN,35
FEROK,35
BOLARUM BAZA,34
GHATPRABHA,34
GOTAN,34
TADA,34
SAFILGUDA HA,34
SITAPUR CANT,34
SIRKAZHI,34
ICHCHA PURAM,34
BELERHAT,34
INDRAGARH SU,34
HINGOLI(DECC,34
SASTHANKOTTA,34
ARAMBAKKAM,34
BARWADIH JN,34
DHARHARA,34
RAMAKISTA PU,34
JEHANABAD,34
ELAVUR,34
AMMUGUDA HAL,34
BACHHRAWN,34
KHAIRTHAL,34
AZAMGARH,34
TAREGNA,34
PATTAMBI,34
TANUKU,34
ALWAL HALT,34
KOT KAPURA J,34
KOVVUR,34
KHARIAR ROAD,34
PARLI VAIJNA,34
DAYANANDNAGA,34
MAHE,34
BAGAHA,34
PALAM,34
BIDADI,34
URULI,34
MAHASAMUND,34
NARELA,34
BAMRA,34
VIDYASAGAR,34
MANAMADURAI,34
MANCHESWAR,34
MANDUADIH,34
CHAKULIA,34
WASHIM,34
SIROHI ROAD,33
SHADNAGAR,33
FATEHPUR,33
BANASWADI,33
FURKATING JN,33
GADARWARA,33
RUDAULI,33
ROHA,33
ROTEGAON,33
GOWDAVALLI H,33
MODINAGAR,33
MIYAGAM KARJ,33
GORAKHPUR CA,33
KALYANI GHOS,33
KALYANI SIMA,33
BENOY BADAL,33
KALYANI SILP,33
NIMACH,33
ALLAHABAD CI,33
BIDAR,33
MANANPUR,32
DWARKA,32
ELAMANCHILI,32
SAMBALPUR RO,32
GAJRAULA JN.,32
ROZA JN,32
GIDHAUR,32
CHITTAPUR,32
GAHMAR,32
SURAIMANPUR,32
MAHENDRAGARH,32
BHACHAU,32
ATHMAL GOLA,32
HAIAGHAT,32
GARBETA,32
BAREJADI NAN,32
KHAMBHALIYA,32
AMBALAPUZHA,32
BITRAGUNTA,32
BHAVNAGAR TE,32
MANWATH ROAD,32
SHRI MAHABIR,32
SITAMARHI,32
BARABHUM,32
SON NAGAR JN,32
BUDALUR,32
RAJKHARSAWAN,32
MHOW,32
VANGAON,32
UDAIPUR CITY,32
OKHA,32
KAMPTEE,32
ITWARI JN.,32
DASUA,32
WALAJAH ROAD,32
JANGIPUR ROA,32
PUNARAKH,32
HARIPAD,32
HARISHCHANDR,32
TIRUPATTUR,32
PONDICHERRY,32
PIRPAINTI,32
MANKAR,31
CHANNA PATNA,31
JIAGANJ,31
KUNDAPURA,31
BHILAI,31
BHILAINAGAR,31
SRIDHAM,31
KANNAUJ,31
GUNDLA POCHA,31
BETHUADAHARI,31
BELDANGA,31
TOHANA,31
AKAIPUR H,31
BADARPUR JN.,31
HAZARIBAGH R,31
NABA RAYNAGA,31
MARRI PALEM.,31
KELVE ROAD,31
FAKIRAGRAM J,31
MAJHERGRAM,31
RANA PRATAP,31
MANDSOR,31
SACHIWALAYA,31
GANGNAPUR,31
BOTAD,31
MURSHIDABAD,31
BERHAMPORE C,31
BUDVEL,31
GOPAL NAGAR,31
ASTHAL BOHAR,31
PLASSEY,31
JAUNPUR CITY,31
BELDA,31
SAWANTWADI R,31
DIBRUGARH,31
SATBERIAHALT,31
MALLARPUR,31
SIMALUGURI J,31
BARAKAR,31
DHOLA JN,31
LALGOLA,31
VASAD JN.,31
KIM,31
SISWA BAZAR,30
SIURI,30
SAMBA,30
TEGHRA,30
KUMAR DUBI,30
KUMEDPUR,30
KULITTURAI,30
SORO,30
BARACHAK JN.,30
NISCHINDAPUR,30
KULPI-FLAG,30
UDAIRAMPUR,30
NANDYAL,30
TRIPUNITTURA,30
UNJHA,30
IZZATNAGAR J,30
TORI,30
HATHRAS CITY,30
HATHRAS JN.,30
AKBARNAGAR,30
CHANDRAKONA,30
BURHWAL JN.,30
KARANJALI,30
MUSAFIRKHANA,30
VAITARNA,30
AMRAVATI,30
MUNGAOLI,30
PHAPHUND,30
CHIKBANAVAR,30
MEHSI,30
AZIMGANJ  CI,30
KALKA,30
MUKERIAN,30
MOTIPUR,30
KASHINAGAR-H,30
BUDGAM,30
KESAMUDRAM,30
RUPSA JN.,30
KATOL,30
SAI NAGAR SH,30
ARIYALUR,30
LOHARU JN,30
SIHOR JN(GUJ,30
LANKA,30
DHOLI,30
BANKA GHAT,30
SHANKARPALLI,30
SINI JN,30
KWAKDWIP,30
AMBUR,30
BHATKAL,29
BHILAD,29
UCHANA,29
ONDAGRARM,29
ALAM NAGAR,29
HOSUR,29
EDEN GARDENS,29
BHAGWANGOLA,29
THIRUVARUR J,29
PURNEA JN.,29
KARELI,29
NAUPADA JN.,29
TIRUPPADIRIP,29
CHARLAPALLI,29
PAPANASAM,29
PRINCEP GHAT,29
TIRUMALPUR,29
BYNDOOR,29
RANGAPARA NO,28
MANKATHA,28
AJGAIN,28
MAROLI,28
GANGSAR JAIT,28
MANAK NAGAR,28
GANGA KHER,28
MAKHDUMPUR G,28
SARNATH,28
KHARSIA,28
SALEMPUR JN.,28
SALBONI,28
TANUR,28
BANASTHALI N,28
MALLESWARAM,28
MALKHEDI,28
CUDDALORE PO,28
DWARAPUDI,28
DULLAHAPUR,28
AONLA,28
MALERKOTLA,28
SANDILA,28
SIDHAPUR,28
LATEHER,28
LALBAGH COUR,28
ADITYAPUR,28
BHONGIR,28
DHRANGADHRA,28
MADDUR,28
KHURAI,28
VIKRAMGARH A,28
SERAM,28
KUSUMBHI,28
ANAPARTI,28
SONIK,28
BISNUPRIYA H,28
MOR,28
PIPARSAND,28
KANCHIPURAM,28
PIRAVAM ROAD,28
VALLIYUR,28
AMAUSI,28
AMALSAD,28
RAIRAKHOL,28
PUNTAMBA,28
RAIKA BAGH P,28
BURHAR,28
KARAUTA,28
HARAUNI,28
PALEJ,28
BELHA,28
HOTGI JN.,28
KALI PAHARI,28
NAMKHANA,28
BABINA,28
PARAVUR,28
NIMTITA,28
NAYUDUPETA,28
JAITIPUR,28
KUDACHI,28
KUMTA,28
KUMHARI,28
KUDRA,28
ABOHAR,28
SILCHAR,27
ANDHERI,27
ISMAILA HARY,27
JETALSAR JN,27
BAGH BAZAR,27
TYAKAL,27
UMBERGAON RO,27
JAMIKUNTA,27
AJNI,27
SHAMLI,27
BABATPUR,27
KHIDIRPUR,27
JUNAGADH JN,27
BIYAVRA RAJG,27
SANJAN,27
COSSIMBAZAR,27
RANI,27
REJINAGAR,27
REMOUNT ROAD,27
MANGOLPURI,27
MANDAWALI CH,27
DEBAGRAM,27
SRIRANGAM,27
BARRA BAZAR,27
KHATAULI,27
TALLA,27
CHHATNA,27
KHED,27
PUNPUN,27
PORBANDAR,27
SOVABAZAR-AH,27
HASSAN JN.,26
TRIVANDRAM P,26
PALAKOLLU,26
JAIS,26
BIJAINAGAR,26
BAGALKOT,26
NEYYATTINKAR,26
HOSPET JN.,26
NANDURA,26
LOHIAN KHAS,26
KHUDIRAM BOS,26
BABHNAN,26
TIRUVERUMBUR,26
HARINAGAR,26
USALAPUR,26
JALPAIGURI R,26
KOTSHILA,26
MAIRWA,26
MULTAI,26
KHARAWAR,26
CHOWRIGACHA,26
VERKA JN.,26
ALNAVAR JN.,26
KARAIKKUDI,26
KARAGOLA ROA,26
SAKTI,26
BRAJARAJNAGA,26
SADISOPUR,26
KEDGAON,26
BARHNI,26
GOSHAINGANJ,26
TETULMARI,26
RAMESWARAM,26
TENYA,26
TEHTA,26
MARKAPUR ROA,26
BANSIPUR,26
DARYABAD,26
LAKHMINIA,26
YUSUFPUR,26
ROHAD NAGAR,26
GHOGHA,26
GHEVRA,26
ASAUDAH,26
GANGATIKURI,26
KARNA SUBARN,26
MERTALA PHAL,26
KULTI,26
KULHARIA,26
SWADINPUR,26
NARASAPUR,26
BAHADURPUR,26
POKHRAYAN,26
PUTUR,26
MIRZAPALI,26
PUNKUNNAM,26
PIPRAICH,26
ATTILI,26
FAZILKA JN.,26
VELLORE CANT,26
MALOUT,26
BANAHI,26
RAFIGANJ,26
MUNDKA HALT,26
NADWAN,26
NARASARAOPET,26
LASAL GAON,26
SUNAM,26
BELTHARA ROA,26
NADAUL,26
NAUGARH,26
JAIRAMNAGAR,26
NEORA,26
SIMULTALA,26
UMRI,26
BIRSINGHPUR,26
MURAGACHHA,25
PATIPUKUR,25
BARAUT,25
DHARMAPURI,25
PAGLA CHANDI,25
THANA BIHPUR,25
RAJAWARI,25
KRISHNAPUR,25
GAMHARIA,25
SABARMATI,25
MAYAPUR,25
RAJGRAM,25
THURAVUR,25
KANDRA,25
EKMA,25
JALALGANJ,25
PANDAVAPURA,25
JAKHANIAN,25
DHANAURI,25
JHANTIPAHARI,25
BIJWASAN,25
UDVADA,25
NAGAPPATTINA,25
HOODI,25
KADIPUR,25
PATHARIA,25
DHUBULIA,25
SHAJAPUR,25
SARONA,25
ADARSH NAGAR,25
AMGAON,25
BARARA,25
BHATPAR RANI,25
PEPPEGANJ,25
ARAMBAG,25
MUHAMMADABAD,25
BHABTA,25
SARGACHNI,25
BAGHPAT ROAD,24
SINGAPUR ROA,24
SUNEHRA,24
BISHANPUR HA,24
UNCHAHAR JN.,24
JARWAL ROAD,24
NOLI,24
NEW MAL JN.,24
BAGALIA,24
MACHILIPATNA,24
BARAUNI FLAG,24
ANNIGERI,24
DADRI,24
HATKANANGALE,24
ALER,24
PARAMAKKUDI,24
NANGAL DAM,24
AKANAPET,24
PARAJ,24
AKKAMPET,24
SHAHPUR PATO,24
KOELWAR,24
KOPARIA,24
BHOJIPURA JN,24
SHAHABAD MUH,24
BADLI,24
PANKI,24
BATALA JN.,24
INDI ROAD,24
JHAMATPUR BA,24
ALAKKUDI,24
SARASWATI NA,24
SARDIHA,24
TIRORA,24
BAJVA,24
NALBARI,24
BASTA,24
HARCHANDPUR,24
HANUMANGARH,24
PATRATU,24
BHAVNAGAR PA,24
MAHOBA,24
EKCHARI,24
FAKHARPUR HA,24
ERANIEL,24
EKLAKHI,24
FARIDKOT,24
GOTRA,24
KANNIYAKUMAR,24
BOINDA,24
PITHAPURAM,24
MIRZA-CHEUKI,24
COLONELGANJ,24
MAILANI JN.,24
AHERA,24
POTHAHI,24
PUDUKKOTTAI,24
BASAI DHANKO,24
KHEKRA,24
CHHARRA,24
BHADAURA,24
KANNAPURAM,24
MOHUDA,24
RAJGARH,24
RAKHA MINES,24
BARNALA,24
MAULA ALI,24
MALIHATI TAL,24
MAURIGRAM,24
GALSI,24
SABOUR,24
RAJBANDH,24
CHINNAGANJAM,24
RAJA-KA-SAHA,24
THAN,24
RAIWALA JN.,24
SAHIBPUR KAM,24
GIDDARBAHA,24
RAMANATHAPUR,24
RENGALI,24
AIT JN,24
KHALARI,24
AMLAI,24
BANDA JN,24
CHIPURUPALLE,24
GARH-DHRUBBE,24
GAURIBIDANUR,24
DEROL,24
SOLAGAMPATTI,24
BARANG JN.,24
KUSTAUR,24
DASHARATHPUR,24
SRINAGAR,24
SRI SATYA SA,24
KUCHAMAN CIT,24
WANSJALIYA J,23
NIMBAHERA,23
SONADANGA,23
BIBINAGAR,23
TANDA-URMAR,23
VERAVAL,23
SAMDARI,23
CHERVATTUR,23
FATEHGARH,23
BARSOLA,23
GADADHARPUR,23
BONDAMUNDA J,23
GONDAL,23
RANOLI,23
KHALLIKOT,23
RAMNAGAR,23
MANIRAM,23
TARAPITH ROA,23
MANDI BAMORA,23
RATHDHANA,23
VIRAVASARAM,23
KOPPAL,23
SHOHRATGARH,23
PACHORA JN.,23
UDGIR,23
DELHI-SAFDAR,23
SINGRAULI,23
NIRAKARPUR,23
SHANKARGARH,23
PARDI,23
PATIALA,23
MADHUKUNDA,23
COIMBATORE N,23
SHAHABAD MAR,23
NAMKOM,23
NAINI JN.,23
MURADI,23
PRADHAN KHUN,23
CAMPIERGANJ,23
PENDURTI,23
ZAHIRABAD,22
MARIKUPPAM,22
MANOHARABAD,22
DELANG,22
DEVAN GONTHI,22
DESARI,22
DANKAUR,22
SUJRA,22
LABHA,22
KOTALPUKUR,22
KURSELA,22
NILESHWAR,22
VARTREJ,22
ROOP NAGAR,22
CHIRAYINKIL,22
GATORA,22
MARIPAT,22
RAMPURA PHUL,22
"BALRAMPUR,",22
BHAGWANPUR,22
GIDDALUR,22
SANAT NAGAR,22
GURDASPUR,22
VETAPALEM,22
SAMBHU,22
GOVINDPURI,22
GUDLAVALLERU,22
THAWE JN.,22
QUAZIGUND,22
MORAPPUR,22
MALIPUR,22
TAPA,22
BORAKI HALT,22
RUPRA ROAD,22
KAVUTARAM,22
BHALUI,22
RAMPUR DUMRA,22
CHILAKALPUDI,22
RAMBHADDARPU,22
SAHEBTALA  H,22
AJAIBPUR,22
RAU,22
BHALUKA ROAD,22
VASCO-DA-GAM,22
KALOL,22
MURADNAGAR,22
MUNROTURUTTU,22
PEDANA,22
TALL JN.,22
SANVORDEM CU,22
COROMANDEL,22
TALJHARI,22
VADLAMANNADU,22
KANDHLA,22
BHARTHANA,22
KAMTAUL,22
AWANTIPURA,22
GURARU,22
QASIMPUR KHE,22
TILHAR,22
ANJI SHAHABA,22
KHORASON ROA,22
KHODIYAR,22
Saifee Nagar,22
KONDAPURAM,22
NAWADAH,22
DHULIAN GANG,22
SHIMOGA TOWN,22
DONAKONDA,22
BASMAT,22
NAKAHA JUNGL,22
DODBELE,22
BANIHAL,22
NAGORE,22
CHAUSA,22
PENU KONDA,22
KADAKAVUR,22
HOLAMBI KALA,22
CHAKAND,22
BEML NAGAR,22
TONDAMANPATT,22
PARSA BAZAR,22
JHINJHAK,22
PARASSALA,22
SURATHKAL,22
SHIVNARAYANP,22
ANANTNAG,22
SHOLINGUR,22
BEHTA HAZIPU,22
LOKMANYA NAG,22
JWALAPUR,22
JUKEHI,22
OORGAUM,22
CHANPATIA,22
BELAKOBA,22
JANAKPUR ROA,22
NUSRATABAD K,22
CHAMPION,22
NORLA  ROAD,22
NPA SIVARAMP,22
BHEDIA,22
NAYA GHAZIAB,22
AMBODALA,22
ANANDPUR SAH,22
DHAMARA GHAT,22
WADIARAM,22
SONGADH,22
KULEM,22
SADAT,21
SACHIN,21
CHOLA,21
TARI GOPPULA,21
RURA,21
LALGARH JN.,21
LEHRA GAGA,21
KHANAPUR,21
KHEMASULI PH,21
BHALKI,21
MALHOUR,21
KHERA KALAN,21
CHITRAKUTDHA,21
SOHAGPUR,21
RAMSAGAR,21
GODAVRI,21
VATVA,21
KESHOD,21
GHOLVAD,21
RATANPUR,21
BHAKTINAGAR,21
PITAMBARPUR,21
GOTHAJ,21
KAPAN  HALT,21
NAMBURU,21
PANOLI,21
JULANA,21
KALAIKUNDA,21
BIJURI,21
SAFEDABAD,21
NEKONDA,21
NANDESARI,21
SHIBLUN,21
JUGAUR,21
JORAVARNAGAR,21
NENPUR,21
DIGHA FS,21
UREN,21
KALUPARA GHA,21
PANDHARPUR,21
CHAURI CHAUR,21
PEDAKAKANI H,21
KANTHI FS,21
KANIJ,21
INDRABIL,21
AZAMNAGAR RO,21
PHEPHNA JN.,21
HARSANA KALA,21
DUGGIRALA,21
LOHARPURWA (,20
MAHAWAN KHOR,20
RAYBAG,20
GHASO,20
PIRTALA,20
TIMMAPUR,20
KARAIKAL,20
KARAMBELI,20
SIVAGANGA,20
DHAMPUR,20
TILAIYA,20
MIRKHAL,20
THERUBALI,20
GERATPUR,20
BOKAJAN,20
MANPUR JN.,20
KAURIA JUNGL,20
VENDODU,20
AILAM HALT,20
DEVAKOTTAI R,20
KAZHAKUTTAM,20
MANJARI BUDR,20
BARKA HALT,20
RAMCHAURA HA,20
RAJNAGAR,20
MANJATTIDAL,20
AMMANABROLU,20
SOHWAL,20
KARTARPUR,20
KARPOORIGRAM,20
MASKANWA,20
MASUDAN,20
KARGI ROAD,20
SANDAL KALAN,20
VEDAYAPALEM,20
RASRA,20
HADAPSAR,20
PUDUKAD,20
THALWARA,20
GUDIATTAM,20
BHADRAVATI,20
GUMANI,20
KATHGODAM,20
ADUTHURAI,20
REWA,20
GARPOS,20
GETOR JAGATP,20
BODARWAR,20
KISHANPUR,20
GARHMUKTESAR,20
GANGAPUR ROA,20
LONI,20
RAWATGANJ F,20
GHARAUNDA,20
MAHESH KHUNT,20
BHILDI JN,20
GAURI BAZAR,20
LINGARAJ TEM,20
BANPAS,20
VINUKONDA,20
KICHHA,20
RUPNARAYANPU,20
WARORA,20
SADURA,20
GALUDIH,20
TARSARAI,20
TARIKERE,20
RUSERA GHAT,20
YEVAT,20
KOTMA,20
LAKHERI,20
TANGLA,20
KORBA,20
KYATSANDRA,20
KOTMI SONAR,20
DIGUVAMETTA,20
NEPA NAGAR,20
UNCHEHARA,20
UNAULA,20
OCHIRA,20
NUZVID,20
SAKRIGALI,20
NIMBAL,20
BIJBIARA,20
NIGOHAN,20
JEUR,20
NIDAMANGALAM,20
JAWAI BANDH,20
SHIVPURI,20
NARAYANPUR,20
NASIRABAD,20
GONIANA,20
MATHURA PUR,20
HASIMARA,20
PAYANGADI,20
KAMALPUR HAL,20
BETAMCHERLA,20
NANDALUR,20
DOKRA HALT,20
PIARDOBA,20
AKODIA,20
PANJGAM,20
DIWANA,20
DHARIWAL,20
KAKAPORA,20
NAGINA,20
KAKARGHATTI,20
KALA PIPAL,20
PATAS,20
TORANAGALLU,20
HILLAR SHAHA,20
CHAU MAHLA,20
OLD MALDA,20
UDALGURI,20
BAGBAHRA,20
BAGDIHI,20
BAIDYANATHDH,20
DALGAON,20
DAKANIYA TAL,20
SEMAPUR,20
PAMPORA,20
NANDGAON,20
CHARKHI DADR,20
CHATA,20
ALAWALPUR ID,20
PINGLI,20
PERINAD,20
HALDWANI,20
UTARSANDA,20
BYATRAYANHAL,20
HALDIPADA,20
MOHIUDDINNAG,20
JIBANTI,20
SUWASRA,20
DALBHUMGARH,20
NATHNAGAR,20
RAJLU GARHI,19
ATARRA,19
DUNGRI,19
SIRJAM,19
ALMATTI,19
PUGALUR,19
SIRSA,19
DELHI-AZADPU,19
VEJANDLA,19
RAMKANALI JN,19
KHALILPUR,19
ASAIPUR JOBN,19
KOPAI,19
LATUR,19
KINWAT,19
DANTAN,19
TATISILWAI,19
AHMED GARH,19
ARARIYA COUR,19
GOMTINAGAR F,19
KHALISPUR,19
MANSA,19
BORIDAND,19
DAMODAR JN.,19
PICHKURIRDHA,19
KANTAKAPALLE,19
MUAZZAMPUR N,19
TIRUMANGALAM,19
BADAMI,19
NAKODAR JN.,19
KAKINADA POR,19
SHOLAVANDAN,19
ALAMANDA,19
BHEDUASOL,19
CHATRA,19
KADETHAN,19
NABIPUR,19
PIPALSANA,19
KAPASAN,19
BERO,19
MUDDANURU,19
CHAINWA,19
USMANABAD,19
SAYAN,19
CHANDLODIYA,19
TULSIPUR,19
BATASPUR,19
JOGBANI,19
UPPALUR,19
NANDGANJ,19
PALUR,19
JHAPATERDHAL,19
UJIARPUR,19
NOADAR DHAL,19
BHODWAL MAJR,19
FORBESGANJ J,19
SAHJANWA,19
KORU KONDA,19
BANSHLAI BRI,19
ADILABAD,19
KUNDA HARNAM,18
KUNDARKHI,18
LADNUN,18
KUTRALAM,18
BANSTOLA P.H,18
SAHIBZADA AJ,18
FALAKATA,18
BHAROLI,18
KUMBHAWAS MU,18
BHUDPUR,18
SAKALDIHA,18
JANDIALA,18
TAJ NAGAR,18
JATAULA JORI,18
WALAJABAD,18
WAIR,18
NEW BHUJ,18
BAWLI HALT,18
NAZIRGANJ,18
NAYANDAHALLI,18
JANKAMPET JN,18
DHURWASIN  H,18
JAPLA,18
NAWA CITY,18
JAITWAR,18
BIHAR SHARIF,18
JAKHIM,18
CHANDIA ROAD,18
JALAMB JN.,18
DIDWANA,18
JAYASINGPUR,18
NEW HALFLONG,18
NADBAI,18
KALIANPUR,18
NABHA,18
NABINAGAR RO,18
KALIAN CHAK,18
SIKANDARPUR,18
BAIRAGNIA,18
NAGARUNTARI,18
HODAL,18
BAHERI,18
SHEIKHPURA,18
NARSIPATNAM,18
ANTU,18
JAGRAON,18
TWINING GANJ,18
CHANDUR,18
BADLA GHAT,18
PANDAUL,18
BAIHATOLA,18
BAHRAICH,18
DINANAGAR,18
DIVINE NAGAR,18
SENGOTTAI JN,18
SEOHARA,18
NANPARA JN.,18
SATNALI,18
NALANDA,18
BELGAHNA,18
INCHHAPURI,18
HOLENARSIPUR,18
AKSHAYWAT RA,18
SATROD,18
PAWAPURI ROA,18
DABILPUR HAL,18
HIRA NAGAR,18
NALLA PADU J,18
PATLI,18
PASIVEDALA H,18
SUJANGARH,18
MORINDA,18
SARAIMIR,18
DUDHANI,18
PHALODI,18
MORVI,18
AMBLIYASAN J,18
HANSI,18
PHULPUR,18
MORAK,18
MULANTURUTTI,18
CHAGALLU,18
KALUMNA,18
PERNEM,18
DOSAPADU,18
MUKUNDARAYAP,18
MUKTAPUR,18
KANAS ROAD,18
SILYARI,18
KANHAN JN.,18
HASANPUR ROA,18
CHAURA BH,18
HARRAD,18
HATHBANDH,18
TIRUVANNAMAL,18
CASTLE ROCK,18
WARISALIGANJ,18
WAZERGANJ,18
KORAPUT JN.,18
VISHWAMITRI,18
KOKPARA,18
LAR ROAD,18
RUKADI,18
KHUTBAV,18
KHODIYAR MAN,18
KILA RAIPUR,18
MACHARYA,18
MADHRANAGAR,18
BARADWAR,18
KHIRKIYA,18
BHIMSEN,18
KHAJAULI,18
KHERLI,18
MAHIPAL ROAD,18
MANDAPAM,18
MANIGRAM,18
GHANPUR,18
DURGAUTI,18
RENUKUT,18
GHATKESAR,18
SONBARSA KAC,18
SOPORE,18
VADOD,18
VAIKAM ROAD,18
PUNDAG,18
PIPRA,18
BAKUDI,18
UTRAITIA JN,18
MERTA CITY,18
MAUHARI,18
VALIVADE,18
MAZHOM,18
MEHNAR ROAD,18
GOSAI GAON H,18
MATERA,18
KARISATH,18
MOGA,18
KARAMNASA,18
MOHARAJPUR,18
RAJGIR,18
GORAUL,18
CHHAPRA KACH,18
GULDHAR,18
SANKARPUR,18
MATHURA CANT,18
KHADA,18
SONAILI,18
MALLANWALA K,18
MANOHARPUR,18
BAMNIA,18
DESHNOKE,18
MARARIKULAM,18
TENKASI,18
RANUJ,18
GIDHNI,18
ASRA HALT,18
CHILBILA JN,18
RAMGANGA,18
RAMAVARAPPAD,18
CUMBUM,18
YALVIGI,18
ADAS ROAD,18
ETTUMANUR,18
TARAORI,18
TARANA ROAD,18
GANGRAUL HAL,18
BARAMULLA,18
MAKHU,18
RISIA,18
BHULANPUR F,18
GANKAR,18
GARJAIPUR,18
RETANG,18
TSUNDURU,17
IDAPPALLI,17
ANCHELI,17
CHANDERIYA J,17
FATEH NAGAR,17
SALEKASA,17
VYARA,17
JATKANHAR,17
OBRADAM,17
BATHNA KRITT,17
KRISHNA,17
KUHURI,17
JHARKHANDI F,17
SATSANG NAGA,17
JAISALMER,17
JOARA,17
NARAYANPUR T,17
INDUPALLI,17
BADNAPUR,17
CARMELARAM,17
BHESTAN,17
MUSRA,17
KALYANPUR RO,17
HIMAYATNAGAR,17
PARTAPUR,17
HEJJALA,17
SANTALDIH,17
NAGAR NABI,17
MUKUNDWADI H,17
SILLI,17
PEDDAVADLAPU,17
KANDALA,17
SINDHU DURG,17
MOHIUDDINPUR,17
METYAL SAHAR,17
VALLIUKUNNU,17
MAUR,17
GUJRAN-BALWA,17
TILBHITA,17
BHUSANDPUR,17
TIMARNI,17
CHILKA,17
MALIYA HATIN,17
KHANDRAWALI,17
MAHPUR,17
VEDCHHA,17
SANGAM JAGAR,17
LUCKNOW CITY,17
GANJAM,17
VIRPUR,17
BARAN,17
KULITALAI,16
BINNAGURI,16
PATHSHALA,16
PATIA HALT,16
PARK CIRCUS,16
SATHI,16
MANGAON,16
MANHERU,16
SAIDRAJA,16
KURALI,16
SAGARDIGHI,16
KALISINDH,16
KALITALAVADI,16
DEVANUR,16
PATTAN,16
MANDAVALLI,16
MANDAWAR MAH,16
MANDI GOBIND,16
HONNAVAR,16
SALANPUR,16
SALAUNA,16
ARNI ROAD,16
CHAIBASA,16
URMA,16
MURDESHWAR,16
MURHIPAR,16
BELPAHAR,16
HOSHIARPUR,16
HATHUA,16
AMLORI SARSA,16
BARIPADA PH,16
TULIN,16
MALIYA MIYAN,16
MALKHAID ROA,16
BANAPURA,16
BANAVAR,16
BANCHARI,16
TALAJA PANCH,16
KALAMBOLI,16
KOTTARAKKARA,16
KURUPPANTARA,16
HARNAUT,16
HARPALPUR,16
PAYYOLI,16
BIKRAMSHILA,16
AJAMPUR,16
PANDORI,16
PANIYAHAWA,16
PANDABESWAR,16
BHIMADOLU,16
BONGAIGAON,16
BHIGVAN,16
TARAPUR,16
TARN TARAN,16
LACHHMANPUR,16
KOSLI,16
KALANAUR KAL,16
KHAMBHAT,16
AMMASANDRA,16
PETLAD JN.,16
DODBALLAPUR,16
BARPALI,16
MARIAHU,16
MARKONA,16
SUJNIPARA,16
BADSHAHPUR,16
DANGOAPOSI,16
MAJHOWALIA,16
MAJRI JN.,16
HARI SHANKAR,16
NALWAR,16
NAGERCOIL TO,16
SALMARI,16
EZHUKONE,16
GARLA,16
ROSHANPUR,16
BAZPUR,16
PAHARPUR,16
HAMRE,16
TINSUKIA JN.,16
BOMMIDI,16
VIJAYPUR JAM,16
MAJBAT,16
SAYAMA,16
MAU RANIPUR,16
VALLABH VIDH,16
SURIAWAN,16
SULTANPUR LO,16
MUHAMMADGANJ,16
MUKURIA,16
ROWTA BAGAN,16
RUNDHI,16
SRI DUNGARGA,16
DATIVLI,16
DAUDPUR,16
DUHAI,16
BHUTESHWAR,16
PACHRUKHI,16
PADADHARI,16
CHITGIDDA,16
GARHI MANIKP,16
GARHWA,16
CHUDAWA,16
MUGAT,16
MUGMA,16
SIMARIA,16
MAYAKONDA,16
KASHI CHAK,16
KHATKURA PH,16
VIDYAPATINAG,16
HAIDARNAGAR,16
SEWAPURI,16
DAURALA,16
SORBHOG,16
MAHALI MARUP,16
AUVANEESWARA,16
MEHIDPUR ROA,16
KANIMAHULI P,16
KANINA KHAS,16
NAPASAR,16
NAR TOWN,16
UNTARI ROAD,16
BIJNI,16
PUNPUN GHAT,16
CHERIYANAD,16
PUNALUR,16
NUJELLA,16
BAWANI KHERA,16
NOWROZABAD,16
TALBAHAT,16
TALCHER,16
SANKARIDRUG,16
KARIMGANJ JN,16
DHEKIAJULI R,16
SRI RAMNAGAR,16
SRIRANGAPATT,16
RAVER,16
BYADGI,16
CANACONA,16
BALANAGAR,16
SITAPUR CITY,16
CHANDAULI MA,16
THANPAR NAGA,16
TIHU,16
GULLAGUDA,16
NIPHAD,16
KARANPURATO,16
RAIL COACH F,16
GOURINATHDHA,16
KILIKOLLUR,16
KHURDPUR,16
ASANBONI,16
RAY,16
EKAMBARAKUPP,16
SHOLAKA,16
SHIMOGA,16
JATUSANA,16
NILJE,16
CHHOTA AMBAN,16
AHIRAN H,16
BOGRI ROAD,16
ATUL,16
NILOKHERI,16
DAHINA-ZAINA,16
TELTA,16
TENNERU HALT,16
KANSBAHAL,16
KANTADIH,16
NAUTANWA,16
BUNDI,16
KARAMSAD,16
RAJMAHAL,16
RAJALDESAR,16
GORESWAR,16
CHHOTI KHATU,16
NEW MISAMARI,16
NEW MORINDA,16
NIDAMANURU,16
NIDVANDA,16
MORGRAM,16
TALWANDI,16
TAMNA,16
LAMBHUA,16
RANINAGAR JA,16
GHUGHULI,16
RAVALPALLI K,16
AGARTALA,16
AGAS,16
VISHNUPURAM,16
NELLORE SOUT,16
BHATIEL,16
GOLLAPALLI,16
JHARLI,16
NAYAGAON,16
RAMGARHWA F,16
KISHANGARH B,16
BANKATA,16
SUDHANI,16
SUDHRANA,16
KAPURTHALA,16
NAWAPARA ROA,16
GOILKERA,16
ANKORAH (AKO,16
LAXMIBAINAGA,16
LIMBGAON,16
KODUMUDI,16
KIRATPUR SAH,16
RAMDEVRA,16
RAMGARH CANT,16
AMARDA ROAD,16
SIRARI,16
YAWARPURA,16
WANPARTI ROA,16
KUMBLA,16
KUNDARA,16
WENA,16
DADPUR BH,16
NAGALAPALLE,16
BHUCHCHU,16
TANGUTURU,16
SAIDAPUR,16
KAMPUR,16
KALUBATHAN,16
KAMALAPURAM,16
PARSODA,15
MUSTAFABAD,15
MANIKUI,15
SLEEMNABAD,15
SOJAT ROAD,15
GANGADHARPUR,15
RAMPUR MANIH,15
BARSHI,15
LIMDI,15
SINDI,15
SIR GURUDAS,15
SIRAJNAGAR,15
DHAMDHAMIA,15
KUNKI BH,15
ANCHURI PH,15
MURARPUR HAL,15
KESRI,15
KETO HALLI H,15
CHILUVUR,15
RANAVAV,15
TEKA BIGHA,15
MANJESHWAR,15
DORAHA,15
SARUPATHAR,15
SARUPSAR JN.,15
KUSIARGAON,15
BHANVAD,15
TIRUPARANKUN,15
MANSURPUR,15
VENKATACHALE,15
PILI BANGAN,15
LADHOWAL,15
GANGANIA,15
KALANOUR,15
BAITARANI RO,15
MALIHABAD,15
DEORI,15
RANIPATRA,15
GHUM,15
KARANJGOAN,15
ITOLA,15
SIWAN KACHER,15
SARDARGARH,15
KADAMBUR,15
ARARIYA,15
GARH BANALI,15
BASAVANA BAG,15
PILKHANI,15
PIPRIDIH,15
BARMER,15
DALAN,15
DAULATABAD,15
GOSALPUR,15
DARAZPUR,15
LUNKARANSAR,15
NIKURSINI,15
MOTICHUR,15
PABLI KHAS,15
POTUL,15
DUKHERI,15
BUDHLADA,15
TARUR,15
SIMRAHA,15
KASBA,15
JALALGARH,15
ANGALAKUDURU,15
GURSAHAIGANJ,15
JALALKHALI H,15
RASMARA,15
NAVAGADH,15
CHIKALTHAN,15
ROHANA KALAN,15
MEJA ROAD,15
KARMAD,15
DABHAURA,15
BATHNAHA,15
SRINIVASANAG,15
DARJEELING,15
LAKSHANNATH,15
MIANGRAM,15
BANI BIHAR,15
DHOBHI,15
RAWATPUR,15
RAUTARA,15
NARAYANGARH,15
JORAWASAN,15
JAWAD ROAD,15
SARSAWA,15
PATHRAD HALT,15
PARMALKASA,15
SAKHOTI TAND,15
TANDWAL,15
BAKHRABAD,15
BAKAL,15
SINGHPUR,15
KULPAHAR,14
DHANUVACHAPU,14
DARYAPUR,14
ADIPUR,14
FURSATGANJ,14
NAGAL,14
DABTARA,14
BELRAYAN,14
SAHERI (HALT,14
GOHANA,14
RAMGOVINDSIN,14
RAMPUR  HALT,14
UMROLI,14
LIMKHERA,14
KODAGANUR,14
SIKANDRA RAO,14
FATEHSINGHPU,14
ARUMUGANERI,14
ARUNACHAL,14
SHRI BHADRIY,14
CHAJLI,14
URKURA,14
BADAUN,14
AMBATURAI,14
GHANAULI,14
REN,14
AMGURI,14
NARGANJO HAL,14
JNANA BHARAT,14
NASRALA,14
JANDRAPETA H,14
UKHRA,14
JATDUMRI HAL,14
BODWAD,14
KILA ZAFARGA,14
GUBBI,14
TADWAL,14
LALGANJ,14
LALGOPALGANJ,14
RAPARLA HALT,14
RAGHURAJ SIN,14
GULER,14
PUTLACHERUVU,14
UMESHNAGAR,14
JANKIDAIPUR,14
NIPANIA,14
KARAVADI,14
MINCHNAL,14
TAKARI,14
MADDIKERA,14
MADHAVNAGAR,14
BANGROD,14
MADHOSINGH,14
ANKAI,14
NIMPURATHROU,14
JARAUDA NARA,14
BHATTU,14
KHOIRABARI,14
MAGHAR,14
TALHERI BAZU,14
SANKHARI,14
NUAGAON-MAYU,14
KARJARA,14
UTRAN,14
SAMBALPUR CI,14
SAMLAYA JN.,14
SRIVAIKUNTAM,14
KOPA SAMHOTA,14
RAVINDRAKHAN,14
SITALPUR,14
CHAND BHAN,14
MADURANTAKAM,14
GAROTH,14
ROBERTSGANJ,14
REPALLE,14
SAMAR GOPALP,14
ERRUPALEM,14
MELATUR HALT,14
KARKELI,14
KARKHELI,14
KARONA HALT,14
APPIKATLA,14
CHERUKARA HA,14
CHETTINAD,14
TIKUNIA,14
TALARA,14
NURPUR ROAD,14
OBAIDULLA GA,14
NANGUNERI,14
DHARMANAGAR,14
UPPU GUNDURU,14
BAHADUR SING,14
JIRADEI,14
JITA KHERI,14
JIWDHARA,14
DHINOJ,14
DHIRPUR,14
VAITHISVARAN,14
BUGGANAPALLI,14
VALAPUZHA HA,14
KARAINTHI,14
THANA BHAWAN,14
THANDLA ROAD,14
RAJGHAT PH,14
ODELA,14
TIKIRAPAL PH,14
MAHENDRANATH,14
MAHESHI,14
MAHRAWAL,14
MAHUAWA KHUR,14
BOLINNA DOAB,14
UGAR KHURD,14
BIHAIROGANJ,14
SEYDUNGANALL,14
DAURAM MADHE,14
STUARTPURAM,14
GURNAY,14
TIKEKARWADI,14
MCCLUSKIEGAN,14
NANGAL MUNDI,14
PONDURU,14
GURUVAYUR,14
POWERPET,14
DUDWA,14
TILDANGA,14
CHANDRAGIRI,14
BILPUR,14
VANIYAMBALAM,14
BHIRA KHERI,14
CHIRGAON,14
CHITRADURG,14
CHINCHLI,14
ROMANA ALBEL,14
BHULI,14
DHANDARI KAL,14
MAYYANAD,14
NANDPUR BHAT,14
SURAVALI (H),14
RUDRAPUR CIT,14
GOPALPUR BAL,14
GOTHAN GAM,14
SUDSAR,14
KINANA,14
JHALAWAR ROA,14
JAWALAMUKHI,14
JAWANWALA SH,14
JENAPUR ROAD,14
NILAMBUR ROA,14
BASWA,14
MOTARI HALT,14
DAULATPUR HA,14
BASNI,14
TURKI,14
TUVVUR HALT,14
PAHLEJAGHAT,14
DING,14
SANOSARA,14
HALDIA,14
MAJHGAWAN,14
KHARBAO,14
PIPOLOD,14
PIPRADIH,14
PIPRAIGAON,14
DISA,14
ANVARDIKANPE,14
MATARI,14
KASIMPUR HAL,14
KATAKHAL JN.,14
DANAULI PHUL,14
PALIA KALAN,14
PALLIKONA HA,14
MAJORDE JN.,14
PHESAR,14
PHUSRO,14
BHATTIPROLU,14
KAIMGANJ,14
KADAVAKUDURU,14
NAGROTA SURI,14
RUNKHERA,14
FARHEDI HALT,14
GANJ DUNDWAR,14
JAI JAI WANT,14
JAINTIPURA,14
BADMAL,14
SARAGBUNDIA,14
SARAI BANJAR,14
TALVADIYA,14
LANJI GARH R,14
MODLIMB,14
MODUKURU HAL,14
DALHOUSI ROA,14
DALMAU JN.,14
AMDARA,14
DARA,14
SANGOLA,14
GOLHALLI,14
GOLLAPROLU,14
BHAGWANSAR,14
UNDI,14
KATHUNANGAL,14
PANCHOT,14
DUBRAJPUR,14
DUDHINAGAR,14
SOMNATH,14
VENDRA HALT,14
VENTRAPRAGAD,14
ANGADIPURAM,14
LACHYAN,14
LAHABON HALT,14
LAILAKH MAMA,14
KOSAD,14
KAJRAT NAWAD,14
MALARNA,14
MALATIPATPUR,14
VEMURU HALT,14
SOMNA,14
KURUMBUR,14
KOTHARI ROAD,14
TARAON,14
SAHATWAR,14
TIRUNNAVAYA,14
HARIPUR GRAM,14
HARISINGA,14
HARMUTI,14
HARSAR DEHRI,14
TIRUCHENDUR,14
TIRUKKOVILUR,14
PANPOSH,14
KATRA,14
MANUBOLU,14
ANKUSPUR,14
PANGAON,14
CHINNARAVURU,14
TEK NEWAS,14
BAMANHERI,14
BRIJMANGANJ,14
CHANERA,14
CHANGSARI,14
KHAJAURAHO,14
BAREILLY JN,14
DONDAICHA,14
AKBAR GANJ,14
CHAKARBHATHA,14
DHAURA,14
DHEENA,14
SADHOO GARH,14
KOTTA PANDIL,14
KRISHNA DEVA,14
HATHURAN,14
MANAPARAI,14
MANCHILI,14
MANDA ROAD,14
HOLE-ALUR,14
NAZARETH,14
BASUCHAK HAL,14
SHAM CHAURAS,14
DHODA KHERI,14
DHOLA MAJRA,14
GODAPEASAL,14
KIRLOSKAR WA,14
DANWAR,14
MOHRI,14
KANTH,14
RANPUR,14
HIRAKUND,14
ACHARYA NARE,14
KULWA,14
KUMARBAGH,14
ZERPUR PALI,14
PARSIPUR,14
BIRPURUSOTHA,14
SAGARPALI,14
KALDHARI,14
SOHANSRA,14
PATTIKKAD HA,14
ADINA,14
KECHKI,14
MANDHAR,14
MANDI ADAMPU,14
PARSABAD,14
PATAN,14
HIND,14
PARIAWAN KAL,14
HIREHALLI,14
CHAS ROAD PH,14
KAYALPATTINA,14
KAMAKHYAGURI,14
KALUNGA,14
KAMAN,14
SAIYEDPUR BH,14
KURICHEDU,14
WANEGAON HAL,14
KUMRABAD ROH,14
KUCHAVARAM H,14
KUCHMAN,14
WRS COLONY,14
TUTICORIN,13
SRUNGAVRUKSH,13
PORADANGA,13
RAGHUNATHBAR,13
PANIA JOB,13
PANIARA HALT,13
HAIDERGARH,13
SARKONI,13
PANAPAKAM,13
TRIPAL,13
WADHWAN CITY,13
MADANKATA,13
BIRAPATTI,13
BARETA,13
SIRNAPALLI,13
PALLIYADI H.,13
JAKHAPURA JN,13
MAHAJAN,13
SISVINHALLI,13
PIPRAHAN,13
ODE,13
NIYALISHPARA,13
TILARU,13
BALOTRA JN.,13
HURMUJPUR (H,13
ANGUA PH,13
BEOHARI,13
BORTALAO,13
BILHAUR,13
BMY H CABIN,13
GUDMA,13
KARIMUDDINPU,13
UMRETH,13
PIPLIA,13
NIM-KA-THANA,13
BHOKAR,13
KARAJGI,13
RAJAGODA,13
DAREKASA,13
NICHITPUR,13
BAGRATAWA,13
NEW GUNTUR,13
SANGMESHWAR,13
SANKA,13
RAMBHA,13
NAYAK DIH HA,13
BANKHEDI,13
SUDAMDIH,13
KAPILAS ROAD,13
KANTI,13
BARRAJPUR,13
KOLAKALUR HA,13
LALGUDI,13
BHALEJ,13
NARNAUL,13
SHIUPUR,13
KONDAPALLI,13
BALARAMAPURA,13
NANGAL PATHA,13
CHURCHGATE,13
RINGUS JN.,13
DAKOR,13
DHANMANDAL,13
RUKNI,13
BARYAL HIMAC,13
KOTABOMMALI,13
WADSA,13
SAHASRAKUND,13
SADANAPURA,13
CHACHURA BIN,13
USKA BAZAR,13
VYASANAGAR,13
SALICHAUKA,13
BHARMAR,13
SAHID MATANG,13
KALPI,13
KAMALGANJ,13
KULITTURAI W,13
BENAPUR,13
DADHAPARA,13
DAGORI,13
SATHAJAGAT,13
PARAIYA,12
HUGRAJULI,12
ALIGANJ,12
TIRUVALAM,12
VATLUR,12
KENDUKANA,12
KESHORAI PAT,12
MANDAGERE,12
BABRALA,12
HATTA ROAD,12
HONNAVALLI R,12
AMMAPALI,12
MANJHRA PURA,12
KAVATHE MAHA,12
AITHAL,12
TRILOCHAN MA,12
ADHARTAL,12
BANASANDRA,12
KHAGA,12
TIRUPATI WES,12
PERALAM JN.,12
PERECHERLA,12
HATPURAINI H,12
PENNADA AGRA,12
PANPALI  PH,12
PANTNAGAR,12
PANYAM,12
BIKRAM GANJ,12
BILASPUR ROA,12
VARANGAON,12
MANNARGUDI,12
KATNI SOUTH,12
SATHIAON,12
SATULUR,12
SAUNSHI,12
SAVANUR,12
INDIA PAPER,12
PANCH RUKHI,12
PANCHRA,12
DR SHRI KRIS,12
DUBAHA,12
SONAKHAN,12
BHIMGARA JN.,12
DEKARGAON,12
BONIDANGA,12
CHEBROL,12
BHUPADEOPUR,12
DEOGHAR,12
DEPALSAR,12
BERAWANYA,12
PANDARAVADAI,12
DIVITPALLI H,12
DOBBSPET,12
DOIWALA,12
KATHA JORI,12
MARTUR,12
PALAYAMKOTTA,12
PALGHAT TOWN,12
ISMAILPUR,12
PALSORAMKDN,12
DANDUPUR,12
DANGARWA,12
DANIYAWAN BA,12
SIVUNGAON,12
SIWANI,12
MARWAR BHINM,12
MASAIPET,12
KATAREAH,12
MAKANSAR,12
KHANDIKAR,12
KHANTAPARA,12
KHARA,12
PHIRANGIPURA,12
AWATARNAGAR,12
AYYAMPET,12
HANWANT,12
PILERU,12
JAGUDAN,12
PALANI,12
MALKAPURAM,12
PAJIAN,12
PAKKI,12
PALAMPUR HIM,12
PIRO,12
DUMRI JUARA,12
DUNDI,12
SANSARPUR,12
SANTROAD,12
PINDRA ROAD,12
HANDIA KHAS,12
PIPLODA BAGL,12
HALDAUR,12
BICHPURI,12
POCHARAM HAL,12
BOLSA,12
BONA KALU,12
MAHWAL,12
MAIKALGANJ,12
SEMRA,12
DILAWARNAGAR,12
BALPUR,12
KASTHA,12
PACHHAPUR,12
POLLACHI,12
POLUR,12
POTKAPALLI,12
GURU HARSAHA,12
TILRATH,12
BICHIA,12
JAITHARI,12
CHANDOK,12
CHANDPUR SIA,12
KARUKUTTY,12
OLAPUR,12
TIKIRI,12
MAHMUDABAD (,12
KHAT,12
KHATU,12
BOJAWAS HALT,12
POKHARNI NAR,12
UJALVAV,12
OLLUR,12
JAKHLAUN,12
JAKOLARI,12
JALALABAD,12
ANGAR GHAT,12
ANJAR,12
TADAKAL PUDI,12
MAHALAM,12
KHETIA,12
PRATAP BAGH,12
GURHA KEMLA,12
BETHAMPURDI,12
BETNOTI PH,12
PULLA,12
BAGDOGRA,12
JALOR,12
BAGHAULI,12
MEGHRAJPURA,12
METTUPALAIYA,12
BALGONA,12
SANKOPARA H,12
DUMARI HALT,12
PUNDI,12
PUNNAPRA,12
PUNSIA H,12
ALWAR TIRUNA,12
D.A.V. COLLE,12
NUNKHAR,12
JAMALPUR SHA,12
DIBRUGARH TO,12
DIGHA BRIDGE,12
NISHANGARA,12
NIWAR,12
NIWARI,12
NOHBACHHAMAD,12
BHADRACHALAM,12
RADHIKAPUR,12
MADWARANI,12
KHODRI,12
KHOJEWALA,12
KHONGSARA,12
SONDAD,12
SONUA,12
BALLE-DA-PIR,12
KARJANA,12
KARJANA GRAM,12
SIRATHU,12
UKLANA,12
CHANDAFORT,12
RAFALESHWAR,12
THARSA,12
THATHANKULAM,12
CHHINA,12
CHHIPADOHAR,12
RAHAMA,12
ATTUR,12
GULEDAGUDDA,12
NINGALA,12
DEVARGUDDA,12
MIANPUR,12
MIHINPURWA,12
KARENGI,12
KAREPALLI JN,12
RAIBOJHA,12
RAIGANJ,12
GOVINDGARH K,12
GRAM KHARIKA,12
MACHAVARAM H,12
MADANA PALLE,12
TAKIPUR,12
DHUTRA,12
NIMDIH,12
UJHANI,12
UKHALI HALT,12
JASWANTNAGAR,12
NILGIRI ROAD,12
THALANGAI,12
BMY C CABIN,12
BMY G CABIN,12
VILLIANUR HA,12
GUDGERI,12
RAHIMABAD,12
RAIBHA,12
KUMAHU,12
BHOJO,12
KUMBALAM,12
BULANDSHAHR,12
BULLUANA,12
BIRAMDIH,12
KARAMTOLLA,12
CHIHERU,12
CHIKASANA,12
RAJENDRA PUL,12
RAJHAURA,12
BARA JAMADA,12
GORAYA,12
BHARUR HALT,12
BHATAR,12
DARASURAM,12
DARAULI,12
BARA-GOPAL,12
SORON SHUKAR,12
SORUPETA,12
SRI BALABRAH,12
LOTTEGOLLAHA,12
LUNSU  HALT,12
CHIANKI,12
KUNDGOL,12
BASUDEBPUR H,12
BASUDEOPUR C,12
NELLAYI,12
NEMAM,12
NEW BALRAMPU,12
FARUKHNAGAR,12
FATEHPUR-SIK,12
MISAMARI,12
MODELGRAM,12
MODRAN,12
MOHANLALGANJ,12
KAPARPURA,12
DAMAN JODI,12
PASRAHA,12
SAHADAI BUZU,12
RAMANNAPET,12
GOKAK ROAD,12
GOLDEENGANJ,12
GAJAPATI NAG,12
BHAGA JN,12
BHAGWANPUR D,12
SANGANNAPUR,12
JHARRADIH,12
JHAWAR HALT,12
NAYA NAGAR,12
URGA,12
NAZARBAG,12
SHEDBAL,12
DHONDI HALT,12
UNA HIMACHAL,12
AMARUN,12
THAKURGANJ,12
KIRODIMALNAG,12
AJITWAL,12
BANMANKHI JN,12
BANO,12
SIKAR JN.,12
RANGAPURAM,12
LOHAPUR,12
KIRAOLI,12
CHIKODI ROAD,12
CHILHIA,12
CHAMARAJAPUR,12
CHAMARDIGHI,12
SINGHIAGHAT,12
DHALGAON,12
DHANSU,12
MOKALSAR,12
CHINNASALEM,12
CHINNNABABU,12
CHINPAI,12
ASIFABAD ROA,12
RAMPURA BERI,12
GIDARPINDI,12
GILL,12
JHULASAN,12
JHUSI,12
BATHINDA CAN,12
ANKOLA,12
KANTHALIYA R,12
SILAUT,12
MURLIGANJ,12
MOLISAR,12
MORANHAT,12
MOTH,12
CHURK,12
KOLNUR,12
KOIRIPUR,12
MURTIHA,12
RANITAL,12
RANIWARA,12
GHUTKU,12
VIRBHADRA,12
VISHWANATH C,12
KALIYAGANJ,12
KOLLIKHUTHA,12
TELO,12
TENGANMADA,12
MOTURU,12
BAHANAGA BAZ,12
NAVABPALEM,12
NAVIPET,12
SHIVANI,12
ASALODA,12
ASHAPURA GOM,12
ASHOKAPURAM,12
RAVTHA ROAD,12
RECHNI ROAD,12
RELANGI,12
BHATISUDA,12
BHAIRANAYAKA,12
KALMITAR,12
NARAYANPUR A,12
BARABAMBO,12
JOGIARA,12
JORAMOW,12
JUCHANDRA,12
TANGARMUNDA,12
SAMBHAR LAKE,12
LAKSHMIPUR R,12
CHOVVARA,12
KOPARLAHAR,12
ASAFPUR,12
VADANAM KURU,12
VADGAON NILA,12
BALAGHAT JN.,12
TANKUPPA,12
KANJIKODE,12
KABAKA PUTTU,12
KACHCHANAVIL,12
KACHUJOR  FL,12
NANGAL DEGRO,12
PASUPATIKOVI,12
NANJANGUD TO,12
NANWAN HALT,12
JUGPURA PH,12
JUHARPURA,12
DHARUADIHI,12
UPPAL,12
CHALGERI,12
BIJNOR,12
BAIJNATH PAP,12
HIMMATANA,12
REWRAL,12
PATIALI,12
RISHIKESH,12
GARRA,12
GATRA HALT,12
ROBERTSON,12
GAUSHALA F,12
GEVRA-ROAD,12
REOTI BAHORA,12
BHIND,12
CHIT BARAGAO,12
CHIMALPAHAD,12
GARHNOKHA,12
CHUDA,12
K-CABIN BNDM,12
KANJIRAMMITA,12
KANKAHA,12
MUDDALINGANA,12
KANGRA,12
KANGRA MANDI,12
NANAKSAR,12
NANAUTA,12
NANDANI LAGU,12
UNHEL,12
UNJALUR,12
HIRENANDURU,12
SWAMI MALAI,12
DHANERA,12
TOLRA,12
SULTANPUR KA,12
SUNDARAPERUM,12
KANHADGAON,12
MUKTSAR,12
KANALUS,12
RUDAIN,12
MANGRA,12
LAKHO,12
BANTAWALA,12
KORATTI ANGA,12
BARAHAT,12
BARALA,12
SRI KRISHNA,12
KAITHAL,12
KADAKOLA,12
KADALUNDI,12
KADIRI,12
KAJRI,12
KAKORI,12
NAGRA DHAM P,12
NAGROTA,12
NAHARKATIYA,12
RUPAUND,12
RUPBAS,12
SALKA ROAD,12
ARAVALLI,12
ETTIMADAI,12
GANNAVARAM,12
GARAHANI,12
NAI KHERI,12
KAITHALKUCHI,12
KAJORA GRAM,12
BASHARATGANJ,12
MULKI,12
MULLANPUR,12
KANAKPURA,12
BARUNA,12
BARWALA,12
BARIWALA,12
MUNIRABAD,12
SHRI MAKRI N,12
BHIKNUR,12
TARLUPADU,12
LACHMIPUR HA,12
LADHUKA,12
LAKHEWALI,12
KAYDI HALT,12
KOTALA HALT,12
KALANWALI,12
KALAS,12
NAGBHIR,12
AKALKOT ROAD,12
CHAK SIKANDA,12
CHAKMAKRAND,12
DHAUNI,12
SOGORA,12
KOTTIKULAM,12
KRISHNA CHAN,12
KOTDWARA,12
BHANWAR TONK,12
BHARATGARH,12
GAJJELAKONDA,12
SOHAL,12
SAHAWAR TOWN,12
FAZALPUR,12
SALAWAS,12
GANDHIPURAM,12
GANGAGANJ,12
ALAMPUR,12
CHACHER,12
SARNA,12
MANDAMARI,12
MUSTABADA,12
KUP,12
KURI,12
BIRSOAL,12
MANDI DHANAU,12
BIRLANAGAR,12
WALAYAR,12
SALCHAPRA,12
MANENDRAGARH,12
SOLDEVANAHAL,12
HOSDURGA ROA,12
FIROZPUR CIT,12
TITTE,12
KAMNARA,12
KALSUR,12
TODIYAPPULAM,12
SHRIRAJNAGAR,12
SIHO,12
AMBARI FALAK,12
WYNDHAMGANJ,12
DARYAOGANJ,12
KULUKALUR HA,12
WARASEONI,12
KUNDANGANJ,12
PARMANAND,12
PARMANANDPUR,12
PAROR,12
PARSA,12
BELSIRI,12
BELURMATH,12
HUSAINPUR,12
IKRAN,12
IMLI,12
CINTALPALLI,12
SASALU,12
PARADEEP,12
ABHANPUR JN.,12
CHORVAD,11
BIRARAJPUR,11
BINDKI ROAD,11
GANESHGANJ,11
DHAPARA DHAM,11
SIGADAM,11
CHITYALA,11
CHITTERI,11
SAMLOTI,11
GANGAGHAT,11
GARIVIDI,11
GHAGWAL,11
SAMBHUPURA,11
SAMALPATTI,11
SALWA,11
KORAI HALT,11
SANCHI,11
SANAND,11
KOHAND HALT,11
LANKALAKODER,11
LALPUR JAM,11
LODIPUR BISH,11
KITA,11
RAMNATHPUR,11
GOKARNA ROAD,11
COOPERS HALT,11
SANGARIYA,11
RAJULA ROAD,11
RAJAPUR ROAD,11
GOSAINGRAM,11
RAIPUR HARYA,11
BHAINI KHURD,11
GOVINDPUR PH,11
BHITONI,11
SONAMUKHI PH,11
MAHADANAPURA,11
DHANOLI,11
AMIN,11
KAFURPUR,11
SUBARNAMRIGI,11
GUNDRATIMADU,11
CHHABRAGUGOR,11
MAHBUB NAGAR,11
KHETA SARAI,11
BANDAKPUR,11
MAI HALT,11
MAHUVA,11
TIPPAPUR HAL,11
SARAGAON ROA,11
DUDWINDI,11
MAKRONIA,11
KHANNA BANJA,11
HAKIMPUR,11
KAILSA,11
NAMAKKAL,11
HAMIRATTI PH,11
DUMKA,11
BARGAWAN,11
PETTAIVAYTAL,11
PENUMARRU HA,11
BABARPUR,11
MANANI,11
MANDI DABWAL,11
BARI BRAHMAN,11
MANJURI ROAD,11
BELIATOR PH,11
SAVALYAPURAM,11
VAREDIA,11
BILGA,11
PALLEVADA,11
BELBONI PH,11
PALAPPURAM H,11
BAZIDA JATAN,11
JAHANABAD  C,11
BRINDABANPUR,11
PACHOR ROAD,11
NURMAHAL,11
NUDURUPADU,11
MEDAPADU,11
KARIM NAGAR,11
BAYTU,11
NOBANDA PH,11
NIYAZIPUR HA,11
NISOI,11
DIGARU,11
MILAVITTAN,11
BAHJOI,11
MONGHYR,11
UTTUKULI,11
CHAMUNDA MAR,11
KARAILA ROAD,11
VAIBHAVWADI,11
UNGUTURU,11
MISHRAULI,11
NERGUNDI JN.,11
NEMA HALT,11
BIKNAPH,11
BIKKAVOLU,11
NAVAPUR,11
SAKHPUR,11
TAPANG,10
BILWAI,10
DAROJI,10
WANDER JATAN,10
FATEHGARH SA,10
BHANKALA,10
KURRAIYA,10
KRISHNA MAKO,10
KRISHNA BALL,10
KRISHAN JANM,10
KOTTAPALLI H,10
SAFDARGANJ,10
GAJUWALA HAL,10
SADULSHAHAR,10
SABIRA,10
ARNEJ,10
ARJUNI,10
SABDALPUR JN,10
SALAKATI,10
SAKTESGARH,10
RUPSIBARI,10
JHAMAT (HALT,10
JOGAL,10
JIYAPURAM HA,10
JIWA ARAIN,10
JIND CITY,10
JIMIDIPETA,10
KUNURI,10
WATHAR,10
KULIKARAI,10
KUDNI,10
KUMARGANJ,10
ACHALDA,10
BINDUKURI,10
SRIVILLIPUTT,10
YAMUNA BRIDG,10
ZAMPANI HALT,10
NEW AMRAVATI,10
NER HALT,10
BASUGAON,10
JHOK TAHAL S,10
NAWEGAON,10
NAWAGAON,10
NAWABGANJ(GO,10
MOKHASA KALA,10
MOHOL,10
SINDKHEDA,10
CHAMPANER RO,10
DHONDHA DIH,10
DHOLKA,10
DHOLBAZA,10
SHAMSABAD,10
SHAHI,10
BUNIYADPUR,10
MIRANPUR KAT,10
DAGRU,10
TAHSIL FATEH,10
TADLAPUSAPAL,10
JASSOWAL HAL,10
JAMWANTHALI,10
NAYATOLA,10
JHAUA,10
JHARSUGUDA R,10
CHAMRAJANAGA,10
SURAREDDIPAL,10
MITHAPUR,10
MITAWAL,10
JEYPORE (ORI,10
BAGHOIKUSA,10
MILANGARH,10
MILAK,10
SIVAKASI,10
SITHALAVAI H,10
DEVARKADRE,10
JANWAL,10
UMAR TALI,10
CHANDANATTOP,10
CHANAKYAPURI,10
NIHASTA HALT,10
NIGOHI,10
NIGAURA,10
JEJURI,10
NEW MAYNAGUR,10
VALAVANUR HA,10
VALAPATTANAM,10
TAKAZHI,10
TAJPUR DEHMA,10
KARDI,10
BAHAI HALT,10
USMANPUR,10
MONDH,10
SHAHGARH,10
SHAHDORAGAON,10
SHAHBAZNAGAR,10
SHAHBAZ KULI,10
JHUNPA,10
BYADARA HALL,10
BUTEWALA,10
BUTARI,10
DHEMAJI,10
SHIU SAGAR R,10
BAGEWADI H,10
SEWA NAGAR,10
JAKHOD KHERA,10
OMALUR,10
ULAVAPADU,10
SITANAGARAM,10
SIRPUR TOWN,10
BALLEKERE,10
BALIPARA,10
NORTH LAKHIM,10
NOAPARA MAHI,10
NOAMUNDI,10
NIRA,10
DICHPALLI,10
JARGAON,10
NIMODA,10
BRUNDAMAL,10
VALMIKINAGAR,10
VALLATTOLNAG,10
CHANDUR BAZA,10
PAGARA,10
PADRAUNA,10
BEGUNKODAR,10
BAWAL,10
BAVLA,10
JAMADOBA PH,10
BALIAKHERI,10
KARNA,10
MERAMANDOLI,10
MEENAPUR,10
JALPAIGURI,10
JALESAR ROAD,10
BAROG,10
BARKUR,10
BARKISALAIYA,10
SEMER KHEDI,10
SEHRAMAU,10
JAGGAMBHOTLA,10
JAGESHARGANJ,10
JAGDISHPUR,10
JAGAN NATHAP,10
UGRASENPUR,10
BIGHAPUR,10
CHANDI MANDI,10
MAYANOOR,10
MAVELIPALAIY,10
AIGAWAN,10
BUDDIREDDIPP,10
MARWAR MUNDW,10
SULEBHAVI,10
SULDHAL,10
SULAH HIMACH,10
PAMBAN,10
PAMBAKOVIL S,10
PALLIPPURAM,10
ISRANA HALT,10
ISLAMPUR,10
OSIYAN,10
ORR,10
OODLABARI,10
MAU AIMMA,10
KASHIPURA SA,10
MASNADIH,10
MASIT,10
KANDWAL,10
MUFTIGANJ,10
KANKI,10
BARPATHAR,10
MARAHRA,10
MANYAM KONDA,10
MANWAL,10
DODH,10
IRUGUR,10
IQBALPUR,10
INTEKANNE,10
PANCHGRAM,10
JAGADISPUR,10
JAGADALPUR,10
KATANGI,10
MASANI,10
DANDHERA,10
SUJATAPURAM,10
SUJANPUR,10
SHIMLA,10
SHELGAON HAL,10
JORHAT TOWN,10
NARAYANAPPAV,10
NARASINGAPAL,10
NARAINA VIHA,10
NARAINA,10
NARAIKKINAR,10
NARSIPURAM,10
JOGIWALA,10
ANANGUR,10
SIMEN CHAPAR,10
SIMBHOOLI,10
TALAKHAJURI,10
BEHTAGOKAL,10
INDALVAI,10
PANDU PINDAR,10
SATUNA,10
KATORA,10
MANNANUR,10
AJHAI,10
PANRUTI,10
PANPANA PH,10
AKKIHEBBALU,10
CHARAUD,10
CHAPPI,10
BELANDUR ROA,10
PALITANA,10
DANDKHORA,10
SATAR HALT,10
SASON,10
HINOTIA-PIPA,10
PARLI,10
BRAR SQUARE,10
BAMLA,10
MANKARAI,10
BARHAN JN.,10
KAURAH,10
HOLALKERE,10
HUMMA,10
HULKOTI,10
PARAKANHATTI,10
PARADGAON HA,10
AMBASSA,10
TALALA JN,10
SARLA,10
SARKHEJ,10
SARDARNAGAR,10
CHAUKI MAN,10
TOLAHUNSE,10
TODARPUR,10
BADDOWAL,10
BADARWAS,10
BADAMPUDI,10
PARASIA,10
SOLARI,10
DESUR,10
PARBATI,10
TRIKARPUR,10
CHARTRAPUR C,10
CHARGOLA,10
TIRUTTANGAL,10
ALIYAVADA,10
TALAIYUTHU,10
SARWARI,10
DONKINAVALAS,10
HILSA BLOCK,10
PASUR,10
PARVEZPUR,10
PARSAUNI,10
MANDRAK,10
MANDIDEEP,10
KENDRAPARA R,10
KEM,10
MANDASA ROAD,10
MANDALGARH,10
SAROJINI NAG,10
HASANPARTI R,10
HARSAULI,10
HARRI,10
PEHOWA ROAD,10
PEDDAMPET,10
PEDDA AVUTAP,10
PERGAON,10
HEELALIGE,10
PATILADAHA,10
VASTRAPUR,10
BRAHMANPALLI,10
BRAHMANA GUD,10
BOTAD JN (MG,10
VARNAMA,10
HATHRAS ROAD,10
TIRUVIDAIMAR,10
DELHI INDRAP,10
SONA ARJUNPU,10
DUDHIA KHURD,10
DUDAHI,10
SARAI KANSRA,10
SARAI,10
PEYANAPALLI,10
PERUGAMANI,10
KHAI PHEMEKI,10
BANARHAT,10
MALSIAN SHAH,10
MALLIYAM,10
MALLAPUR,10
PEOKOL  HALT,10
PENDEKALLU,10
PEMBARTI,10
PILAMEDU,10
HARHAR FATEH,10
HANUMANAHALL,10
SARDAR PATEL,10
SARBAHARA,10
MALAKHERA,10
MALAHAR,10
MALA,10
MAKUM JN.,10
HARPALU,10
TIRUNAGESVAR,10
CHAVAJ (BLOC,10
VENKATNAGAR,10
BORDOLANI,10
BORDI,10
BORDHAI,10
NAMRUP,10
MULAGUNNATHU,10
PIPAR ROAD J,10
HANAKERE,10
HAMIRA,10
HAMILTONGANJ,10
PILODA,10
SAONGI,10
SANTAMGALUR,10
HALDIBARI,10
SOMIDEVI PAL,10
DEO ROAD,10
VELDURTI,10
KHALTIPUR,10
MALDA COURT,10
PILIGHAT,10
BEVINAHALU,10
MAKRANDPUR,10
MAKARPURA,10
HALDIA BIHAR,10
BAHMNIWALA,10
UPPALAVAI,10
BIJAURIA,10
UPPALA,10
DHAULIMUHAN,10
DHARUR,10
JUNNORDEO,10
KACHHLA,10
KACHEWANI,10
KANJIA,10
KAIPADAR ROA,10
KAHILIA,10
ALNIYA,10
TIKANI,10
GURLA,10
AURANG NAGAR,10
KHIJADIYA JN,10
MAHARAJGANJ,10
KHARPOKHRA,10
KHARAK,10
MAJHAIRAN HI,10
VIJAYA NAGAR,10
VIJAPUR,10
BOMMASAMUDRA,10
CHEEKATEEGAL,10
BHURKUNDA,10
DULIAJAN,10
POTLAPADU,10
AMBIKAPUR,10
D.A.V.COLLEG,10
GUNDLAKAMMA,10
GUMTHAL,10
PUNCH PIPLIA,10
PURANDARPUR,10
GUNERU BAMOR,10
ARALVAYMOLI,10
ARALAGUPPE,10
HAGARI,10
POKLA,10
MAHTHA BAZAR,10
KHARSALIYA,10
MAHESRA,10
MAHESHA MUND,10
CHEPPAD,10
BARWA SAGAR,10
BARWA KALAN,10
MAGUDANCHAVA,10
RADHANPUR,10
RADHAGAON,10
BHADLI,10
GULARBHOJ,10
GUJHANDI,10
PUTALAPATTU,10
PUSAULI,10
GUMIA,10
GUMADA,10
MAHANANDA BR,10
SUCHAN KOTLI,10
BHILAVDI,10
DAUSNI,10
RAHATWAS,10
KHURMABAD RO,10
BHIWANI CITY,10
MAHADEVA  BU,10
MAHADEO KHED,10
MUKKALI HALT,10
MUKETASHWAR,10
MUHAMMADPUR,10
DHANDHUKA,10
SWAMI NARAYA,10
DALELNAGAR,10
NAMTIALI,10
ANEKAL ROAD,10
CAUVERY,10
MUNUMAKA,10
BASAI,10
RAJAPALAYAM,10
GORPHAR,10
RAISI,10
PURANPUR,10
THEH QALANDA,10
CHHIT MAKAND,10
CHHINWARA JN,10
RAGHUNATHPAL,10
RAGHAVAPURAM,10
MADUKARAI,10
KHURAHAT,10
BANI,10
MADARIHAT,10
MADAR JN,10
GOVINDPUR RO,10
RAIGIR  HALT,10
BHATIA,10
BHARWARI,10
DURGACHAK TO,10
RAMAN,10
RAMAGIRI,10
RAM CHAURA R,10
BHAGIRATHPUR,10
KHURIAL,10
VIRAPANDY RO,10
VIRANI ALUR,10
AHIRAULI (HA,10
BODHADI BUJR,10
BMY D CABIN,10
MABAN,10
THAKURTOLA P,10
THAKURKUCHI,10
LOK VIDYAPIT,10
LOISINGHA,10
KIRTINAGAR H,10
GOGI POTHIA,10
GOGAMUKH,10
GODAMGURA,10
THAKURBARI,10
AMARGARH,10
AMARAVILLA H,10
RAJGHAT NARO,10
THANESAR CIT,10
CHHULHA,10
LUSA,10
LOTHAL BHURK,10
LONAND,10
SUGAPAHARI H,10
KODI,10
KOCHEWAHI,10
LEHRA F,10
GIRDIH,10
RAMNAGAR(J-K,10
RAMKOLA,10
GOHPUR,10
RAOTI,10
RANJANI,10
LATHIDAD,10
KOLAR,10
GOLABAI,10
RAMAPURAM,10
SANKARANKOVI,10
SANJHA H,10
DAPPER,10
NADAPURAM RO,10
NABA GRAM KA,10
MUTTARASANAL,10
CHAK PAKHEWA,10
CHAK BANWALA,10
LANDAURA,10
KONCH,10
KOMATIPALLI,10
TAMKUHI ROAD,10
TALMADLA,10
GHAZIPUR GHA,10
RASIPURAM,10
TELAPROLU,10
TELAM,10
KIRIHARAPUR,10
LODI COLONY,10
TANDAVAPURA,10
KOLANUKONDA,10
KOKA,10
KOHAR SINGH,10
LAPANGA,10
MUNDIKOTA,10
MUNDERWA,10
MULMARORA,10
MULLURCARAI,10
NAKSALBARI,10
NAIKOT F,10
NAGRAKATA,10
BAJPATTI,10
KADIYAM,10
KADAYANALLUR,10
KALAYAT,10
REOTI,10
GAZULAPALLI,10
GAZOLE,10
GARUDABILLI,10
BISWAN,10
BISSAM  CUTT,10
VIRARAKKIYAM,10
VIRAPUR,10
LALAPET,10
BHAIRONGARH,10
RATIKHEDA,10
RATANPURA,10
GHORASAHAN,10
GHOGRAPAR,10
SANEH ROAD,10
EKANGAR SARA,10
TATIBAHAR,10
BANTHRA,10
KOREGAON,10
BANTANAHAL,10
RUKMAPUR,10
RORANWALA,10
GANI DHAM HA,10
BHANJPUR,10
RAYANAPADU,10
KORADACHERI,10
KONDAGUNTA,10
LAKODARA,10
LAKKITI,10
SRIVENKATESW,10
SRIPUR HALT,10
ELAMANUR,10
SIDDAMPALLI,10
SIBSAGAR TOW,10
KAMASAMUDRAM,10
LAHLI,10
KOTHGANGAD,10
GANDHIGRAM,10
BHANGA,10
TARSAI,10
CHODIALA,10
SALUR,10
ARGUL,10
TALLI SAIDA,10
ROMPALLE PH,10
CHINGAVANAM,10
CHIRMIRI,10
CHIRAILLA PA,10
RUPAMAU,10
RUNNIASAIDPU,10
GANGAJHARI,10
LAKHANWARA,10
LAJPAT NAGAR,10
CHABUA,10
ANAS,10
KALAMASSERI,10
NAGARI,10
CHAKKALI LAI,10
CHAKDAYALA,10
BASSI PATHAN,10
BAIKUNTHPUR,10
DHARANGAON,10
YELGUR,10
SIDULI (FLAG,10
KUNERU,10
TANGRA,10
BHOWRA BH,10
BHOPATPUR,10
CHOUTH-KA-BA,10
YERPEDU,10
VRINDABAN RO,10
KURGUNTA,10
BARABAR HALT,10
SAITHAL (HAL,10
SAINTALA,10
FEROZESHAH,10
SALIYAMANGAL,10
SALEM TOWN,10
WANABAR HALT,10
YELIYUR,10
BISRA,10
BISHRAMPUR,10
BISHNATH GAN,10
BISALPUR,10
VRINDAVAN,10
KALLURU,10
KALLAYI,10
MURUKKAMPUZH,10
MURKEONG SEL,10
MURI BAHAL,10
SILAWAR,10
SILAPATHAR,10
AJIT GILL MA,10
KALIJAI,10
KALCHINI,10
KUNDARA EAST,10
CHAMUA F,9
RAVIKAMPADU,9
GHORPURI,9
CHAUKHANDI,9
PICHCHANDAR,9
VAVADI KHURD,9
AJIT,9
BELKHEDA,9
BOHANI,9
VELANKANNI,9
MAHIPAL  HAL,9
TISUA,9
SAJUMA,9
KUMARANALLUR,9
VELLALCHERUV,9
AHIMANPUR,9
PARTABPURA,9
GUMTALI,9
UTARLAI,9
GUNJI,9
PENNADAM,9
BIRAHALLI,9
BOWAICHANDI,9
KHUSHAL NAGA,9
PATEL HALT,9
GAUR,9
MADHA,9
ATRAURA (HAL,9
PANJIPARA,9
GURLI RAMGAR,9
ROHIRA GHALL,9
GURRA,9
GURTHURI,9
ARAUL MAKANP,9
BARAL,9
PINDARSI HAL,9
FATEHABAD JN,9
RASUIYA,9
BHADAN,9
VALADI,9
SAMARALA HAL,9
GAJSINGHPUR,9
BERUGRAM,9
UNKAL,9
TIRUMATHIKKU,9
IKKAR HALT,9
BIKRAMPUR,9
QUTABPUR,9
GULABGANJ,9
BILDI,9
GOPINATHPUR,9
HARPUR BOCHA,9
CHAREWAN HAL,9
RAMNAGAR (BE,9
GURAMKHEDI,9
MAHESHRI SAN,9
KOYILVENNI H,9
KISTAMASETTI,9
KUSMHI,9
MADHI,9
DUSI,9
ROUTHPURAM H,9
BILLI,9
KHUMBARAJ,9
UTTAMARKOVIL,9
GRAM MASAGRA,9
GRAMDADPUR,9
RAINAGAR PH,9
ULLAL,9
RAJA TALAB,9
GUDUPALLI,9
BETUR PH,9
FAKHRABAD HA,9
SAIDABAD,9
FAQARSAR,9
INDAS PH,9
PATTI RAJPUR,9
BARDOLI,9
TUTIMELUR,9
PATHRI,9
HARDATTPUR F,9
GUIR SARANG,9
TUWA,9
PATRASAYER P,9
PIRTHALA LAL,9
MALHARGARH,9
RAI SINGH NA,9
GEONG  HALT,9
MANANWALA,9
KENDUAPADA,9
TIMBA ROAD J,9
KESRI SINGHP,9
DUNDARA,9
JAGATBELA,9
PALLIKERI HA,9
BADHAI BALAM,9
DUDIA,9
MANGALMAUDI,9
MANGULI CHOW,9
ALMAW (HALT),9
DULAKHAPATNA,9
SARAI JAGDIS,9
TIK,9
SARANGPUR,9
THASRA,9
KAZIPARA HAL,9
PACHPERWA,9
JAITSAR,9
PABNAWAJAS M,9
TETTU,9
KATKA,9
CHILKAHAR,9
JALPUR  HALT,9
BAUDPUR,9
SATLANA,9
SAVAR KUNDLA,9
BARNAGAR,9
MATHNANHIPUR,9
JANGIGANJ,9
SEHARA BAZAR,9
SETTIHALLI,9
SEVALIYA,9
BHAUPUR,9
JERUWAKHERA,9
NIGATPUR F,9
DADHDEVI,9
DHULKOT,9
SHANKRUL PH,9
DHODHAR,9
JETHA HALT,9
JHABELWALI,9
DHILWAN,9
DHARMINIYA,9
BATALA SUGAR,9
DALAUDA,9
DHASA,9
ANGADI,9
SHRI KARANPU,9
SHRI MADHOPU,9
MIRCHADHORHI,9
NAVALUR,9
KARAKBEL,9
MIYON KA BAR,9
NAVADE ROAD,9
SHYAMSUNDAR,9
DALIGANJ JN,9
KAPALI ROAD,9
KAPSETHI,9
SIDHWAN,9
BHERAGHAT,9
BAHAWAL BASI,9
BAHERWA (HAL,9
KANWALPURA,9
SUNEHTI KHAR,9
SURA NUSSI,9
NARIAOLI,9
MORWANI,9
DHANGARIA PH,9
DHANSIMLA PH,9
BAHMAN DIWAN,9
MOTIHARI COU,9
KACHHWA ROAD,9
SINDRI B.H,9
DARAGANJ,9
DASNA,9
KAIKORAM,9
KAIYAR PH,9
BHITI,9
SONTALAI,9
DENDULURU,9
KALISEN PH,9
NAGANAHALLI,9
BHAGSAR,9
KUMRUI PH,9
BIRBANS,9
DEVALGANAUCH,9
AMMAPET,9
LAKHMAPUR,8
KOSGI,8
KOSIARA,8
KOTAKADRA HA,8
KOTLA GUJRAN,8
GHOSI,8
ATELI,8
ATRAULI ROAD,8
ATTABIRA,8
GUDIMETTA HA,8
GHUSIA HALT,8
LAKHNA,8
BANSI PAHARP,8
BARAIGRAM JN,8
BARAMATI,8
RANTHAMBHOR,8
RAGAUL,8
RAGHUNATHGAR,8
GHORGHAT HAL,8
RATANGARH KA,8
RATAR CHHATT,8
RATI-KA-NAGL,8
GHATPINDRAI,8
GHATPURI,8
GULAOTHI,8
GUNTAKODURU,8
GUNUPUR,8
PUNIYAVANT,8
LAKHTAR,8
LAKSHMIGANJ,8
LAKSHMIPUR B,8
KOPAGANJ HAL,8
VEPAGUNTA,8
VERAVAL MG,8
VERNA,8
BOKARO THERM,8
VELLANUR,8
VELLARAKKAD,8
VELLAYIL HAL,8
VELLORE TOWN,8
BORHAT,8
LALAURI KHER,8
LALPUR,8
LALPUR UMRIL,8
KOLARAS,8
KOLLIDAM,8
BANWALI,8
PURNEA COURT,8
GULLIPADU,8
GULMA,8
BHALOJALA  H,8
RAVANASAMUDR,8
ARUR H.,8
BRAMHPURI,8
VAYALAR,8
VAZEER PUR,8
VELI H.,8
LALRU,8
VELIPPALAIYA,8
ASARANADA,8
GUNDARDEHI,8
RAYA,8
LATABOR,8
LATHI,8
LEDO,8
GHATAMPUR,8
AULENDA,8
GURPA,8
PRANPUR ROAD,8
PRASADPUR (H,8
PRASANNAYANA,8
PRATAP NAGAR,8
PRITAMNAGAR,8
PUDI,8
GHATNANDUR,8
REGUPALEM,8
RENTIYA,8
GAURIPUR,8
LEHRA MUHABB,8
LIDHORA,8
LILABARI,8
KIZHA AMBUR,8
KIZHA PULIYU,8
KIZHVELUR,8
GAUTAMPURA R,8
PONPADI,8
POTHIA,8
BEWAR BHOJAN,8
POLIREDDIPAL,8
KODAVALURU,8
LINGANENIDOD,8
LOHARDAGA  B,8
HADIAYA,8
HADMATIYA,8
HADYAL,8
HAFIZPUR,8
PIRJHALAR,8
PISKA FS,8
GHAGGHAR,8
GHAGHARA GHA,8
RENWAL,8
RICHHA ROAD,8
RICHUGHUTA,8
RIGA,8
RISAMA,8
GAUCHHARI,8
KIRMITI MEND,8
BANMORE,8
VALAPPADI GA,8
VALATHOOR,8
VALLAMPADUGA,8
GAURI SHRI R,8
RISHIKUND,8
HANSDIHA,8
PINDIAL,8
VALANTARAVAI,8
LOKUR,8
LOLIEM,8
LOTANA,8
BARAW MORE,8
BARAWAHA,8
PINDKEPAR HA,8
HAMSAVARAM,8
GARLADINNE,8
GANJ  KHWAJA,8
GANKHERA HAL,8
GANGAGARH (H,8
VADAL,8
VADHVANA,8
BARBIL,8
BARDA,8
LOVEDALE,8
LUN RICHHA,8
LUSHALA,8
KHURJA CITY,8
HARDORAWAL,8
HARDUAGANJ,8
AZARA,8
AZHWARKURUCH,8
B G NAGAR,8
PILOL,8
GANGARAMPUR,8
GANGINENI,8
AKELA HANSPU,8
URLAM,8
USRA,8
BUTI BORI JN,8
KILAKADAIYAM,8
MADHADA,8
RUNIJA,8
BHANDEWADI H,8
GAMBHIR ROAD,8
BERMO,8
AWASANI,8
AYODHYAPATTI,8
Rudrapur Sid,8
SABALGARH,8
AKATHAMURI,8
CHAKSAFAURA,8
BANGI NIHAL,8
CHAF HALT,8
CHAINPUR,8
ARUN NAGAR H,8
HARPALGANJ,8
PERUNGUZHI,8
PETTAI,8
BERIA DAULAT,8
CHALAMA,8
BIJOOR,8
KHUNKHUNA,8
BANKA,8
MADWAS GRAM,8
KHODSEONI,8
AJNOD,8
GALGALIA,8
BHANDAI,8
HASANBAZAR H,8
PEN,8
PAYLI,8
UMRED,8
CHALSA,8
CHAMAGRAM,8
KHORANA,8
UNCHDIH,8
PEDAPARIYA,8
PEDDAKURA PA,8
BHANDARIDAH,8
SAGARAJAMBAG,8
SAGARAKATTE,8
SAHAJIPUR HA,8
GAHNDRAN HAL,8
GAHRI BHAGI,8
HELEM,8
PATTI,8
PATUWAS MEHR,8
PAUWARA  HAL,8
PAVI,8
PAVURCHATRAM,8
PAWAI BROHMA,8
CHANCHELAV,8
BANDAR PH,8
BANDH BARETH,8
KHERI SALWA,8
HAZRATNAGAR,8
HEBSUR,8
HEGGERE,8
HEHEGARA HAL,8
GAINJAHWA,8
GAINSARI JN,8
GAIPURA,8
BIGGA,8
BIGGABAS RAM,8
BANGALBAREE,8
ULINDAKONDA,8
SAHJHA HALT,8
HIMMATPURA,8
HINDUMALKOTE,8
PATHAULI,8
PATRANGA,8
GADHWALA,8
UDAYPUR KHUR,8
UDHAGAMANDAL,8
MAHISADAL,8
MAHISHADAHAR,8
MAHIYARPUR,8
MAHKEPAR ROA,8
KHATIPURA,8
KHEDULI,8
KHEM KARAN,8
UDUMALAIPPET,8
UDWANT NAGAR,8
MAHULI HALT,8
MAIBANG,8
MAIJAPUR,8
MAILARAM,8
MAINPURI,8
TURTIPAR F,8
UCHIPPULI,8
UDALKACHHAR,8
SAIDPUR JALA,8
SAJHAULI HAL,8
PATAM,8
HENDEGIR,8
HIMGIR,8
FATEHGARH CH,8
FATUHI,8
TUMSAR TOWN,8
TUREKALA ROA,8
CHANDLODIYA(,8
MAITHA,8
KHARIAPIPRA,8
KHARIK,8
MAHUAMILAN,8
BENDI,8
PARSENDI,8
PARSNEU,8
PASALAPUDI,8
PATAL PANI,8
ALAL,8
MAJITHA,8
TUMBOLI H.,8
TUMMALACHERU,8
SALGARE,8
FARAH TOWN,8
HIRNODA,8
BENISAR,8
HIRANGAON,8
HIRDAGARH,8
HIRDAMALI,8
ARAVANKADU,8
ARCHIPATHAR,8
ETTAPUR ROAD,8
EZHUPUNNA,8
CHAPRAKATA,8
KHANODIH,8
MAKKHANPUR,8
MALADGAON,8
CHAPRAWAT HA,8
TUGGALI,8
BHANOHAD PUN,8
ELATTUR,8
ELIMALA,8
HOMBAL,8
HOSA AGRAHAR,8
PARAS,8
BADABANDHA R,8
BADANAGUPPE,8
TIRUVIZHA,8
TITABAR,8
TITUR,8
TOKISUD,8
CHARPOKHARI,8
MALANPUR,8
BARHAJ BAZAR,8
TOTEWAHI HAL,8
ETTAKKOT,8
SAMBAHAL HAT,8
SAMPIGE ROAD,8
PAPATAPALLI,8
PARADOL,8
MALKAPUR ROA,8
MALLAN NAGAR,8
KHAIRATIYA B,8
ALEWAHI,8
ALINDRA ROAD,8
IB,8
IDALHOND H,8
IKLEHRA,8
EDAVAI,8
EDDULADODDI,8
SANAWAD,8
SANDAI (HALT,8
SANGAR,8
DUPADU,8
MALLASANDRA,8
MALLIYALA,8
CHAYGAON,8
CHEDHABANNI,8
DURGACHAK,8
DURGADA GATE,8
PANJ-KOSI,8
BELA TAL,8
BELAGULA,8
BHARWA-SUMER,8
SANGAT,8
SANICHARA,8
TIRODI,8
TIRUMAIYAM,8
CHAURADANO,8
CHAUTARA,8
BANAR,8
BANASANKARI,8
KETOSAN ROAD,8
KETTI,8
KHADUR  SAHI,8
KHAIRADIH HA,8
SANJOY GRAM,8
SANKHEDA BAH,8
IRAVIPURAM H,8
IRINGAL HALT,8
PANCHPATIA D,8
PANDRASALI,8
BHUPIA MAU,8
BHUYAR,8
CHEMANCHERI,8
CHENNRAYAPAT,8
MANAKSAR,8
RAMDAS,8
ZANGALAPALLE,8
KENDUJHAR,8
KERAKAT (HAL,8
TINPHERIA (H,8
ITKY PH,8
BELASAR  HAL,8
INTIYATHOK,8
APTA,8
ARAG,8
DUMARIYA,8
ADAPUR,8
KESHABPUR,8
ZINDPURA (HA,8
MANDAPAM CAM,8
KEERANUR,8
TINICH,8
TINNAPATTI,8
YELLAKARU,8
JAGANNATH TE,8
YENUGONDA HA,8
PALIA,8
PALIGARH (HA,8
BINDUBASINI,8
ISARDA,8
ISARWARA,8
PALATPOTARAM,8
ADAVALI,8
CHETAR,8
CHHADA,8
KELANPUR,8
KELZHAR,8
KEMPALSAD HA,8
KENDPOSI,8
KENDRI,8
MANDIR HASAU,8
CHHAN ARORIA,8
AMALPUR,8
BADODAR,8
JABUGAM,8
DUNDLOD MUKA,8
SANTALPUR,8
DUDHWAKHARA,8
ADHIKARI,8
ADIHALLI,8
MANGLI HALT,8
MANGLIYAGAON,8
GOLAKGANJ,8
TIKKOTTI,8
TIKRI HALT,8
YEOLA,8
CHERANMAHADE,8
KUMARAMANGAL,8
SAPEKHATI,8
SARAI BHOPAT,8
SARAI CHANDI,8
KUHI,8
SARAIGRAM,8
PALACHAURI,8
MANIHARI,8
MANIKGARH JN,8
THONGANUR H,8
THURIA,8
THUWAVI,8
KULALI,8
PADUBIDRI,8
PADUGUPADU,8
PAHALEJA,8
PAHARA,8
PAINTEPUR F,8
DUDHNOI,8
WELLINGTON,8
SARAYAN,8
SARJU,8
CHICHOLIBUZU,8
CHIGICHERIA,8
WEST HILL,8
GOLEHWALA,8
MANIYAN,8
MANJHI F,8
MANJUR GADI,8
KAUWAPUR,8
KAVALANDE,8
MANI HALT,8
SARKARA,8
WADWALNAGNAT,8
BIRADHWAL,8
JAJIWAL,8
DOKWA,8
AMB  ANDAURA,8
TEZNARAYANPU,8
CHHOTA UDEPU,8
CHHOTI ODAI,8
CHHUCHHAPURA,8
CHICHOLI,8
BARHARAGANJ,8
BAMANGRAM,8
BAMHANI,8
BAMIANA,8
BAMUNIGAON,8
DOMINGARH,8
DONGRIBUZURG,8
ORE HALT,8
ORGA,8
OSRA,8
BIRAMBAD,8
TEMPA,8
KUNDHELA,8
AMARGOL,8
MANPUR NAGAR,8
MANSHAHI,8
KUNDLI,8
KATPHAL,8
KUNDWA CHAIN,8
KUNIGAL,8
BAGHMARA HAL,8
ODUR,8
OMKARESHWAR,8
DORAVARICHAT,8
SASAMUSA,8
SASNI,8
SATBAHINI,8
DIYODAR,8
DIYURI  HALT,8
DODDAMPATTI,8
MANWALA KOT,8
MARAM PALLI,8
MARAUDA,8
KATH KUIYAN,8
CHINNADAGUDI,8
CHINTA KANI,8
DOHRIGHAT,8
BAGAHA BISHN,8
JALALPUR,8
JALALPUR-DHA,8
JALILA ROAD,8
Nelamangala,8
TATI CHERLA,8
TEJGADH,8
CHIRAWA,8
KATHALPUKHUR,8
KAUKUNTLA,8
KAULI,8
OBULAVARIPAL,8
JALSU,8
JALSU NANAK,8
JAMA,8
KUNNATHUR HA,8
JAMIRA HALT,8
JAMIRGHATA,8
NONAR HALT,8
TANGRABASULI,8
TAPPA KHAJUR,8
CHORAL,8
TARGAON,8
TARIASUJAN,8
SATISH SAMAN,8
GOHAD ROAD H,8
SATRAON F,8
SATTIRAKKUDI,8
ASLANA,8
SAWALGI,8
BHAWANIPUR K,8
DINHATA,8
DINHATA COLL,8
DIPA,8
NOGANWAN,8
NONAPAR F,8
JAMGA,8
TALODI,8
BARLAI,8
ASLU,8
MASUR,8
MATAUNDH,8
MATHELA,8
MATHIA BARGH,8
ASNOTI,8
JAMUNAMUKH,8
JANAKINAGAR,8
ATAMANDA,8
NITTUR,8
ANUPGARH,8
GORAKHNATH,8
SEKHA,8
BALLUPUR FLA,8
BALOD,8
BALRAI,8
KASIM KOTA,8
KASU,8
KASU BEGU,8
CHURARU TAKA,8
SEMRAON,8
SENDRA,8
JARAIKELA,8
RAJOLI,8
BHADWA PARA,8
DILLIDEWANGA,8
AGORI KHAS,8
VISAVADAR,8
NIDIGALU,8
NIDUR,8
BISANATTAM,8
JATH ROAD,8
DIGBOI,8
DIGHORI BUZU,8
DAGMAGPUR,8
COOCH BEHAR,8
COONOOR,8
TALCHHAPAR,8
TALGUPPA,8
CHOWKA GHAT,8
BALURGHAT,8
MAVINKERE,8
KARTAULI (HA,8
KARUPPUR,8
KASGANJ CITY,8
MAYAR,8
AMBASAMUDRAM,8
AMBIAPUR,8
DABHOI JN.,8
BARA GUDHA,8
DAGHORA,8
DHUBRI,8
BARABHATI,8
DIBAI,8
DIBNAPUR  HA,8
NEYAMATPUR H,8
JEKOT,8
KURETHA,8
SHAPUR,8
KURHANI,8
DHOLIPAL,8
NEW MADANPUR,8
KURIKAD,8
KOTTAIYUR,8
SHEIKHUPUR,8
MELPATTI,8
MENDU (HALT),8
MERALGRAM,8
KARONJI,8
KARWANDIYA,8
KASEETAR,8
SHEOPRASAD N,8
SHERGARH,8
SHIRSAI,8
DHENGLI PIMP,8
BISLAWASKALA,8
BAGHORA,8
BAGRAKOT,8
T.SAKIBANDA,8
TADUKU,8
TAIABPUR,8
BHIWAPUR,8
BHOGPUR SIRW,8
METTUR,8
BALAWALI,8
KAREPUR HALT,8
KARGAON HALT,8
TAKIA,8
DHIRERA,8
WADEGAON,8
BASTOI (HALT,8
BASUKINATH,8
BASULYA SUTA,8
GOND UMRI,8
DHARODI,8
BHONGAON,8
DALADI,8
KARKATTA,8
BALLI,8
MHASOBA DONG,8
MIGHAUNA (HA,8
KARAPGAON,8
GONDA KACHAH,8
GONGALI,8
DHASA JN (MG,8
SHRAVANABELA,8
ATARI JN,8
JIADHAL,8
JIGNA,8
NAYA NANGAL,8
JHALWARA,8
RAMNA,8
GIANI ZAIL S,8
KARCHHUE HAL,8
MINDALA,8
BLGANUR,8
MIRHAKUR,8
KARAIKKURICH,8
SUSKAL,8
SHRIGONDA RO,8
JITE,8
KUSHALPURA,8
NAWALGARH,8
NAWANDGI,8
JHINGURA,8
JHITKIA,8
JHUNJUNU,8
SURAJGARH,8
SURAJPUR ROA,8
AMILA (HALT),8
BMY A CABIN,8
MITEWANI PH,8
GIRWAR,8
KARCHANA,8
NAUGANWAN,8
NAULTHA,8
RAMSINGHPUR,8
DHARMADAM HA,8
SHRISARADANA,8
RANA BORDI,8
SIAJULI,8
SIDHARI (HAL,8
RANCHI ROAD,8
DALIMGAON,8
DALLI-RAJHAR,8
DAM DIM,8
MOHDARA HALT,8
RANGAREDDIGU,8
KAPPIL,8
KAPREN,8
RAJA BHAT KH,8
GUGALWA KIRT,8
SIGSIGI,8
SIKOSA,8
BHEERPUR,8
VIRAVANALLUR,8
JOGIGHOPA,8
KUSUGAL,8
KUSUMKASA,8
SUMRERI,8
SUNDERABAD,8
KARAI MADAI,8
MOKHOLI,8
MOLIROAD,8
KOTARLIA,8
BARSALI,8
SUNDHIA MAU,8
KOTGAON HALT,8
VISAPUR,8
BHETAGURI,8
SILIGURI TOW,8
NARDANA,8
BISUGIR SHAR,8
NARKATIA BAZ,8
NARKOPI FS,8
MORIDHAL,8
BITHAULI F,8
NARAJ MARATH,8
NARANGI,8
NARASAMBUDHI,8
JOJWA,8
JONEKARANG H,8
AMRITHAPURA,8
ANANDATANDAV,8
DHANG,8
BITROI,8
DHANIACHHA,8
RAHEN BATA,8
BAIJNATHPUR,8
BAIKUNTH,8
NANNILAM,8
JUNETA,8
RAHIMATPUR,8
SUKHCHAIN,8
SUKINDA ROAD,8
SUKLI,8
DANISHPET,8
RAHURI,8
KANNUR SOUTH,8
KANSUDHI,8
KANTAKOSH HA,8
KACHHLA BRID,8
RAI MAIHATPU,8
KACHNA,8
ANANTAPURAM,8
SINDEWAHI,8
SINDHAR,8
SINDHAVADER,8
GOTLAM,8
SUBANSIRI,8
SUBHAGPUR,8
SUBRAHMANYA,8
SUDIYUR,8
GOUR MALDA,8
BAKROL,8
KANIYAPURAM,8
SUI,8
SINGANALLUR,8
SINGARPUR,8
KADUTURUTTY,8
KAGANKARAI,8
SIPAYA (HALT,8
DARRITOLA,8
DASAMPATTI,8
GHORMARA,8
MUDLANA,8
MUGLOLLI,8
KANDARPUR,8
KANDEL ROAD,8
KANDHARAN HA,8
KANG KHURD,8
DHAKIA TIWAR,8
DHAMTAN SAHI,8
DHANA KHERLI,8
KOTLI KALAN,8
NAKACHARI,8
LADDA,8
BASI KIRATPU,8
BASSI,8
SIRIPURAM,8
SIRSALA  HAL,8
SIRSI MUKHDU,8
SIRSUPHAL,8
SISAI GULAB,8
DAUD KHAN,8
BHIMNATH,8
MUKHTRIARA B,8
MULACALA CHE,8
KANANUR,8
BODELI,8
SRI VIJAINAG,8
SRIPANI,8
SONEKHPUR HA,8
SONI,8
BOGINADI,8
KANCHAUSI,8
MULEWAL KHAI,8
KANAD,8
SISARKA,8
SISIBORGAON,8
KAKRAHA REST,8
KAKRI GUMA,8
KALA KUND,8
BAJEKHAN HAL,8
BAJRANJGARH,8
NAGIREDDIPAL,8
NAGJUA FS,8
NAGLA TULA,8
NAGOTHANE,8
NAGPUR ROAD,8
SOMTANE,8
SONAGIR,8
SONAI,8
BHILUPUR,8
MURADPUR (HA,8
SITALNAGAR,8
SITAMPET HAL,8
DEWALGAON,8
DEWAN HAT,8
DHABAN,8
NAGARIA SADA,8
NAGBHIR JN.,8
BAIRI HALT,8
BAITALPUR,8
BAJALTA,8
BOGOLU,8
DEORAHA BABA,8
DEORANIAN,8
DERABABA NAN,8
BAKHRI,8
KAMALPUR,8
DHACHNA,8
SIVOK,8
SIWAITH,8
KALIKIRI,8
VIKRAVANDI,8
VILAVADE,8
NAGAR,8
KALLIDAIKURU,8
KALLIGUDI,8
YEDIYYURU,8
GOBERWAHI,8
VIRA VALLI H,8
BHAGTANWALA,8
RAM DAYALU N,8
RAMA CHANDRA,8
RAMAIPUR (HA,8
GOINDWAL SAH,8
KUMARIPUR HA,8
KUMENDI,8
AGSAULI,8
KUAKHERA HAL,8
AHALYAPUR F,8
BIROHE,8
WANGAPALLI,8
WANI,8
MUTHANI,8
KALAVUR H.,8
LAIMEKURI,8
SOBHAPUR,8
SOMANUR,8
SOMESAR,8
KALWAN HALT,8
KALYANKOT  H,8
KAMALNAGAR,8
MURSAN,8
MURTHIPALAYA,8
MURTI HALT,8
KALLAKKUDI-P,8
KALLAL,8
LAKHABAVAL,8
DEMU,8
SEVUR,7
CHHARODI,7
SATYAVADA HA,7
MUNDA GOPAL,7
NEW GARH MAD,7
SURLA ROAD,7
DAUN KALAN,7
JASODA,7
JAGJVAN HALT,7
DHINDSA,7
RAKHITPUR,7
BAHORA CHAND,7
JALALPUR-PAN,7
BATUVA. P.H.,7
RAMESHWAR NA,7
KANNAUJ CITY,7
YAQUTGANJ (H,7
MIRTHAL,7
MATHABHANGA,7
SHERGANJ (HA,7
SRI JHADESHW,7
CHERAGRAM BH,7
SIRSAUL,7
JHEJHAR,7
KARUVATTA H.,7
SIKKAL,7
SIHAPAR (HAL,7
ANDANAPETTAI,7
TALAMANCHI,7
DHAURSALAR H,7
NAGANSUR,7
JAKHVADA,7
KALHAR,7
DESHAPRAN PH,7
CHHAYAPURI,7
NAMLI,7
PALAKKODU,7
BARITHEN GAR,7
MARIAMMN KOV,7
DHANA LADANP,7
INGUR,7
BAYYAVARAM,7
MANDHANA JN,7
CHINCHPADA,7
BAKHOTI KHAS,7
JHADUPUDI,7
ARAKKONAM NO,7
NELLIMARLA,7
SUMMA DEVI,7
MOHAN NAGAR,7
SULUR ROAD,7
SULHANI,7
PADMAPUKUR,7
NANDHAKUMARP,7
TILATI,7
KARAKAD,7
ANTAH,7
SHANKERPUR,7
SINGHIRAMPUR,7
SHIVNAGAR,7
AMBLI ROAD,7
BARUVA,7
MANI MAU,7
KANKOT,7
JENAPUR,7
KAURARA,7
JORKIAN,7
NIDAGHATTA H,7
SILAO,7
JADARAMA KUN,7
IRGAON P.H.,7
SANK,7
TIRUMALAIRAY,7
CHAWAPAIL,7
MALLAPA GATE,7
BARGARH,7
SANAHWAL,7
HUNSIHADGIL,7
KHAIRAR JN.,7
MALIKPUR (HA,7
CHAUBEPUR,7
PARANGIPPETT,7
TOTIYAPALAIY,7
PARAO MAHNA,7
ARGORA  PH,7
TULJAPUR,7
ARELI (HALT),7
HIRNAWALI,7
KHANDBARA,7
TULSI ASHRAR,7
BENIPATTI PI,7
SALAMATPUR,7
SALAIA,7
FATEHGARH HA,7
FATEH SINGHW,7
MAHRAULI,7
FUNGO HALT,7
SAIDANWALA,7
UKAI SONGHAD,7
MAHENDRAVADI,7
KHIRASDOH JN,7
BABLAD,7
BANDARUPALLE,7
CHANDAGIRI K,7
BABUPUR (HAL,7
HARPUR NAG,7
CHALTHAN,7
HARIPUR,7
BHANAPUR,7
AKASHI  PH,7
HARIDAS PUR,7
PERUNDURAI,7
KHUDLAPUR F,7
KHUDAGANJ,7
MADHOPUR PUN,7
BYREE,7
GANGIWARA,7
GANGAIKONDAN,7
KHURHAND,7
UTRI PURA,7
GANGWA PUR (,7
BUGLANWALI,7
PIPLI PAKHI,7
RITHI,7
GAUDGAON,7
HADDINGAUNDU,7
AISHBAGH,7
VANJIPALAIYA,7
BUDHSINGHWAL,7
GAUTAM STHAN,7
LILIYA MOTA,7
AUNG,7
GHAL KALAN,7
BOROTI,7
AJHARAIL,7
BRAHMANI,7
VELPURU HALT,7
LAKSHMINARAY,7
PURWA KHERA,7
VIJAYAMANGAL,7
BANSDIH ROAD,7
LAKHOLI,7
KOTLA,7
KOTTUR HALT,7
GINIGERA,7
GOP JAM,7
RAJAPUR HALT,7
VISHRAMBAG,7
GOLANTHRA,7
MUSHARWA   H,7
KUDIKADU,7
KUDALNAGAR,7
NAKKANADODDI,6
NAHARLAGUN,6
KAILI,6
KAILARAS,6
KAHANGARH HA,6
NAMANASAMUDR,6
NALOI BARWA,6
NALKATA,6
DHAMTARI,6
DHAMNI HALT,6
DHALAIBI,6
KANDRORI,6
MUGAD,6
MUDIGUBBA,6
MOWAD,6
KANNAMANGALA,6
DATEWAS,6
SRIRAMPURAM,6
SINGRA,6
NANDIKOOR,6
NANDAPUR,6
NANA,6
KADABARI HAT,6
SINGHPOKHARI,6
SINGARAM,6
SINDURWA,6
SINDRI TOWN,6
KANIYAMBADI,6
BALABHADRAPU,6
BAKULHA,6
MOTUMARI JN.,6
DANTIA,6
DANSI PH,6
SUCHIPIND HA,6
SINDRI MARSH,6
KACHERA,6
KABRAI,6
JUTOGH,6
BAIHATA,6
BAIGUDA,6
BAHRAM,6
KANSIYA NES,6
KANNJARA HAL,6
DANGTAL,6
DANGIDAHAR,6
DANEA,6
DANDU GOPALA,6
DANDI MAL,6
JUNG BAHADUR,6
JUNAGARH ROA,6
JUMNAL,6
JULMI,6
NARA HALT,6
NAOJAN,6
NANOGAON ROA,6
BAIKUNTH WES,6
DHANARI,6
AMTA,6
JORANDA ROAD,6
JORAI,6
JORA ALAPUR,6
NARASINGANPE,6
NARANJIPUR,6
JUNONA HALT,6
SUMMIT,6
SUMMER HILL,6
SUMAOLI,6
DANIYAWAN FL,6
MORSHI,6
MORI BERA,6
MORDAD TANDA,6
MORAIYA,6
MORA,6
MONABARI,6
BARUA BAMUNG,6
JODHKA,6
NARINDARPURA,6
SILLAKKUDI,6
SILANIBARI,6
SILAIMAN,6
SILA KHERI,6
SIKRODA KWAN,6
BHESLANA,6
SUPRAKANDI,6
SUNMAI HALT,6
BARSI TAKLI,6
KANWAT,6
MOLAKALMURU,6
MOHITNAGAR,6
NATHDWARA,6
NARTHAR (HAL,6
JOGIMAGRA,6
JOGESWAR BIH,6
JOGENDRA NAG,6
SIKRIPAI,6
KAOTHA,6
BARUD,6
MOHARI,6
MOHANUR,6
MOHANPURA HA,6
MOHANPUR,6
DALPATPUR,6
SHYAMPURA,6
SHYAMA CHARA,6
SHUKARULLAHP,6
DHARI,6
DHAREWADA,6
JIRINIA,6
JIGNI KHAS (,6
NAVALGOAN,6
MOHADI PRAGA,6
MIYANA,6
SURATPURA JN,6
AMJONGA,6
AMDI,6
SURAJKUNDA,6
NATHWANA,6
JHINKPANI,6
JHILO,6
NAYA BHAGIRA,6
NAWASHAHR DO,6
DHARAMTUL,6
DHARAMPUR  H,6
SHRI-KSHETRA,6
SURJAKAMAL,6
SURGAON BANJ,6
SURER,6
MIRZAPUR BAC,6
MIRZA,6
MINNAMPALLI,6
MINDHA,6
KARCHHA,6
SHRI GHASI N,6
SHRI AMIRGAD,6
DHAURMUI JAG,6
SWARUPGANJ,6
KARANPURA,6
MIHRAWAN,6
MEWA NAWADA,6
KARJODA,6
KARIHA HALT,6
DAL CHAPRA F,6
DAKSHINBARI,6
NETAWAL,6
NEPALGANJ RO,6
NELLIKUPPAM,6
JHANKAD SARA,6
SHIVPURA,6
SHIVNISHIVAP,6
DHIRGANJ,6
TAJPUR,6
KARHIYA BHAD,6
BALLALPURE,6
KARSINDHU HA,6
DAILWARA,6
DAHEGAON,6
NEW GITALDAH,6
BAGWALI,6
BAGWADA,6
DHIGAWARA,6
SHIRUD,6
SHERPUR,6
KASBE SUKENE,6
KARMAHAT,6
KARKEND PH,6
METHAI F,6
MELUSAR,6
TALAIVASAL,6
TALABURU,6
TAKLIMIYA HA,6
TAKLI,6
JHALUARBAR,6
JHALAWAR CIT,6
JETHUKE,6
JETHI,6
JETALVAD,6
DHOLI (BHAL),6
SHANKAPUR HA,6
JAWALI,6
SHAKARNAGAR,6
DHURANA,6
DHUPDHARA,6
DHULE,6
DHUANKHEDI,6
SEWAR,6
DABOLIM H,6
DABLI RATHAN,6
DABLA,6
TALANALLUR,6
MELPATTAMBAK,6
MELNARIYAPPA,6
KASHINAGAR P,6
KASHIABARI,6
KARUKHIRHARN,6
MAVAL,6
KATA ROAD,6
CHUCHELA KAL,6
CLUTTERBUCKG,6
CINNAMARA,6
DIGSAR,6
DIDARGANJ RO,6
JAULKA HALT,6
NILAMBAZAR,6
BHAWANIPATNA,6
BHAVANI NAGA,6
SERNDANUR,6
JARANGDIH,6
JARANDESHWAR,6
NIMSHIRGAON,6
NIMKANA,6
NIMIAGHAT,6
NIMBHORA,6
JAWAHAR NAGA,6
SENDURAI,6
SENCHOA JN,6
SENAPURA,6
TALNI,6
CHUREB,6
KASTURI (HAL,6
KASTLA-KASMA,6
KASHTI,6
BALSAMAND,6
MATMARI,6
MATLABPUR,6
MATHUR,6
SELOO ROAD,6
SEHAL HALT,6
NIZ-SARIHA,6
NIWAS ROAD,6
NIPANI VADGA,6
JAMUNIATANR,6
JASIA  HALT,6
JASHAPUR,6
BHUDA,6
MATATILA,6
MASARAHALLI,6
MASANIWALA,6
BHORAS BUDRU,6
BHOPALKA,6
TANDARAI,6
JAMDHA,6
NIZCHATIA,6
NIZBARGANJ,6
NIZAMPUR,6
BHAWANIPUR B,6
ANUPGANJ,6
ANNECHAKANAH,6
SAVNI,6
SAVDA,6
SAVARDA,6
SATNAUR BADE,6
SATHIN ROAD,6
NURNAGAR  HA,6
NURABAD,6
NUMALIGARH R,6
NUA,6
TARCHHERA BA,6
CHONDI,6
CHOLANG,6
KATAR SINGH,6
MARWAR- BALI,6
MARWAR MATHA,6
MARWAR LOHAW,6
CHITRAWAD,6
CHITRASANI,6
TARADEVI,6
TANIJAN,6
NOSARIA  HAL,6
NONERA,6
JAMSAR,6
JAMMALAMADUG,6
JAMBARA,6
JAM JODHPUR,6
OBLAPURAM,6
MARSUL,6
MARKUNDI,6
KATHOLA (HAL,6
KATHARA ROAD,6
CHITALI,6
CHITAHARA,6
CHIRAKKAL HA,6
TATASIGUA,6
TARIGHAT,6
NYORIYA HUSE,6
NYOLIKALAN,6
JALIADEWANI,6
JALALSI PH,6
BAGESHPURA,6
BAGARPUR HAL,6
BAGAHAI ROAD,6
ODDANCHATRAM,6
DODJALA,6
TELIA,6
TEKKALI,6
KATGHAR,6
KATEPURNA,6
MARGHERITA,6
MARANDAHALLI,6
MAONDA,6
MANUGURU,6
KAULSERI,6
SATADHAR,6
SASAN GIR,6
JAKHAURA,6
ODHA,6
KATHUWAS,6
MANU,6
MANTATTI,6
MANOPAD,6
AMARSAR,6
AMARPUR-JORA,6
AMANVADI,6
TELIAMURA,6
PACHAR MALIK,6
OTTIVAKKAM,6
OTTAKOVIL,6
ORWARA,6
ORKI HALT,6
ORDI,6
OOTWARD,6
DOMJUR ROAD,6
DOMJUR,6
DOLKALLU,6
BAMOUR GAON,6
BAMANHAT,6
BARI,6
CHICHAKI,6
THADI,6
SARSONPURI,6
SARSI,6
SAROLA,6
SAROBAG,6
JAJAU,6
JAJANPATTI,6
BEDHAM,6
PADIYA NAGLA,6
PADHEGAON,6
PADAPAHAR,6
SARMATANR,6
CHHATA-ASCHA,6
CHHANDRAULI,6
THARWAI,6
SARDARSAHAR,6
DUDHAUNDA (H,6
DUBIA,6
PAKARIYA ROA,6
PAHARJAGANGA,6
PADNUR H,6
THOKUR,6
THIRUTHURAIY,6
THIPPARTHI,6
CHHINTANWALA,6
KAYASTHAGRAM,6
BARIPURA,6
MANIK CHAURI,6
MANIA,6
BEDETTI,6
JAIJON DOABA,6
JAGITYAL,6
DORNAHALLI,6
SARAI RANI,6
SARAHULA HAL,6
DULMERA,6
CHERUKUVADA,6
ALLURUROAD,6
TIKAULI RAWA,6
MANGIAKAMI,6
MANGANALLUR,6
MANDURA,6
TIKARIYA,6
SAPATGRAM,6
SANWARA HALT,6
SANVRAD,6
SANVATSAR,6
SANODIYA,6
ARAND,6
DUNGAR ROAD,6
JADOLI KA BA,6
JABRI,6
MANDHALI,6
KELAMANGALAM,6
KELA DEVI,6
CHHALESAR,6
CHERUVU MADH,6
BADHARI KALA,6
BADHAL,6
JAGDEVWALA,6
DUMRIKHURD,6
DUMRI BIHAR,6
DUMMURIPUT,6
BHUPAL SAGAR,6
KEKATUMAR,6
MANDAR HILL,6
MANDALGHAT,6
MANDA PADU,6
TIMTALA,6
TIMMAPURAM H,6
TIMMANACHERL,6
DULRASAR,6
ARABAGATTA,6
INNANJE,6
PANBARI,6
PANANGUDI,6
PAMAN,6
ITIKYALA,6
ITEHAR,6
TIPKAI,6
MANA,6
MAMBALAPPATT,6
MALUPOTA,6
MALUKA,6
BAND HAMIRPU,6
PANDOLI,6
PANDILLAPALL,6
PANDETOLA,6
KULTHAM ABDU,6
IQBAL GADH,6
SANKRA   HAL,6
SANKAVAL,6
SANKARA GUMM,6
WARUD ORANGE,6
SANJARPUR (H,6
KHABRA KALAN,6
KEUTIGUA,6
BANBIHARI -,6
CHAVADIPALAY,6
RAJIM,6
TIPLING,6
SANHA HALT,6
BHATEL,6
BHATASA (HAL,6
BEHAJ,6
INDEMAU,6
PANISAGAR,6
PANGARSHINDE,6
CHAUBE,6
CHATRAPPATTI,6
ALAWAL PUR,6
ALAPPAKKAM,6
TIRUPPACHETT,6
AMLI,6
BANAGALAPALL,6
MALSAILU HAL,6
MALLEMADUGU,6
KUND,6
KUBERPUR,6
DUNGRIPALI,6
KULHA HALT,6
EDAMANN,6
ICHCHANGADU,6
KUMRADOL,6
PANTIHAL PH,6
BARGACHIA,6
KHAJURHAT,6
KHAJRAHA,6
GODHA,6
MALKISAR,6
MALKHED,6
MALKERA JN,6
GOLAGHAT,6
CHAUBISI,6
BHAGEGA,6
PANOH,6
BELLAM KONDA,6
GOBINDPUR DU,6
PAPPINISSERI,6
PAPARERA,6
SAMHON,6
SAMBRE,6
ETMADPUR,6
RAMGARH,6
CHATAUD,6
MALETHU KANA,6
TIVARI,6
TIRUPPUVANAM,6
BADA PADAGAO,6
YEDAPALLI  H,6
HUMNABAD,6
EKDIL,6
SAMARALA,6
YEULKHED,6
BHARAT KHAND,6
ABHAYAPURI A,6
TUFANGANJ,6
CHAR BATIA,6
MAKUDI,6
MAKRAULI,6
MAKARDAHA,6
KHAPRI,6
KHANJA HALT,6
TRILOKPUR (H,6
TRIBEDIGANJ,6
BHANGALA,6
AREPALLI HAL,6
ACHEGAON,6
ARAVALI ROAD,6
ARANGMAHANAD,6
SALOGRA,6
PARISAL,6
PARIHARA,6
PAREWADI,6
BELSONDA,6
PARLAKIMIDI,6
PARKHAM,6
PARJANI  HAL,6
HIRODIH,6
ACHAL GANJ,6
FARIDAHA,6
FARAH,6
FALIMARI,6
KHANDEL,6
ABUTARA HALT,6
KHAMKHED,6
MAJU (PH),6
MAJNUPUR NAW,6
MAJHOLA PAKA,6
KHARKHAUDA,6
KHARKHARI,6
ALAM PUR ROA,6
AKOLNER,6
AKKARAIPPATT,6
SOMALAPURAM,6
SALEM MARKET,6
PATAKOTTACHE,6
PATA,6
SOLAN,6
BELVANDI,6
SALARPUR,6
SKPARA,6
DEVANHALLI,6
SALAGAON,6
SAKLESHPUR,6
MAHUGARA,6
KHARIA KHANG,6
KHARI - JHAL,6
MAISAR KHANA,6
BIHAT HALT,6
TURINJAPURAM,6
TUPKADIH,6
TUNIA,6
TUNG,6
KALEM,6
HETAMPUR,6
PATARA,6
PATAPATNAM,6
N.PANAKUDI,6
SAILA KHURD,6
UDASAR,6
UBARNI,6
CHANDSARA HA,6
MAILAM,6
MAHWA,6
MAHUWALA HAL,6
KHATKAR KALA,6
MAHROI,6
KALMESHWAR,6
MAHOLI,6
SAIDKHANPUR,6
BABA BAKALA,6
HINDOL ROAD,6
GACHHIPURA,6
G.RAMACHANDR,6
KALLUR YEDAH,6
NAGALWANCHA,6
DEROWAN PH,6
SIWAHA,6
MAHENDRALALN,6
BANGA,6
BANESWAR,6
KHIRIA KHURD,6
SIVAPUR,6
KHILERIYAN,6
CHANDKHEDA R,6
UGAON,6
GAISAL,6
HELAK,6
HEBBAL,6
HBL NAGAR H,6
HATWAR,6
BABUGARH,6
SITAPUR KUTC,6
BABHANJYOTIY,6
UMERDASHI,6
UMED,6
KHERVADI,6
KHERA SANDHA,6
KHEMLI,6
BANDHUA KALA,6
DHABLAN,6
MAHANGARWAL,6
CHANDAR,6
CHANDANPAHAR,6
KAMRUP KHETR,6
BABHAN GAON,6
BABAGANJ HAL,6
PAUTA (HALT),6
PATWARA,6
KAMPIL ROAD,6
GAIGAON,6
SAGONI,6
SAGMA,6
SAFRAI,6
SAFIDON,6
KAMLI,6
PEEPLEE - KA,6
PEDDANAYAKKA,6
PEDDADINNE H,6
PEDDA BRAHMA,6
CHALALA,6
UPLETA,6
UNDASA MADHA,6
UNCHI BASSI,6
UNCHAULIA,6
MAHADIA PH,6
MAHADEVASAL,6
KHORI,6
CHAMROLA,6
KAMBARGANVI,6
KAMARGANJ,6
PERASHSHANNU,6
PENGANGA,6
PENCHARTHAL,6
HARTHALA,6
HARSINGHPUR,6
BHANDAK,6
BAKHLETA,6
BHALUMASKA,6
BHALULATA,6
BAKAYANWALA,6
BIJROTHA,6
MADURAI EAST,6
MADLAUDA,6
KHUNDAUR,6
KHUMGAON BUR,6
BIJAULI,6
CHALLAKERE,6
SADDA SINGHW,6
SADASHIBAPUR,6
DEPUR PH,6
HARICHANDANP,6
DEORAKOT,6
PERIYANAGATH,6
HARKIA KHAL,6
HARISHDADPUR,6
HARISCHANDRA,6
ARNIYA,6
ARNETHA,6
CARRON,6
KHUKRANA HAL,6
BAISWARA,6
KHUDDA KORAL,6
NAGAVANGALA,6
BANGRIPOSI,6
NAGARUR,6
CHAKRAJ MAL,6
CHAKRA ROAD,6
ARJUNAHALLI,6
ARJANSAR,6
GANGADHARA,6
AYYALUR,6
PHARIHA,6
BHANDU MOTI,6
RUNKUTA,6
CAPPER QUARR,6
MACHERLA,6
MACHAPUR,6
KILLE,6
KILANWALI PU,6
KHUTHA,6
KALANAD HALT,6
GANGRAR,6
DEWANGANJ,6
GANGAULI (HA,6
BAAD,6
HARDUA,6
DEVARAYI,6
BAKAINA HALT,6
MABBI HALT,6
BARBATPUR,6
VADIPPATTI,6
VADADIYA,6
UTTARKATHANI,6
BAJUD,6
RUKHI HALT,6
ROSHAN MAU H,6
MURHESI RAMP,6
GARKHA F,6
GARHSHANKAR,6
HAMPAPURA,6
HAMIRPUR ROA,6
HALVAD,6
PINGLESHWAR,6
BARAYLA CHAU,6
LOTAPAHAR,6
LORHA,6
LOLIYA,6
BURHA PANKA,6
BURGULA HALT,6
BUNDKI,6
MURAHARA,6
VAIYAMPATTI,6
PIMPLA CHAUR,6
PIMPALKHUTI,6
PILU KHERA,6
MUNSIRHAT PH,6
PIPLI,6
PIPARPUR,6
PINGORA,6
BARYA RAM,6
BHIMAL,6
VAMBORI,6
VALI GONDA,6
BURHPURA,6
BANKRA NAYAB,6
LOHTA,6
LOHOGAD,6
KISONI,6
KISHAN-MANPU,6
KIRTYANAND N,6
KIRODA,6
BAREILLY CAN,6
GAROPARA HAL,6
GARNA SAHIB,6
RIBADA,6
REVELGANJ GH,6
RETHORAKALAN,6
PIRWA,6
PIRUMADARA (,6
PIPRITHAN,6
HALLIKHED,6
HALIYURU,6
HALDI ROAD,6
HALDHARPUR F,6
HADGAON ROAD,6
SONADA,6
HADALA BHAL,6
HABIBWALA,6
AMRELI PARA,6
AHRAURA ROAD,6
AHMEDABAD JN,6
AMRELI,6
LOHA   HALT,6
KODIGEHALLI,6
BUDNI,6
NAGSAR HALT,6
BUDHMA,6
BUDHI,6
BUDHA KHERA,6
BILOCHPURA (,6
POKARAN,6
GURUSAR SEHN,6
GURUJALA,6
GURUDIJHATIA,6
BHABHAR,6
POSOITA,6
PORA,6
POODOOR,6
GAUTAMDHARA,6
KALA BAKRA,6
KITHAM,6
LINGAM GUNTL,6
KAKRALA HALT,6
LELIGUMMA,6
BRIJ NAGAR,6
AJAKOLLU HAL,6
GAURIYAMAU,6
RENTACHIN TA,6
REDDI GUDEM,6
GHATKAVARANA,6
PRITHWIRAJPU,6
PRACHI ROAD,6
HABANGHATTA,6
GWALIOR (NG),6
SISAUNA,6
PUDUCHATIRAM,6
GHATERA,6
GHANTIKAL NI,6
SRAVANUR,6
RAYATPURA,6
RAYARU,6
RAYALCHERUVU,6
BRAHMAJAN,6
BOXIRHAT,6
LAYABAD,6
LASERI  HALT,6
KOILAKUNTLA,6
BORVIHIR,6
DEBARI,6
BORKHEDI,6
VARVALA,6
VARAKALPATTU,6
MUNDHA PANDE,6
AJARKA,6
RAYAKOTTAI,6
RAYAKA,6
RAYA DRUG,6
RAWANJNA,6
GUNJARIA,6
PULLAMPET,6
PULLAMBADI,6
PUKKIRAVARI,6
BETTAHALASUR,6
BETTADANAGEN,6
RAVLI,6
KOHIR(DECCAN,6
KODUMUNDA HA,6
KONA PH,6
KOMAKHAN,6
KOLVAGRAM,6
VEER,6
MULVAD,6
ASAN,6
ARUPPUKKOTTA,6
RAUZAGAON,6
BHAKRAULI,6
BHAJERA,6
BHADUTOLA PH,6
BHADROLI HAL,6
PURAINI,6
PUNTHOTTAM,6
KOLHADI,6
KOLATUR,6
BORGAON,6
KANDAGHAT,6
VELLUR HALT,6
BOKO,6
VENKATESHAPU,6
KORARI,6
KONNUR HALT,6
LAKWA,6
DAULTA,6
LAKSHMANPUR,6
LAKHPAT NAGA,6
Proddatur,6
PUSLA,6
SONDHA ROAD,6
GUMGAON,6
RATONA,6
RATAN SAHAR,6
RADHA BALAMP,6
RACHAGUNNERI,6
BHADER,6
BHADANPUR,6
GHOKSADANGA,6
GHOGI BARIAR,6
GHIALA,6
RASAULI,6
VIJAYSOTA,6
VIJAYPUR,6
DEEG,6
BARAIPURA  H,6
BARAGAON,6
BANSPANI,6
BANSKHO,6
KANASAR,6
MUKHASA PARU,6
BOLDA,6
BOLAI,6
GUDIPUDI,6
GUDAPARTI,6
GUAGACHHA,6
RAHA,6
GHUNGHUTI,6
GHUNAS HALT,6
GHOSUNDA,6
GHOSRANA,6
GHOSIPURA,6
MUJNAI,6
KOTAPAR ROAD,6
KOT FATEH,6
KORNAHALLI,6
AGTHORI,6
AGRA CITY,6
VILAYAT KALA,6
VILAD,6
VIKRAM NAGAR,6
BODHAN,6
LAIBURWA HAL,6
LAGARGAWAN,6
LABAN,6
RANJAN GAON,6
RANGMAHAL,6
GOVINDNAGAR,6
GOVINDGARH,6
GOVERDHAN,6
RAHMAT NAGAR,6
BIWAI,6
BISWA BRIDGE,6
AGARAM SIBBA,6
ADRI ROAD,6
KOTHA PAKKI,6
KUTURUKHAMAR,6
KUTTAKUDI,6
RAJAGAMBIRAM,6
RAIPUR R-V B,6
RANGJULI,6
RAMTEK,6
AGOMONI,6
AGHWANPUR,6
KUSHTALA,6
KURUSI,6
KURUMURTHI,6
KURUD,6
KURSEONG,6
KURLASI,6
KANHEGAON,6
BLOCK HUT(A),6
BLOCK HUT 'C,6
GIR GADHADA,6
KANHARGAON N,6
RAMPARDA,6
GOPINATHJEW,6
BHITAURA,6
BHAINSA,6
RAJATHGARH J,6
BHIMKHOJ,6
KURBHAR,6
KURAM,6
KUPGAL,6
VRIDDHACHALA,6
SIRUVATTUR H,6
GOT (HALT),6
GOLSAR,6
RAJMANE,6
RAJMALPUR RO,6
RAJIYASAR,6
WARISGANJ HA,6
WANKANER CIT,6
SIRRI,6
GOLANA  HALT,6
ABJUGANJ,6
ADHYATMIK NA,6
ADHINPUR,6
ADESAR,6
YADVENDRANAG,6
BINDADKATTI,6
AMLO,6
KALLAGAM,6
SIRLI,6
MURSHADPUR,6
BAKKAS,6
WIHIRGAON,6
WIRUR,6
ASOKHAR,6
GODHNESHWAR,6
KUMARGHAT,6
KRISHNARAJSA,6
BASBARI,6
KUDATINI,6
KAJGAON,6
BINJHOL,6
WADODA,6
WANDAL,6
WALGAON,6
BIRAUL,6
BIRANG KHERA,6
KUCHESAR ROA,6
KUDSAD,6
CANSAULIM,5
BHADBHUNJA,5
BHARAT KUP,5
BILHAR GHAT,5
CHORGHAT PIP,5
BARAKALAN,5
BINAIKI,5
KYATANAKERI,5
BARAHU,5
RASAYANI,5
LAVAN SATYAG,5
LAUL,5
PATHRALA,5
NIDHANI,5
HARRAWALA,5
HAMIR GARH,5
SAHELI,5
NIDI,5
CHAKERI,5
ANPARA,5
PARLU,5
GOLE,5
BENAL H,5
PT RAM PRASA,5
KRISHNASHILA,5
PREMPUR,5
BOBAS,5
AHERWADI H,5
BADALPUR PH,5
GOKULGARH,5
USIAKHAS HAL,5
GHONSOR,5
BUGIA,5
PARSA TIWARI,5
SAROTRA ROAD,5
HARDAS BIGHA,5
PIR UMROD,5
HARANGUL,5
HERIA PH,5
LOKKADKOT,5
PATHAKPUR,5
JANIYANA,5
IBRAHIMPUR H,5
GUWARI GHAT,5
HAMARAPUR,5
PINDRAI,5
MAGARDAHA,5
ASHAPURNA DE,5
BILESHWAR,5
BANIYA SANDA,5
SANJUJA-DA-A,5
GARHA GOODS,5
HONAGANAHALL,5
KOLDE,5
ROOMA,5
PAPRAKUND,5
PUTTARRA,5
PRATABPUR HA,5
PRAGATI MAID,5
GAURA,5
KURASTI KALA,5
TAVARGATTI,5
PATIALA CANT,5
GANGADHRA,5
KHULDIL ROAD,5
PALHAWAS,5
GHANDHI SMRU,5
MACHHRAULI,5
KIKAKUI ROAD,5
LUCKNOW WEST,5
CHANDARI,5
DIGHAL,5
JEONARA,5
SHIKARA,5
SHAKTINAGAR,5
DHINDA,5
DHEKWAD,5
SHIRAVADE,5
SHOGHI,5
SHIVRAMPUR,5
KHED TEMPLE,5
KHATGAON,5
BAGUMRA,5
DHARAMPUR HI,5
ANGADGERI H,5
SIKARIA HALT,5
MAJHAULA HAL,5
JOHNA,5
JMTRA PARASW,5
KADLIMATTI H,5
KACHNARA,5
KAHER,5
DHANAKYA,5
TORANG,5
TONDALAGOPAV,5
NAINPUR JN.,5
KAILAHAT,5
DEVRI P.H,5
DEVBALODA CH,5
SITALPUR (BE,5
BARGI,5
KALADEHI,5
SITIMANI,5
BARETH,5
BARELIPAR,5
NACHINDA PH,5
MYNAGURI RD,5
BHIMARLAI,5
BHIMRANA,5
TIRALDIH,5
MAMAN,5
SUJALPUR PH,5
SUISA,5
KANKATHER,5
SULERJAVALGE,5
MOTIJHEEL,5
KANSPUR GUGA,5
MALWAN,5
MANDAL,5
SUKRIMANGELA,5
DALPAT SINGH,5
KESAVARAM HA,5
TIMMACHIPURA,5
TIMBARVA,5
TILWARA,5
SULEHALLI,5
AMBLE,5
KARBIGWAN,5
MANDOR,5
TIKRA PH,5
MANGROLIA,5
MANDURAI HAL,5
MEKKUDI HALT,5
CHORGI H,5
KAVAS,5
KUMARHATTI D,5
ZORAWARPURA,5
CHINTA PARRU,5
MARUDUR HALT,5
MARKADHANA,5
KUDALA SANGA,5
RANTEJ,4
RANPURA,4
GHUTAI,4
BISHALGARH,4
BIRPUR,4
BIROLIYA,4
AGAUTHAR HAL,4
AGASOD,4
KURWAI KETHO,4
KURKURA,4
GUMANIHAT,4
RATANGAON,4
PUSHPATTUR,4
AUSA ROAD,4
RATAN SARAI,4
RATABARI,4
RASULPUR GOG,4
GHORI  HALT,4
RAGHOULI,4
RAFINAGAR F,4
RADHA KISHOR,4
RABHRA HAALT,4
BMVR,4
BLOCK HUT B,4
ADRAJ MOTI,4
VIROCHANNAGA,4
KOTHARIYA,4
LAHOAL,4
LAHING,4
LAHAVIT,4
KYARKOP,4
KUSWA HALT,4
VINNAMANGALA,4
BHAKARAPET,4
BHAIRONPUR,4
BHADRI,4
PUNGGUDI,4
PUNDIBARI,4
GUNRAJPUR DH,4
GULAPALAYAMU,4
GULABPURA,4
POWAR KHEDA,4
GURMURA,4
AUJURI,4
ATWA MUTHIA,4
GHATIGAON,4
GHATALA,4
PUNAICHAK HA,4
PULICHERLA,4
PUDUNAGARAM,4
AWA GARH,4
VINHERE,4
VIKHRAN ROAD,4
AHJU,4
POPHLAJ,4
PIPALWALI CH,4
GARHMAU,4
GARHI SANDRA,4
LADERMER,4
LACHHMANGARH,4
KOTRA,4
KOSMA,4
KOSAI,4
LAKHAMANCHI,4
PONDUGULA,4
REMA,4
REDDIPALLI,4
RAYSER JAGIR,4
AGRAN DHULGA,4
VIJAPADI ROA,4
GURIYA,4
AVATIHALLI,4
AUWA,4
PIRTHIGANJ,4
PIPRALA,4
HALLIKHERK,4
HAIBARGAON,4
HADOBHANGI P,4
HADMADIYA,4
PJP ROAD HAL,4
PIMPAR KHED,4
PIPLAJ,4
PIPARIYAKELA,4
GARHARA,4
GARHA,4
RORA,4
ROHALKHURD,4
GAUNTRA,4
LAKHAKERA,4
LAKDIYA,4
BOCHASAN JN.,4
VIDURASWATTH,4
VENKATANARAS,4
VENKATAM PAL,4
VENKATAGIRIK,4
BORIBIAL,4
KOLLENGODE,4
KOLE,4
BOMMAGUNDANA,4
BANTA RUGHNA,4
BANSINALA HA,4
GAREA BIHAR,4
GANJ MURADAB,4
GANGUWADA,4
LALIT KHERA,4
LALBAGH,4
BORDUBI ROAD,4
BORDI ROAD,4
VELLIYANAI,4
KOHLI,4
KOHDAD,4
BES,4
BERORE,4
PHURSUNGI,4
PHULWARTANR,4
HANUMAN CIRC,4
ROWRIAH,4
BOLAGARH ROA,4
GAJU HALT,4
SADASHIVAPET,4
PHANDA,4
PHAKHOAGARM,4
HEMPUR,4
SAGPHATA,4
SAGADAPATA,4
SABLIROAD,4
ARSENI,4
ARKHA HALT,4
HANSPURA,4
PHULAGURI,4
PHULAD,4
KOLAYAT,4
LAMSAKHANG,4
VAYALPADU,4
VAVERA,4
VAVDI,4
LAWA SARDARG,4
HARWADA,4
HARUBERA,4
BHANAUR,4
BHAN KARI,4
BHAMBHEWA,4
BHALWANI,4
GALAN,4
GAJULAGUDEN,4
BABA LAKSHMA,4
HASTAVARAMU,4
BACHELI,4
BABUPETH,4
PATERHI,4
PATCHUR,4
SAJERPAR,4
SAJANVAV ROA,4
SAFIPUR,4
PEDDASANA,4
HATI,4
HATHRAS QILA,4
HATHIGADH,4
BETGARA,4
BETAWAD,4
LANGARPETH,4
PATIYARA,4
LATH HALT,4
KOLAIGRAM,4
KOLAD,4
BORSAD,4
VARUD,4
VARAHI,4
BILKHA,4
LATTERI,4
PATHARKANDI,4
GAJARA BAHAR,4
HAZARIBAGH T,4
LILAPURROAD,4
BENIGANJ,4
SALBARI,4
SALAI BANWA,4
SAKKARAYA PA,4
FATEHPUR-SHE,4
FATEHPUR CHA,4
HER,4
HOL,4
GADIGANURU,4
GADHAKADA,4
PATOHAN,4
PATNA GHAT,4
TEJPURWA (HA,4
TEHARKA,4
TEEGAON,4
TAUHEED,4
TATI,4
TATAPPARAI,4
KATKAMASANDI,4
MANTAPAMPALL,4
MANOHARGANJ,4
CHIKSUGUR,4
CHIKNI ROAD,4
CHIKMAGALURU,4
CHIKBALLAPUR,4
KIVARLI,4
LINCH,4
HISVAHAL,4
HIRISAVE,4
FARHANTNAGAR,4
BHARATWADA,4
SALHANA,4
PARWAKHURD H,4
PARSOLI,4
LIHURI PH,4
BRIJ KISHOR,4
VANIROAD,4
LODHMA,4
CHITHARI HAL,4
CHITAL,4
BUDA BHARTHA,4
VALHA,4
BANNI MAHAMM,4
BANKODA,4
ARASALU,4
ARAON,4
SALKHAPUR,4
HIRAPUR,4
PARICHA THER,4
PARICHA,4
PARDHADE,4
PARBATONIA,4
PARAUNA,4
PARSA KHERA,4
PARSA KERWA,4
ERIODU,4
ERICH ROAD,4
ERALIGUL,4
SANGANER,4
BADAKHANDITA,4
HUNSENAHALLI,4
ELLENABAD,4
SAMAYANALLUR,4
SALPURA,4
SALPA,4
ARIGADA,4
BHARATKUND,4
LINGIRI,4
KODERMA TOWN,4
LONGPATIA,4
LONGAI,4
BANSADHARA P,4
BURAMARA,4
VALADAR,4
KIRATGARH,4
BARARA BUZUR,4
KIRANDUL,4
PARAMJEEVAR,4
PARA KHEDA,4
DURGAPURI,4
SAMUKTALA RO,4
ETAH,4
SANJAMALA,4
BEJNAL,4
INDAPUR,4
PANITOLA,4
PANIKHAITI,4
PANIHAR,4
SANDALPUR,4
DWARKAGANJ,4
DUSKHEDA,4
IKDORI,4
ICHAULI,4
PANJHAN,4
BELANKI,4
BELLARYCANTT,4
LORWADA,4
PAMIDI,4
PALSI,4
ISHARDASPUR,4
ISHAPUR KHER,4
PANELI MOTI,4
PANDURANGA S,4
DUGDA WASHAR,4
DUGANPUR,4
VAKAV,4
VAGHLI,4
LUNSERIYA,4
LUNIDHAR,4
PANDURANGA P,4
PANCHTALAVAD,4
PANCHRATNA,4
PALANA,4
PALDHI,4
LUKWASA,4
VADTAL SWAMI,4
VADIYA DEVLI,4
VADAMADURA,4
VADALUR,4
PANGRI,4
PANEVADI,4
BADWASI,4
BADULIPAR,4
DUMARA,4
ARAKU,4
INGORALA,4
MADDURU,4
MADANAPUR HA,4
BAZARGHAT,4
JAHANIKHERA,4
JAHANGIRABAD,4
PAKRA,4
PAKNI,4
PAKHRAULI,4
PAKHNA,4
DOSVADA,4
SARAI HARKHU,4
JAGANNATH JI,4
JAFARGANJ,4
PALAYAM,4
PALASNER,4
PALASINGI,4
SAPE-WAMNE (,4
DULLABCHERRA,4
DULARIYA,4
DUGDOL HALT,4
SARANGPUR RO,4
DUBRIKALAN,4
PAGDHAL,4
PADSE,4
PADMA,4
PADLI,4
BECHRAJI,4
BEBEJIA,4
ONTIMITTA,4
VADALI LUTER,4
UTTANGAL MAN,4
CHONGAJAN,4
CHOKI SORATH,4
CHITROD,4
BARKIPONA,4
BARKHEDA,4
KATANGI KHUR,4
MASANGAON,4
MARWAR RATAN,4
MARWAR KORI,4
MARHAURA,4
KATHLAL,4
KATHAUTIA,4
KATHANA,4
SARAI GOPAL,4
SARADHNA,4
DONGARGAON,4
SARPESWAR P.,4
BEGUNIA,4
PADAMPUR,4
PACHCHAKUPPA,4
PACHAWAN,4
CANDRABANDA,4
Bolagarh tow,4
BUTANA HALT,4
BURMI  HALT,4
URWAN,4
TARRA KALAN,4
CHAKARIAPALL,4
KHUI KHERA,4
BANGURKELA,4
BANGARMAU,4
DODDAGHATTA,4
DIWAN KHAVAT,4
SASVAD ROAD,4
JAKHALABANDH,4
OLD SACHIVAL,4
OLAKUR,4
JALIYA,4
PABAI,4
ORCHHA,4
NURPURA HALT,4
JAKSI,4
DILWA,4
ANUP SHAHR,4
ANTRI,4
NULENURU,4
NOSSAM,4
JAMUA,4
JAMBHALI  HA,4
OATING,4
JALESAR CITY,4
BAGADIA  PH,4
ODDARA HALLI,4
MADHOGANJ,4
CHAKUR,4
CHAKROD,4
JAMWALA,4
JAMGURI,4
JEONATHPUR,4
BHATPURA,4
DILMILI,4
MAGARDOH,4
MAEL,4
MADURE (H),4
JAMBUR,4
BAYAD,4
NOHAR,4
DIPLANA,4
BIJAIPUR ROA,4
CHALKHOWA,4
MAHANAGAR,4
MAHADIYA,4
MAHABUANG,4
MAGARPUR,4
KHOTKHOTI,4
JARAPADA,4
JAVALE,4
JAULKHERA,4
SEMMANDAPATT,4
SEMAI,4
SELENGHAT,4
SEKERKOTE,4
NIVASAR,4
JANNAGHATTA,4
JATWARA,4
JASRA,4
NILAKANTHEWA,4
NIBKARORI,4
NIBHAPUR,4
NEYVELI,4
DIKOM,4
SETTIGUNTA,4
SERONI ROAD,4
JAROLI,4
JARI,4
JARAUNA,4
KHURDA TOWN,4
KHUMTAI,4
BIJORA,4
CHAMARAJ,4
UNA,4
UMRAM,4
WARIGAON NEW,4
BANDNATH,4
BANDHUA,4
BANDANWARA,4
JETHIAN,4
ANJANI,4
ANIPUR,4
ANGAR,4
SHAHANAGAR T,4
DIGOD,4
DIGHWA DUBAU,4
BARADEV,4
DIGHA GHAT,4
SHAMSHABAD T,4
SHAMPURHALLI,4
YAMUNA SOUTH,4
JENAL,4
JAWAHARPUR K,4
SHINDAWANE,4
veravali,4
SHEWBABUDIH,4
SHEREKAN,4
SHAM KAURIA,4
saundal,4
SHAHZAD NAGA,4
ANKLAV,4
KHONKAR,4
KHOJEEPURA,4
KHOH,4
MAHARANI PAC,4
MAHARAJA CHH,4
CHAND KHIRA,4
CHANASMA JN.,4
ULNA BHARI,4
UKSI,4
UGU,4
UGARPUR,4
MAHIMBA,4
MAHGAWAN HAL,4
DHORAJI,4
DHOLPUR (NG),4
DHOKI,4
DHODRAMOHAR,4
SHARMA HALT,4
SHANKARPUR B,4
BINAUR,4
YARAGOPPA H,4
SHIRSOLI,4
SHIROOR,4
YEDAMANGALA,4
DHARNAODA,4
YEDSI,4
SHIWALA TEHU,4
YERMARAS,4
SHIVPURI HAL,4
SHER (HALT),4
SHEOSINGHPUR,4
SHEOPUR KALA,4
SHENOLI,4
SHENDRI,4
JETPUR,4
CHANDERA HAL,4
CHANDAWAL,4
UDRAMSAR,4
UDI MOR,4
ZARAP,4
YADUDIH,4
KHASA,4
KHARWA,4
NAYAGARH,4
JHILAHI,4
MAHESHPUR 'A,4
MAHEJI,4
NEW CHANGRAB,4
YADALAPUR,4
BAGRI NAGAR,4
BAGMAR,4
ANANTPAITH,4
SHRI BALAJI,4
SHONSELU,4
DHAVALAS,4
NERI,4
NERALAKATTE,4
UDAIPUR,4
Tenua Dumari,4
TURKAPALLI,4
MAINPURI KAC,4
MAHUTGAON,4
NEW DOMOHANI,4
KHINANIYAN,4
KHIMEL,4
BIDYADABRI,4
CHANDISAR,4
KHARAR,4
NAWAL SAHI H,4
NAWADIH,4
DHARESHWAR,4
KUKAVAV,4
DHARAM KUNDI,4
SHRIMAD DWAR,4
NAZIRA,4
NAYDONGRI,4
NAYARHAT,4
NAYAGARHTOWN,4
SIDHWALIA,4
JHAROKHAS,4
BATASI,4
ANGAI HALT,4
KUJU,4
JIRONA HALT,4
JIRON,4
JIRA ROAD,4
JINTI ROAD,4
NATHU KHEDI,4
JHIR,4
NAWAN,4
NATH GANJ,4
NARWASI,4
JOGINDER NAG,4
JOGIDIH,4
BHENSWADI,4
MAHUR,4
MAHUDHA,4
MAHUARIYA,4
KHARIO PH,4
BHOTEPATTI,4
BHORTEX,4
MASRAKH,4
MASODHA,4
BAMANWALI,4
BALWARA,4
MANKI,4
MANKHURD,4
BARHI,4
THALERA,4
THALAKU,4
CHILO,4
CHILIKDARA,4
TARWATA,4
SHUJATPUR,4
SHUDNIPUR,4
DHANWAR,4
DHANSURA,4
SIKIR,4
RAKHI,4
SIDMUKH,4
SIDLAGHATTA,4
KHARA-KAMERI,4
BHAGUAPAL,4
MAJGAON-ASSA,4
MAIVADIROAD,4
MAISHASHAN,4
CHANDNI,4
TUMMANAM GUT,4
KHANDARI HAL,4
BHUA,4
BHOYANI,4
MAJRI NANGAL,4
NARIYAR  HAL,4
NARIKKUDI,4
JUGIJAN,4
JUBBASAHANI,4
JOTANA,4
SILLIPUR,4
SILHAUDI,4
SILGHAT TOWN,4
SIKRODA,4
BHETASI,4
JUJOMURA,4
DHANSIRI,4
DHANPURA,4
BHEEMPURA,4
BHAYAVADAR,4
DHANORA (DEC,4
DHANETA,4
AMRUTVEL,4
SIMARIATAL,4
GODBHAGA,4
NARANPUR,4
JOBA,4
RAMGANJ,4
MAJHGAWAN PH,4
TULSI NAGAR,4
ALAI,4
TRIVIKARAMDE,4
CHARAMULA KU,4
CHARALI,4
MAKRERA,4
MAKALI DURGA,4
KHAMIL GHAT,4
MAKHI,4
KHANPUR AHIR,4
RAMARAJUPALL,4
KADI,4
KAIMARAKALAN,4
SINGHPURDUMR,4
ANANTARAJUPE,4
GOLAPATTI,4
BAIJNATH MAN,4
BAHUARA(HALT,4
JUNICHAVAND,4
JULGAON(DECC,4
ADARKI,4
NALLACHERUVU,4
BASSI BERISA,4
DEVGADH MADA,4
TANAKALLU,4
DHAMORA,4
DHAMALGAON,4
SINHAN,4
NANDRE,4
NANDKHAS,4
NANDI,4
KHANDHERI,4
CHAPAGURI,4
CHANOL,4
CHANNASANDRA,4
TOVALAI H.,4
TORNIYA,4
WASHIMBE,4
TOPPUR,4
GODHANI,4
TOMKA,4
KHAMBHEL,4
KHALIAPALI,4
KHAKHARIYA,4
KALA AKHAR,4
SIRMUTTRA,4
BASKATWA BH,4
KAJGAON TERH,4
GOLA ROAD,4
NAIMISHARANY,4
GIR GADHARA,4
BAILEY ROAD,4
KALANGANI,4
DEVTHANA HAL,4
GIDANAHALLI,4
SOMANAYAKKAN,4
SOMAN KATTI,4
DETROJ,4
RAMPAHARI,4
DEVARAPALLE,4
RAMKOT,4
SITABANJ,4
NAGRI,4
BARGOLAI,4
GOPALGANJ,4
MALASA,4
CHARKHEDA,4
CHARKHARI RO,4
CHARKEDA KHU,4
CHARHI,4
CHARBHUJA RO,4
BAKASPUR,4
DEOTALA,4
DEORAGRAM,4
RAJEWADI,4
NAGARGALI,4
NAGARDEVLA,4
NAGAON,4
NADIAPUR,4
DET,4
DESWAL  HALT,4
SIVADI,4
RAJAPATTI,4
SITHOULI,4
SITAPURAM PH,4
KAKLUR,4
SOMESHWARA,4
RAJAN KUNTI,4
RAJALUKAH,4
KHAJWANA,4
DETHLI,4
KALGUPUR,4
KALASAMUDRAM,4
GOMTA,4
GOMANGALAM,4
MUTTAMPATTI,4
MUTHALAMADA,4
MUSTRA,4
KALPATTICHAT,4
KALAMBHA,4
KALAMB ROAD,4
KAMARBANDHA,4
BAKHSHA,4
ALANDI,4
BHULON,4
BAMUR,4
MALTHAN,4
DEOGAN ROAD,4
DELVADA,4
AMONI,4
AMNAPUR,4
KALKALIGHAT,4
BAKRA ROAD,4
KAMALAPUR,4
TOKKUTTU,4
TISI,4
CHAUNTRA BHA,4
CHAUNRAH,4
CHAUDHURIBAN,4
DAURAI,4
DAUNDAJ,4
SONKHAMB,4
SONIYANA,4
SONEGAON,4
KHAJURI,4
MALIKPETH,4
BARWASNI HAL,4
DEEDAR GANJ,4
BHIMASAR,4
RAJSUNAKHALA,4
BHIMANA,4
BHILGAON,4
KAMATHE,4
CHATENI,4
ALEHPUR,4
BARUNDNI,4
KANAIBAZAR,4
MUNDIAMPAKKA,4
MUNDHEWADI,4
BALASIRING,4
MALTEKDI,4
MALLUR,4
MALLANWAN,4
BARGAON GUJA,4
KHAIRAH,4
KHAIGAON,4
MUNABAO,4
MULANUR,4
KANCHANPUR R,4
KANAUTA,4
DAVOL,4
KANAMALEPALL,4
BASANTAPUR,4
BALAPALLE,4
BALANGIR ROA,4
BAKTAL,4
MOUBUND,4
SONDIMRA,4
BAKANIAN BHA,4
MUIRPUR ROAD,4
KANGINHAL,4
BHIRINGI,4
BHINWALIYA,4
AMARPURA RAT,4
SORAI,4
SOOROTHEE,4
SONUABARI,4
BANAS,4
CHAVALKHEDE,4
CHAURE BAZAR,4
TIRUCHCHULI,4
GORAM GHAT,4
MAMANDURU,4
RAJABERA,4
BALAROAD,4
DATARDA KALA,4
DASARA,4
DARSHANNAGAR,4
SRIVENKATAPE,4
SRIRAMPUR (A,4
SRINIVASPUR,4
KANASAR NAWA,4
KANAROAN,4
RANGALITING,4
RANAYALA,4
KANKROLI,4
RANALA,4
SUMER,4
SULTANPUR,4
SULTANABAD H,4
RAMSAN,4
GIRDHARPUR,4
DANTE WARA,4
SUBEDARGANJ,4
SUAHERI HALT,4
MUDARIA,4
KHADKI BAZAR,4
KHADARPETT,4
KETTANDAPATT,4
KRISHNAI,4
BIR,4
KHAIRAHI,4
CHEGUNTA,4
CHEGRO,4
TINGRAI,4
TINDAULI,4
WAGHOLI,4
KESHWARI BH,4
MALWARA,4
MOTIGANJ,4
MOTERJHAR,4
MOTA JADRA,4
MOTA,4
WAGHODA,4
SUKHI SEWANI,4
DALSANUR,4
WADSINGE,4
SUPPALAPADU,4
BARSATHI,4
KESHAV GANJ,4
BISHRAMGANJ,4
BISHENGARH,4
KURINJIPADI,4
KURHAGADA,4
TILONIYA,4
TILBHUM,4
KURBALAKOTA,4
MORTHALA,4
MONGLAJHORA,4
BARUA CHAK,4
KANSRAO,4
MODASA,4
MISROD,4
MISRIKH TIRA,4
KARANJADI,4
SURASARAIGHA,4
AMHERA  HALT,4
GUA,4
AMBIKESHWAR,4
DAMRUGHUTU,4
DAMNAGAR,4
DAMAY,4
KARAHIYA HAL,4
BARUA NAGAR,4
MOHD KHEDA,4
MOHASA,4
DAMALACHERUV,4
BHONE,4
SUWANSA,4
SURPURA,4
MINATCHIPURA,4
MILAVALI HAL,4
ATRU,4
MOHANA HARYA,4
MOHANA,4
MODPUR,4
BALE,4
METTUR DAM,4
METPANJRA,4
TILAUNCHI,4
MANDU HALT,4
MANDPIYA,4
ATRAMPUR,4
KARARI,4
MHASAVAD,4
KENCHANALU,4
CHHAJAWA,4
ALTAGRAM,4
GHOTI,4
GHOSHAWAR,4
MANGALIYAWAS,4
MANDVA,4
RANIPUR ROAD,4
TIKAMGARH,4
TALAMADUGU H,4
KAPADVANJ,4
MEZENGA,4
DALAJI-KA-KH,4
BHONRA,4
TAKARKHEDE,4
BHOLIDIH,4
BHOKE,4
BALIMARA,4
BALENAHALLI,4
TIBI,4
THONDE BHAVI,4
THERBAN HALT,4
THEKERAGURI,4
CHHEHARTA,4
KAWAR,4
MANIKALAN HA,4
METHI TIKUR,4
TAHSIL BHADR,4
TAGDI,4
TADALI JN.,4
AMBARI,4
MELAPPALAYAM,4
ATWA KURSATH,4
MECHERI ROAD,4
KARRA,4
KAROTA PATRI,4
KARONDA,4
KARMABAD,4
MERIYANA,4
MATTAGAJPUR,4
BALWA,4
KATALPUR (HA,4
TAKU,4
TAKIPUR HALT,4
TAKHRAU HALT,4
TAKHA,4
TALAVLI,4
AMBIKA BHAWA,4
AMBIKA (ROHI,4
DAGARKHEDI,4
MANJHAGARH,4
THARA,4
THANGUNDI,4
THAMLA MOGAN,4
CHICHONDA,4
BAMSIN,4
BAMHRAULI,4
BARLANGA,4
GORINJA,4
GOREGAON ROA,4
KAVANUR,4
MANJHLEPUR,4
TALWARA JHIL,4
TALPUR,4
CHURKI,4
CHURIWALA,4
CHURAIBARI,4
KASHIPURA,4
MATIGARA,4
KARUVALLI,4
KARUNGUZHI,4
MARWAR CHHAP,4
MARWAR BAGRA,4
CHITRAPUR (H,4
TANGIRIAPAL,4
KATAHRI,4
BHUGAON,4
TALGARIA,4
WASUD,4
KUNARIYA,4
KUMTHA KHURD,4
R BLOCK HALT,4
BAR LONGFER,4
BAR,4
RAJNAGAR K H,4
RAJIV NAGAR,4
ATA,4
ASWAPURAM,4
ASVALI,4
ASIRGARH ROA,4
ASHTEGAON,4
GOGAMERI,4
BHADAIYAN,4
AMARPURA,4
TAMARAIPADI,4
TETELIA,4
TERHA HALT,4
TEMBURU,4
CHINTAMANI,4
GHAUSGANJ,4
CHINNE KUNTA,4
MARAMJHIRI,4
MARADANGA,4
BHALUKMARA,4
MARPALLI,4
KOTHAR,4
BINDAURA,4
BIMBARI,4
RASHIDPURA-K,4
YADUGRAM BH,4
BARA,3
RAJKIAWAS,3
MATODA,3
KATAIYA DAND,3
KESHOLI,3
TINKHEDA,3
MANAURI,3
KANOH,3
CHAURAKHERI,3
MOTIPURA CHA,3
BAKARKUDI,3
MALUGUR,3
MURUD,3
NAGESHWADI H,3
KAILASAPURAM,3
KAIRLA,3
MAJHIARI,3
BAHILPURWA,3
NAVAL GUND R,3
JHIMRI,3
CHANDRESAL,3
SHIVATHAN,3
NEW HARANGAJ,3
DHUVA,3
NEW WEST BLO,3
DIPORE,3
DINGWAI,3
BHAYANDAR,3
BANGARI,3
CHAKRAKWALA,3
BIJULI HALT,3
BANGURGRAM H,3
OHAN CABIN,3
KATHLEEGHAT,3
SARERI,3
MADARAHA,3
PALA,3
LUCKNOW (DIK,3
BARCHHI ROAD,3
PANHAI,3
IRADATGANJ,3
BHARSENDI,3
ILLOO,3
BADAUSA,3
LINK C-CABIN,3
BENODA,3
FAIZULLAPUR,3
PARVATSAR CI,3
LOHGARA,3
LINK JN CABI,3
HESALONG  FS,3
PATHARDIH JN,3
SAIYID SARAW,3
LATEMDA,3
SAHUWALA,3
SAHEED SURAJ,3
HATNAPUR,3
BOMADRA,3
PIPLOD ROAD,3
ROHAT,3
GHASARA HALT,3
KUWARCHINTAW,3
GUD MARKET,3
VISHNUPUR BA,3
GOONDA (BIHA,3
MARALAHALLI,3
YERRAGUDIPAD,2
BINDAYAKA,2
ADARSHNAGAR,2
ADICHUNCHUNA,2
RAMGARH SHEK,2
meghpur tito,2
RAJULA CITY,2
RAMACHANDRAP,2
KUMAR MARANG,2
KUMAR SODRA,2
KUMARAPATNAM,2
KUKMA,2
RANGAPANI,2
RANGAPAHAR,2
RAMVA,2
RAMSAR,2
GOALDIH,2
KRISHNAPURAM,2
KUNDURU,2
KUDGI H,2
WADRENGDISA,2
Villiambakka,2
ATHSARAI,2
GHUNDANKHAPA,2
RANIGAON,2
RANGTONG,2
GOVINDI MARW,2
GORUMAHISANI,2
MARWAR KHARA,2
MARWAR BITHR,2
TARABARI,2
TAPASI,2
TANTPUR,2
MATALKUNTA,2
THAIYAT HAMI,2
AMBAGAON,2
KATORIYA,2
KATOGHAN,2
KATLICHERRA,2
TAROPA,2
CHITTA HALT,2
BARKICHANPI,2
MAWAI,2
BALWANTPURA,2
BHUKARKA,2
TALAP,2
D Samudraval,2
MANISINGH KA,2
MANIPUR BAGA,2
KAZIPET F CA,2
KAZIPET E CA,2
CHHATARIPUT,2
CHHANUA,2
CHHANSARA,2
THATHANA MIT,2
THAM,2
BHOJRAS,2
BALIKOTIA,2
KAYAR,2
KAYAMSAR,2
KAWARGAON,2
BARKAKANA AV,2
MANIKPURA,2
DADHAL INAM,2
DABPAL,2
MELAKKONNAKK,2
KASHANATTI,2
MEPPULIYUR,2
DAHINSARA,2
DAHGAON,2
DAHEJ,2
DALDALI,2
KARAUNDHANA,2
MIGRENDISA,2
KEMRI (HALT),2
CHETTIYAPATT,2
MANGURJAN,2
MANGAPATNAM,2
MANGALAMPETA,2
MANESWAR,2
MENDIPATHAR,2
MEMRA MEMRAK,2
TAKSAL,2
MOINARBAND,2
MOHOPE,2
MOHKHUTI,2
KEREJANGA,2
TIN MILE HAT,2
TILA,2
AMAGURA,2
MANDERDISA,2
MITHA,2
KARAKAVALASA,2
DAMCHARA,2
KARJHAUSA,2
SURERA,2
SURELI,2
METPALLI,2
SUKU,2
SUKRITIPUR,2
MORTAD,2
MORAN,2
MONACHERRA,2
CHEMBUR,2
BHUTKIYA BHI,2
TINDHARIA,2
TINAIGHAT,2
SUPEDI,2
SUNDLAK,2
BARSUAN,2
MOLAGAVALLI,2
MOKHAMPURA,2
BASAMPALLE,2
DARIMETA,2
DAPSAURA,2
DAOTUHAJA,2
DANTRA,2
SRUNGAVARAPU,2
KHADAPA,2
TIRUCHANUR,2
TIPPESANDRA,2
MANABAR,2
KANPUR GOODS,2
DANGARI,2
SUKNA,2
KANIYURU,2
SONACHARA  S,2
SOMPUR ROAD,2
KAMRANGA,2
CHATTAR HAT,2
MALLIVIDU,2
MALLICKPURHA,2
KANDAMBAKKAM,2
SONARDIH,2
KANHAIPUR,2
BHISA HALT,2
SRI KALYAN P,2
SONWARA,2
KANKURGACHHI,2
DARLIPUT,2
DARIYAGANJ,2
SOLUR,2
KAMALUR,2
DEOJHAR,2
AMLETHA,2
TOKOPAL,2
TIRUVENNAMAL,2
ALGAPUR,2
CHAUPALE,2
CHAUK,2
CHAUHANI,2
MURGA-MAHADE,2
MURAITHA  HA,2
MUPA,2
MUNGILIPATTU,2
BARWALAROAD,2
DEBRABANDHAU,2
KAICHAR,2
BAJAKARE,2
NAGASAMUDRAM,2
KALANA,2
DEVPURA,2
DEVGAM,2
MALIGURA,2
MALAR,2
MALANCHA,2
MALAKA VEMAL,2
CHARMAL,2
CHARDUAR,2
KALAMALLA,2
KALACHAND,2
DESANG,2
KAKBARA,2
NAL HALT,2
DHANAKWADA,2
DHAIPUKHURI,2
SINGWAL,2
NANCHERLA,2
CHANNANI,2
CHANGRABANDH,2
TOZHUPPEDU,2
KHAKHRALA RO,2
SIRHI ITARA,2
SIRD,2
SIRAS,2
BASERI,2
BASARI,2
NAKATI SEMRA,2
NAILALUNG,2
ANAMALAI ROA,2
NARAYANAPURA,2
NARASIMHAPUR,2
NARASAPURAPU,2
MAJHAULI,2
AKONA,2
MAL BAZAR,2
MAKKAJIPALLI,2
MAKARWADI HA,2
KHANDIP,2
KAIMA,2
SINGHABAD,2
JUTURU,2
JURIAGAON,2
JUNA RAJUVAD,2
NALLA-SOPARA,2
NATHAPETTAI,2
JODHPUR CANT,2
BHEJA,2
KHARAHAT,2
CHANDRANATHP,2
BIHARA,2
TUNDU,2
TULUKAPATTI,2
MAJRIKHADAN,2
NARIMOGARU,2
NARI-KHETRI,2
SILARI,2
SILAK JHORI,2
BAHALDA ROAD,2
DHANAPUR-ORI,2
GORAPUR,2
BHADRAULI,2
BHALUKPONG,2
RASULABAD,2
GUDUM,2
GUDDA,2
KUNWAR,2
BARA HAPJAN,2
BARA BANI,2
VONDH,2
KURMAHAT,2
KRAPPA HALT,2
PUSHKAR TERM,2
GUMANDEV,2
BATESAR,2
NEORANADI,2
UDAIPURA,2
TYADA,2
MAIRABARI,2
KHARIKATIA,2
KHARGAPUR,2
DHARAKOH,2
BHIKAMKOR,2
SHRIPAT SHRI,2
SHRIKHANDA,2
SHRIBAR,2
SHRI RAMGARH,2
SIDDAPURA,2
JIRIGHAT,2
JIRIBAM,2
SHISHO H,2
NEMAKALLU,2
NEGUN,2
BATADRAWA RO,2
SHIVLAKHA,2
SHIVALINGAPU,2
DHING BAZAR,2
NEW GUMANDEV,2
BIDIYAD,2
BIDANPUR,2
CHANDIPOSHI,2
UDYANKHERI,2
NAYA KHARDIA,2
JHARWASA,2
SHINDURIYA K,2
SHIMILI GUDA,2
SHEODASPURA-,2
JHALRA  HALT,2
JHAGADIYA JN,2
MAHANSAR,2
CHANDAN,2
UGNA,2
BAH,2
BAGTHAR,2
NEW BANESWAR,2
NETHRAVATHI,2
DHING,2
DHIMSIRI,2
NEW SILCHAR,2
NEW NAWADIH,2
SHAITAN SING,2
ANKLESHWAR U,2
DHUWALA,2
CHAMPAJHARAN,2
CHALLAVARIPA,2
UMALLA,2
ULUNDURPET,2
CHANDAUNA HA,2
BANDARKHAL,2
JETHA CHANDA,2
NEW KATNI JU,2
SHANTIGRAMA,2
JERTHI DADHI,2
BHAVDHARI,2
BHATTIAN,2
DIJAOBRA,2
JASAI,2
JARATI,2
UPARMAL,2
CHAMRUA,2
MAHANADI,2
MAHAMANDIR,2
MAHAMADPUR-A,2
KHOWANG,2
DHURANT JWAS,2
DIHAKHO,2
JATINGA,2
NIJBARI,2
BATTULAPURAM,2
BATHUA BAZAR,2
BAGAVATHIPUR,2
ODANIYA CHAC,2
CHAKSU,2
CHAKITING,2
NOLBARI,2
NOKHRA,2
NLACHRVURU E,2
DITOKCHERRA,2
BHAWI,2
SEPON,2
JASALI,2
JAMIRA,2
DOKUR,2
JAITPURA,2
JAITPUR KALA,2
JAISINDER,2
MACHHAKUNDA,2
KIDIYA NAGAR,2
DIYATRA,2
SATH NARAINI,2
JAKKALACHERU,2
JAKANUR H,2
OKHAMADHI,2
JALINDRI,2
DOHRU,2
NONIHAT,2
ISHANAGAR,2
ISAND,2
PALIBA,2
PALAYASIVARA,2
VADAKANNIKAP,2
SARKANPUR,2
SARGIPALI,2
DRAKSHARAMA,2
PAKHAJAN,2
PAHARSAR,2
PADUA,2
JAKLAIR,2
DOMOHNI,2
HUBLI SOUTH,2
HUBLI EAST C,2
KINATTUKKADA,2
BULBULCHANDI,2
VAKADA HALT,2
VAGRA,2
VAGHPURA,2
IRANAGALU,2
DUMETRA,2
DUMDANGI,2
DUM DUMA TOW,2
ARAKKONAM WE,2
ISIVI,2
SAOTA,2
BADHADA,2
GHATWAD,2
RATNAL,2
RADHOGARH,2
KOVVADA HALT,2
BISSAU,2
KOTI,2
KYATSNDRA GO,2
KUSUNDA,2
BHALUA,2
BHAIRABI,2
PURANIGUDAM,2
QADIAN,2
PUVANUR,2
AUNLAJORI JN,2
GUMTO,2
SALONA,2
BHANSI,2
KODINAR,2
KODIMBALA,2
BUDHA PUSHKA,2
VALLIVEDU,2
BANNIKOPPA,2
BANKAPASI,2
SAMUDRAM,2
SAMRAU,2
SAMNI JN.,2
BADEARAPUR,2
SANDHANI DHA,2
PANSAR,2
SALEMGARH MA,2
LEPETKATA,2
BILARA,2
AIYANAPURAM,2
VANGANUR,2
BUDORA,2
LNGOHTA,2
LINGTI,2
PARIKKAL,2
PARHANA MAU,2
BADAMPAHAR,2
HOLDING LINE,2
SAMAGURI,2
PATASAHI,2
FATEHABAD,2
SAKARIYA,2
GAGARIYA,2
GADRA ROAD,2
LATHIKATA,2
LATAGURI JN,2
BORRAGUHALU,2
VARADAPUR,2
BENIPURGRAM,2
SALAR KHURD,2
SAKHUN,2
HILARA,2
PARJAPATI HA,2
HITNAL H,2
SALIMPUR BIH,2
GAHLOTA,2
HATIKHALI,2
HATIBARI,2
PERANI,2
LANGTING,2
LANGCHOLIET,2
LAMBIYA,2
KOMALI,2
VELANGI HALT,2
VEJALAKA,2
VAVANIYA,2
PATHARKHOLA,2
HINOTA RAMBA,2
GAJNER,2
HATUNDI,2
HANSIAWAS,2
PHIDING,2
LALIT LACHMI,2
LALAWADI,2
LALABAZAR,2
BORAWAR,2
BORADIGHI,2
VEMULAPADU,2
LARABAD BH,2
LAOPANI,2
PENDLIMARRI,2
PETRAPOLE,2
HARLA PUR,2
GAIGHAT HALT,2
RUPAHELI,2
GANGAVARAM H,2
GANGANPALLE,2
PHULWARIA,2
BORIDRA,2
KORATLA,2
KORAHIA,2
LAKKAVARAPUK,2
BAP,2
ARTALAKATTA,2
ARMOOR,2
Reddipalaiya,2
GANGA YAPALL,2
HANSARA,2
HANDAPA,2
GEGAL AKHRI,2
LAIN BAZAR,2
BODDAVARA,2
LAKHPAT,2
GARMADI,2
HALAKATTA,2
HAILAKANDI,2
PIPLIYA ROAD,2
PIPLEE,2
BESROLI,2
GAMANI,2
RUPAIGAON,2
RUPAI,2
GUMMAN,2
AVIDHA,2
LADPURA,2
KOTIPALLI,2
BARAPALASI,2
GAYABARI,2
REGADIPALLI,2
HABAIPUR,2
HALUDPUKUR,2
HALBARGA,2
POLAPATTHAR,2
PIYALA BLOCK,2
BHACHHBAR,2
PORJANPUR,2
PIPAR CITY,2
KULDIHA,2
YESVANTPUR B,2
BIRMITRAPUR,2
BIRARI,2
KUARMUNDA,2
RAJPIPLA,2
RAJOSI,2
ASPARI,2
RAMANUJAMPAL,2
GIDAM,2
RAMPURA,2
RAMPUR BAZAR,2
RAJ-PARDI,2
RAIRANGPUR,2
RAILA ROAD,2
RANGAPHAR CR,2
MARWAR RANAW,2
MARICHETHAL,2
CHIRAI,2
KATLICHERA,2
KATKOLA,2
CHIKHLI,2
AMARAVATHI C,2
TEKTAR F,2
CHIMIDIPALLI,2
MARIKAL,2
BIMALGARH JN,2
WEST CABIN T,1
CHITODA,1
TENERI HALT,1
AMAR SAHEED,1
CHIKKADAVADI,1
LADDIVADI,1
PINAGORIA,1
HARISING,1
LAL KALAN,1
BOLWAD,1
AWAPUR F,1
AYANDUR,1
BACHHARPUR H,1
VANGAICHUNGP,1
SALEMPUR HAL,1
SALGAJHARI,1
PANJWARA ROA,1
PAPINAYAKANA,1
PUDUCHATTI,1
PARANUR,1
DOMBIVLI CTL,1
DUDH SAGAR,1
LUDHIANA JN,1
SATYAVALLI,1
CARANZOL,1
SENGULAM,1
MADIMANGALAM,1
NEW RUNNISAI,1
NEW WEST CAB,1
BANDRA,1
SHIKARIPARA,1
SHMATA VD KATRA,1
JHANSI A CAB,1
KURVA,1
VIVEKANANDA,1
NATIONAL THE,1
SONAUILM,1
MOTA SURKA,1
MUGAIYUR HAL,1
MANDAR VIDYA,1
BARTARA  HAL,1
KARCHIYA YAR,1
MANGARPATTI,1
MELALATHUR,1
AMBALA CANT JN,1
MANJHAULI GR,1
KARIGANURU,1
CHOTIPADOLI,1
BARMASIA,1
CHHOTAKI MAS,1
BAMANI,1
RAMGHAT  HAL,1
ADALPAHARI,1
