Train_No,Distance,Route_Type
107,78,Short
108,83,Short
128,978,Long
290,2694,Long
401,1618,Long
421,1276,Long
422,1277,Long
477,2616,Long
502,1206,Long
504,1313,Long
506,1161,Long
557,1301,Long
604,1429,Long
1011,841,Long
1037,513,Medium
1038,503,Medium
1045,563,Medium
1119,1329,Long
1120,1319,Long
1122,569,Medium
1196,1332,Long
1301,976,Long
1302,973,Long
1442,1581,Long
1655,1050,Long
1656,1050,Long
1705,1261,Long
1706,1262,Long
1707,1360,Long
1708,1362,Long
2025,579,Medium
2026,569,Medium
2191,1123,Long
2192,1123,Long
2195,551,Medium
2196,549,Medium
2515,3939,Long
2651,62,Short
2652,62,Short
2731,1854,Long
2732,1853,Long
2821,2066,Long
2822,2073,Long
2833,2332,Long
2834,2351,Long
2841,1656,Long
2842,1656,Long
2845,1770,Long
2846,1791,Long
3101,523,Medium
3102,522,Medium
3301,58,Short
3302,58,Short
3305,3,Short
3306,3,Short
3307,4,Short
3308,4,Short
3501,1193,Long
3502,1193,Long
4401,710,Medium
4402,710,Medium
4409,653,Medium
4410,653,Medium
4419,1916,Long
4420,1924,Long
4735,691,Medium
4736,691,Medium
4767,67,Short
4768,67,Short
4769,67,Short
4770,67,Short
4771,232,Short
4772,232,Short
4773,125,Short
4774,125,Short
4801,21,Short
4802,21,Short
4831,882,Long
4832,881,Long
4851,197,Short
4852,197,Short
4853,42,Short
4854,42,Short
4921,81,Short
4922,81,Short
4991,99,Short
4992,99,Short
5061,112,Short
5062,112,Short
5065,503,Medium
5066,505,Medium
5105,64,Short
5106,64,Short
5305,136,Short
5306,136,Short
5309,81,Short
5310,81,Short
5521,81,Short
5522,81,Short
5613,85,Short
5614,85,Short
5619,153,Short
5620,153,Short
5631,380,Medium
5632,379,Medium
5715,87,Short
5716,87,Short
5719,204,Short
5720,205,Short
5863,89,Short
5864,88,Short
5865,426,Medium
5866,425,Medium
6001,649,Medium
6002,649,Medium
6006,699,Medium
6009,1844,Long
6010,1843,Long
6041,849,Long
6042,851,Long
6043,849,Long
6044,852,Long
6046,852,Long
6047,849,Long
6048,852,Long
6049,855,Long
6050,857,Long
6053,626,Medium
6054,627,Medium
6057,1656,Long
6058,1655,Long
6065,500,Medium
6066,501,Medium
6067,522,Medium
6068,522,Medium
6081,45,Short
6082,45,Short
6412,2462,Long
6512,77,Short
6513,17,Short
6541,881,Long
6542,878,Long
6547,632,Medium
6548,634,Medium
6579,1089,Long
6580,1086,Long
6581,607,Medium
6582,604,Medium
6591,62,Short
6592,61,Short
6593,10,Short
6594,10,Short
6595,33,Short
6596,33,Short
6647,89,Short
6648,89,Short
6769,116,Short
6770,116,Short
6851,10,Short
6852,10,Short
6853,10,Short
6854,10,Short
6919,247,Short
6920,248,Short
7005,2276,Long
7006,2297,Long
7007,2023,Long
7008,2033,Long
7016,670,Medium
7044,735,Medium
7061,217,Short
7062,437,Medium
7075,554,Medium
7076,553,Medium
7109,1589,Long
7110,1593,Long
7113,1543,Long
7133,1508,Long
7134,1511,Long
7141,1560,Long
7142,1563,Long
7146,763,Medium
7149,2563,Long
7211,1433,Long
7212,1436,Long
7213,1221,Long
7214,1226,Long
7217,1360,Long
7218,1363,Long
7410,1147,Long
7417,1330,Long
7418,1331,Long
7425,537,Medium
7426,537,Medium
7429,742,Medium
7430,744,Medium
7431,597,Medium
7432,597,Medium
7435,555,Medium
7436,554,Medium
7438,1533,Long
7439,1533,Long
7487,735,Medium
7505,1973,Long
7509,1886,Long
7517,350,Medium
7525,322,Medium
7526,322,Medium
7603,624,Medium
7604,624,Medium
7607,1014,Long
7608,1016,Long
7613,1636,Long
7614,1641,Long
7644,597,Medium
7645,587,Medium
7757,314,Medium
7758,314,Medium
7941,587,Medium
7942,597,Medium
8001,39,Short
8002,39,Short
8014,12,Short
8017,39,Short
8018,39,Short
8035,120,Short
8036,120,Short
8051,39,Short
8052,39,Short
8061,1847,Long
8062,1838,Long
8063,115,Short
8064,2039,Long
8065,115,Short
8082,30,Short
8087,30,Short
8101,40,Short
8102,40,Short
8301,1567,Long
8302,1567,Long
8403,495,Medium
8404,497,Medium
8501,700,Medium
8502,698,Medium
8511,471,Medium
8512,471,Medium
8567,1571,Long
8568,1578,Long
8573,760,Medium
8574,759,Medium
8581,11,Short
8582,11,Short
8617,1365,Long
8618,1356,Long
8627,484,Medium
8628,481,Medium
8872,133,Short
9003,1355,Long
9004,1358,Long
9005,1373,Long
9006,1376,Long
9011,1209,Long
9012,1211,Long
9433,780,Medium
9434,780,Medium
9621,1281,Long
9622,1281,Long
9721,429,Medium
9722,429,Medium
9761,125,Short
9809,447,Medium
9810,450,Medium
10103,590,Medium
10104,594,Medium
10111,590,Medium
10112,594,Medium
10215,726,Medium
10216,727,Medium
11001,348,Medium
11002,348,Medium
11003,502,Medium
11004,504,Medium
11005,1636,Long
11006,1639,Long
11007,191,Short
11008,191,Short
11009,191,Short
11010,191,Short
11011,723,Medium
11012,723,Medium
11013,1515,Long
11014,1515,Long
11015,1678,Long
11016,1677,Long
11017,1631,Long
11018,1634,Long
11019,1941,Long
11020,1941,Long
11021,1843,Long
11022,1845,Long
11023,517,Medium
11024,517,Medium
11025,545,Medium
11026,545,Medium
11027,1281,Long
11028,1283,Long
11029,517,Medium
11030,517,Medium
11031,108,Short
11032,108,Short
11033,1955,Long
11034,1953,Long
11035,1210,Long
11036,1213,Long
11037,1777,Long
11038,1777,Long
11039,1352,Long
11040,1353,Long
11041,1281,Long
11042,1283,Long
11043,1696,Long
11044,1700,Long
11045,2894,Long
11046,2892,Long
11047,278,Short
11048,279,Short
11049,949,Long
11050,949,Long
11051,314,Medium
11052,314,Medium
11053,1552,Long
11054,1551,Long
11055,1732,Long
11056,1732,Long
11057,2026,Long
11058,2029,Long
11059,1772,Long
11060,1770,Long
11061,1885,Long
11062,1883,Long
11063,352,Medium
11064,352,Medium
11067,1510,Long
11068,1509,Long
11071,1645,Long
11072,1647,Long
11073,1265,Long
11074,1267,Long
11075,651,Medium
11076,651,Medium
11077,2155,Long
11078,2157,Long
11079,1745,Long
11080,1745,Long
11081,1731,Long
11082,1731,Long
11083,1153,Long
11084,1153,Long
11085,574,Medium
11086,578,Medium
11087,1053,Long
11088,1053,Long
11089,1074,Long
11090,1072,Long
11091,981,Long
11092,981,Long
11093,1516,Long
11094,1515,Long
11095,623,Medium
11096,622,Medium
11097,1278,Long
11098,1279,Long
11101,1373,Long
11102,1373,Long
11103,1321,Long
11104,1321,Long
11107,629,Medium
11108,629,Medium
11109,291,Short
11110,291,Short
11111,939,Long
11112,941,Long
11123,1051,Long
11124,1054,Long
11125,561,Medium
11126,561,Medium
11201,1015,Long
11202,1015,Long
11203,1340,Long
11204,1340,Long
11205,699,Medium
11206,699,Medium
11265,432,Medium
11266,434,Medium
11272,737,Medium
11301,1154,Long
11302,1154,Long
11303,989,Long
11304,987,Long
11307,221,Short
11308,223,Short
11309,267,Short
11310,267,Short
11401,1053,Long
11402,1052,Long
11403,1026,Long
11404,1026,Long
11405,811,Long
11406,812,Long
11407,1478,Long
11408,1478,Long
11423,357,Medium
11424,356,Medium
11447,1156,Long
11448,1155,Long
11449,1561,Long
11450,1564,Long
11463,1416,Long
11464,1417,Long
11465,1572,Long
11466,1575,Long
11651,344,Medium
11652,345,Medium
11701,751,Medium
11702,751,Medium
11703,823,Long
11704,821,Long
11801,215,Short
11802,215,Short
11901,292,Short
11902,294,Short
12001,688,Medium
12002,690,Medium
12003,504,Medium
12004,504,Medium
12005,268,Short
12006,268,Short
12007,498,Medium
12008,499,Medium
12009,490,Medium
12010,490,Medium
12011,268,Short
12012,268,Short
12013,447,Medium
12014,447,Medium
12015,442,Medium
12016,442,Medium
12017,314,Medium
12018,314,Medium
12019,436,Medium
12020,434,Medium
12021,402,Medium
12022,401,Medium
12023,530,Medium
12024,531,Medium
12025,598,Medium
12026,598,Medium
12027,360,Medium
12028,361,Medium
12029,447,Medium
12030,447,Medium
12031,447,Medium
12032,447,Medium
12033,430,Medium
12034,430,Medium
12035,240,Short
12036,240,Short
12037,328,Medium
12038,328,Medium
12039,283,Short
12040,283,Short
12041,560,Medium
12042,560,Medium
12043,397,Medium
12044,397,Medium
12045,243,Short
12046,243,Short
12047,385,Medium
12048,385,Medium
12049,181,Short
12050,183,Short
12051,581,Medium
12052,585,Medium
12053,406,Medium
12054,406,Medium
12055,304,Medium
12056,304,Medium
12057,386,Medium
12058,386,Medium
12059,447,Medium
12060,450,Medium
12061,330,Medium
12062,330,Medium
12065,389,Medium
12066,389,Medium
12067,376,Medium
12068,375,Medium
12069,419,Medium
12070,411,Medium
12071,422,Medium
12072,422,Medium
12073,442,Medium
12074,441,Medium
12075,399,Medium
12076,398,Medium
12077,453,Medium
12078,453,Medium
12079,470,Medium
12080,468,Medium
12081,500,Medium
12082,499,Medium
12083,361,Medium
12084,361,Medium
12085,506,Medium
12086,505,Medium
12087,332,Medium
12088,332,Medium
12101,1956,Long
12102,1963,Long
12103,1478,Long
12104,1478,Long
12105,971,Long
12106,972,Long
12107,1408,Long
12108,1408,Long
12109,260,Short
12110,260,Short
12111,676,Medium
12112,676,Medium
12113,895,Long
12114,895,Long
12115,456,Medium
12116,457,Medium
12117,244,Short
12118,244,Short
12119,180,Short
12120,180,Short
12121,883,Long
12122,886,Long
12123,191,Short
12124,191,Short
12125,190,Short
12126,190,Short
12127,191,Short
12128,191,Short
12129,2026,Long
12130,2033,Long
12131,330,Medium
12132,330,Medium
12133,903,Long
12134,909,Long
12135,895,Long
12136,895,Long
12137,1910,Long
12138,1913,Long
12139,841,Long
12140,841,Long
12141,1693,Long
12142,1692,Long
12143,1540,Long
12144,1541,Long
12145,1888,Long
12146,1895,Long
12147,1897,Long
12148,1900,Long
12149,1757,Long
12150,1756,Long
12151,2089,Long
12152,2095,Long
12153,820,Long
12154,820,Long
12155,681,Medium
12156,683,Medium
12157,265,Short
12158,265,Short
12159,725,Medium
12160,725,Medium
12161,1320,Long
12162,1320,Long
12163,1278,Long
12164,1281,Long
12165,1488,Long
12166,1487,Long
12167,1500,Long
12168,1500,Long
12169,265,Short
12170,265,Short
12171,1756,Long
12172,1759,Long
12173,1581,Long
12174,1581,Long
12175,1291,Long
12176,1292,Long
12177,1451,Long
12178,1453,Long
12179,323,Medium
12180,323,Medium
12181,1024,Long
12182,1024,Long
12183,754,Medium
12184,754,Medium
12185,555,Medium
12186,557,Medium
12187,996,Long
12188,996,Long
12189,937,Long
12190,938,Long
12191,1021,Long
12192,1019,Long
12193,1747,Long
12194,1734,Long
12195,375,Medium
12196,375,Medium
12197,484,Medium
12198,484,Medium
12201,1513,Long
12202,1517,Long
12203,1711,Long
12204,1714,Long
12205,304,Medium
12206,304,Medium
12207,768,Medium
12208,768,Medium
12209,415,Medium
12210,415,Medium
12211,1057,Long
12212,1059,Long
12213,2350,Long
12214,2351,Long
12215,1431,Long
12216,1429,Long
12217,3086,Long
12218,3084,Long
12219,774,Medium
12220,774,Medium
12221,2026,Long
12222,2033,Long
12223,1301,Long
12224,1306,Long
12225,795,Medium
12226,796,Medium
12227,831,Long
12228,831,Long
12229,492,Medium
12230,492,Medium
12231,644,Medium
12232,644,Medium
12235,2446,Long
12236,2448,Long
12237,1253,Long
12238,1253,Long
12239,1157,Long
12240,1158,Long
12241,247,Short
12242,247,Short
12243,491,Medium
12244,493,Medium
12245,1957,Long
12246,1959,Long
12247,1355,Long
12248,1358,Long
12249,1425,Long
12250,1426,Long
12251,1611,Long
12252,1605,Long
12253,2478,Long
12254,2477,Long
12257,798,Medium
12258,797,Medium
12259,1448,Long
12260,1449,Long
12261,1972,Long
12262,1979,Long
12263,1498,Long
12264,1501,Long
12265,577,Medium
12266,577,Medium
12267,490,Medium
12268,490,Medium
12269,2156,Long
12270,2155,Long
12273,1516,Long
12274,1517,Long
12275,629,Medium
12276,629,Medium
12277,504,Medium
12278,503,Medium
12279,385,Medium
12280,388,Medium
12281,1714,Long
12282,1717,Long
12283,2636,Long
12284,2634,Long
12285,1651,Long
12286,1652,Long
12289,841,Long
12290,841,Long
12291,364,Medium
12292,363,Medium
12293,1353,Long
12294,1352,Long
12295,2703,Long
12296,2697,Long
12297,623,Medium
12298,622,Medium
12301,1438,Long
12302,1439,Long
12303,1516,Long
12304,1517,Long
12305,1516,Long
12306,1517,Long
12307,1803,Long
12308,1805,Long
12309,987,Long
12310,987,Long
12311,1699,Long
12312,1700,Long
12313,1448,Long
12314,1449,Long
12315,2119,Long
12316,2120,Long
12317,1884,Long
12318,1885,Long
12319,1416,Long
12320,1417,Long
12321,2165,Long
12322,2167,Long
12323,1425,Long
12324,1426,Long
12325,1792,Long
12326,1793,Long
12327,1577,Long
12328,1577,Long
12329,1435,Long
12330,1436,Long
12331,2010,Long
12332,2011,Long
12333,878,Long
12334,879,Long
12335,1917,Long
12336,1918,Long
12337,146,Short
12338,146,Short
12339,258,Short
12340,259,Short
12341,199,Short
12342,200,Short
12343,571,Medium
12344,571,Medium
12345,1023,Long
12346,1023,Long
12347,206,Short
12348,206,Short
12349,1206,Long
12350,1206,Long
12351,528,Medium
12352,529,Medium
12353,1299,Long
12354,1300,Long
12355,1506,Long
12356,1506,Long
12357,1807,Long
12358,1807,Long
12359,534,Medium
12360,534,Medium
12361,2043,Long
12362,2044,Long
12363,621,Medium
12364,620,Medium
12365,410,Medium
12366,407,Medium
12367,1193,Long
12368,1193,Long
12369,1525,Long
12370,1526,Long
12371,2245,Long
12372,2246,Long
12373,217,Short
12374,216,Short
12375,1729,Long
12376,1727,Long
12377,718,Medium
12378,718,Medium
12379,1889,Long
12380,1890,Long
12381,1438,Long
12382,1439,Long
12383,221,Short
12384,222,Short
12389,2348,Long
12390,2353,Long
12391,1092,Long
12392,1092,Long
12393,987,Long
12394,987,Long
12395,1287,Long
12396,1287,Long
12397,981,Long
12398,981,Long
12401,1049,Long
12402,1049,Long
12405,1461,Long
12406,1464,Long
12407,1821,Long
12408,1824,Long
12409,1613,Long
12410,1608,Long
12411,247,Short
12412,247,Short
12413,1016,Long
12414,1017,Long
12415,815,Long
12416,817,Long
12417,624,Medium
12418,624,Medium
12419,504,Medium
12420,504,Medium
12421,1927,Long
12422,1929,Long
12423,2422,Long
12424,2423,Long
12425,576,Medium
12426,576,Medium
12427,844,Long
12428,844,Long
12431,2841,Long
12432,2840,Long
12433,2156,Long
12434,2155,Long
12435,2452,Long
12436,2454,Long
12437,1651,Long
12438,1652,Long
12439,1297,Long
12440,1300,Long
12441,1487,Long
12442,1483,Long
12443,1572,Long
12444,1572,Long
12445,654,Medium
12446,654,Medium
12447,676,Medium
12448,679,Medium
12449,2159,Long
12450,2157,Long
12451,430,Medium
12452,430,Medium
12453,1333,Long
12454,1336,Long
12455,790,Medium
12456,790,Medium
12457,455,Medium
12458,455,Medium
12459,447,Medium
12460,447,Medium
12461,618,Medium
12462,619,Medium
12463,614,Medium
12464,615,Medium
12465,905,Long
12466,906,Long
12467,700,Medium
12468,699,Medium
12469,1025,Long
12470,1025,Long
12471,2017,Long
12472,2019,Long
12473,1736,Long
12474,1739,Long
12475,2055,Long
12476,2058,Long
12477,2064,Long
12478,2066,Long
12479,934,Long
12480,932,Long
12481,409,Medium
12482,409,Medium
12483,3290,Long
12484,3288,Long
12485,1937,Long
12486,1940,Long
12487,1364,Long
12488,1364,Long
12489,1244,Long
12490,1244,Long
12491,1609,Long
12492,1612,Long
12493,1498,Long
12494,1501,Long
12495,1878,Long
12496,1876,Long
12497,447,Medium
12498,447,Medium
12501,1914,Long
12502,1914,Long
12503,3032,Long
12504,3032,Long
12505,1850,Long
12506,1850,Long
12507,3932,Long
12508,3930,Long
12509,2992,Long
12510,2993,Long
12511,3239,Long
12512,3245,Long
12513,2564,Long
12514,2567,Long
12515,3932,Long
12516,3930,Long
12517,1027,Long
12518,1027,Long
12519,2568,Long
12520,2567,Long
12521,3427,Long
12522,3435,Long
12523,1496,Long
12524,1499,Long
12525,1584,Long
12526,1583,Long
12527,395,Medium
12529,518,Medium
12530,522,Medium
12531,277,Short
12532,278,Short
12533,1424,Long
12534,1423,Long
12535,903,Long
12536,905,Long
12537,543,Medium
12538,543,Medium
12539,2548,Long
12540,2541,Long
12541,1685,Long
12542,1686,Long
12545,2045,Long
12546,2045,Long
12547,866,Long
12548,864,Long
12549,1847,Long
12550,1858,Long
12551,3024,Long
12552,3024,Long
12553,1167,Long
12554,1170,Long
12555,952,Long
12556,953,Long
12557,1057,Long
12558,1059,Long
12559,745,Medium
12560,745,Medium
12561,1223,Long
12562,1224,Long
12565,1153,Long
12566,1156,Long
12567,219,Short
12568,219,Short
12569,1238,Long
12570,1238,Long
12572,829,Long
12577,3045,Long
12578,3051,Long
12581,745,Medium
12582,745,Medium
12587,1246,Long
12588,1247,Long
12589,1833,Long
12590,1836,Long
12591,2513,Long
12592,2504,Long
12593,581,Medium
12594,581,Medium
12595,760,Medium
12596,761,Medium
12597,1693,Long
12598,1694,Long
12601,883,Long
12602,885,Long
12603,715,Medium
12604,716,Medium
12605,425,Medium
12606,425,Medium
12607,360,Medium
12608,361,Medium
12609,360,Medium
12610,361,Medium
12611,2156,Long
12612,2155,Long
12613,138,Short
12614,138,Short
12615,2169,Long
12616,2168,Long
12617,2751,Long
12618,2748,Long
12619,893,Long
12620,899,Long
12621,2163,Long
12622,2163,Long
12623,913,Long
12624,916,Long
12625,3013,Long
12626,3010,Long
12627,2386,Long
12628,2389,Long
12629,2595,Long
12630,2595,Long
12631,649,Medium
12632,649,Medium
12633,738,Medium
12634,737,Medium
12635,492,Medium
12636,492,Medium
12637,492,Medium
12638,492,Medium
12639,360,Medium
12640,361,Medium
12641,2899,Long
12642,2898,Long
12643,2991,Long
12644,2988,Long
12645,2786,Long
12646,2782,Long
12647,2650,Long
12648,2651,Long
12649,2257,Long
12650,2258,Long
12651,2653,Long
12652,2652,Long
12653,336,Medium
12654,335,Medium
12655,1893,Long
12656,1895,Long
12657,360,Medium
12658,361,Medium
12659,2579,Long
12660,2579,Long
12661,665,Medium
12662,665,Medium
12663,2005,Long
12664,2004,Long
12665,2407,Long
12666,2406,Long
12667,722,Medium
12668,722,Medium
12669,2348,Long
12670,2343,Long
12671,526,Medium
12672,529,Medium
12673,491,Medium
12674,493,Medium
12675,491,Medium
12676,493,Medium
12677,581,Medium
12678,582,Medium
12679,491,Medium
12680,493,Medium
12681,491,Medium
12682,493,Medium
12683,617,Medium
12684,616,Medium
12685,883,Long
12686,885,Long
12687,3067,Long
12688,3064,Long
12689,918,Long
12690,920,Long
12691,528,Medium
12692,528,Medium
12693,652,Medium
12694,651,Medium
12695,914,Long
12696,916,Long
12697,901,Long
12698,903,Long
12701,791,Medium
12702,793,Medium
12703,1549,Long
12704,1548,Long
12705,391,Medium
12706,390,Medium
12707,2292,Long
12708,2294,Long
12709,651,Medium
12710,650,Medium
12711,430,Medium
12712,429,Medium
12713,358,Medium
12714,358,Medium
12715,2056,Long
12716,2059,Long
12717,350,Medium
12718,350,Medium
12719,1718,Long
12720,1720,Long
12721,1662,Long
12722,1662,Long
12723,1669,Long
12724,1669,Long
12725,491,Medium
12726,488,Medium
12727,718,Medium
12728,719,Medium
12729,658,Medium
12730,658,Medium
12731,790,Medium
12732,790,Medium
12733,661,Medium
12734,661,Medium
12735,686,Medium
12736,686,Medium
12737,575,Medium
12738,575,Medium
12739,708,Medium
12740,708,Medium
12741,2243,Long
12742,2238,Long
12747,353,Medium
12748,353,Medium
12749,441,Medium
12750,438,Medium
12757,305,Medium
12758,305,Medium
12759,797,Medium
12760,798,Medium
12761,712,Medium
12762,710,Medium
12763,744,Medium
12764,743,Medium
12765,1305,Long
12766,1305,Long
12767,1572,Long
12768,1578,Long
12769,711,Medium
12770,711,Medium
12771,587,Medium
12772,586,Medium
12773,1590,Long
12774,1589,Long
12775,598,Medium
12776,598,Medium
12777,1295,Long
12778,1297,Long
12779,2148,Long
12780,2151,Long
12781,2602,Long
12782,2602,Long
12783,710,Medium
12784,708,Medium
12785,623,Medium
12786,623,Medium
12791,1843,Long
12792,1840,Long
12795,314,Medium
12796,314,Medium
12797,707,Medium
12798,707,Medium
12801,1860,Long
12802,1860,Long
12803,2076,Long
12804,2076,Long
12805,688,Medium
12806,689,Medium
12807,1900,Long
12808,1895,Long
12809,1972,Long
12810,1979,Long
12811,1701,Long
12812,1709,Long
12813,254,Short
12814,253,Short
12815,1794,Long
12816,1788,Long
12817,1291,Long
12818,1294,Long
12819,1774,Long
12820,1774,Long
12821,504,Medium
12822,503,Medium
12823,1255,Long
12824,1266,Long
12825,1297,Long
12826,1300,Long
12827,323,Medium
12828,323,Medium
12829,1222,Long
12830,1222,Long
12831,725,Medium
12832,722,Medium
12833,2097,Long
12834,2098,Long
12835,1891,Long
12836,1891,Long
12837,504,Medium
12838,503,Medium
12839,1664,Long
12840,1663,Long
12841,1664,Long
12842,1663,Long
12843,2148,Long
12844,2141,Long
12845,1510,Long
12846,1510,Long
12847,185,Short
12848,186,Short
12849,1312,Long
12850,1305,Long
12851,1412,Long
12852,1409,Long
12853,889,Long
12854,897,Long
12855,416,Medium
12856,405,Medium
12857,185,Short
12858,186,Short
12859,1972,Long
12860,1979,Long
12861,578,Medium
12862,576,Medium
12863,1959,Long
12864,1959,Long
12865,344,Medium
12866,343,Medium
12867,1922,Long
12868,1922,Long
12869,1972,Long
12870,1979,Long
12871,745,Medium
12872,746,Medium
12873,1322,Long
12874,1325,Long
12875,1911,Long
12876,1912,Long
12877,1333,Long
12878,1336,Long
12879,1790,Long
12880,1798,Long
12881,504,Medium
12882,503,Medium
12883,322,Medium
12884,330,Medium
12885,318,Medium
12886,317,Medium
12887,504,Medium
12888,503,Medium
12889,1890,Long
12890,1893,Long
12891,311,Medium
12892,311,Medium
12893,395,Medium
12894,395,Medium
12895,504,Medium
12896,503,Medium
12897,1423,Long
12898,1423,Long
12901,490,Medium
12902,490,Medium
12903,1885,Long
12904,1888,Long
12905,2559,Long
12906,2566,Long
12907,1355,Long
12908,1358,Long
12909,1355,Long
12910,1358,Long
12911,1427,Long
12912,1430,Long
12913,650,Medium
12914,650,Medium
12915,930,Long
12916,933,Long
12917,1075,Long
12918,1077,Long
12919,1598,Long
12920,1601,Long
12921,262,Short
12922,262,Short
12923,606,Medium
12924,606,Medium
12925,1810,Long
12926,1813,Long
12927,391,Medium
12928,391,Medium
12929,344,Medium
12930,344,Medium
12931,490,Medium
12932,490,Medium
12933,490,Medium
12934,490,Medium
12935,251,Short
12936,251,Short
12937,2509,Long
12938,2508,Long
12939,1289,Long
12940,1290,Long
12941,2308,Long
12942,2308,Long
12943,1301,Long
12944,1301,Long
12946,632,Medium
12947,1754,Long
12948,1754,Long
12949,2664,Long
12950,2670,Long
12951,1373,Long
12952,1376,Long
12953,1366,Long
12954,1369,Long
12955,1157,Long
12956,1158,Long
12957,931,Long
12958,934,Long
12959,972,Long
12960,972,Long
12961,831,Long
12962,831,Long
12963,735,Medium
12964,733,Medium
12967,2179,Long
12968,2174,Long
12969,2673,Long
12970,2667,Long
12971,778,Medium
12972,778,Medium
12973,593,Medium
12974,593,Medium
12975,2483,Long
12976,2483,Long
12977,778,Medium
12978,2560,Long
12979,1146,Long
12980,1147,Long
12981,672,Medium
12982,672,Medium
12983,715,Medium
12984,715,Medium
12985,302,Medium
12986,302,Medium
12987,1637,Long
12988,1638,Long
12989,974,Long
12990,976,Long
12991,434,Medium
12992,434,Medium
12993,2288,Long
12994,2295,Long
12995,944,Long
12996,945,Long
13005,1906,Long
13006,1907,Long
13007,1949,Long
13008,1952,Long
13009,1558,Long
13010,1559,Long
13011,340,Medium
13012,340,Medium
13013,111,Short
13014,111,Short
13015,158,Short
13016,158,Short
13017,275,Short
13018,275,Short
13019,1517,Long
13020,1521,Long
13021,691,Medium
13022,692,Medium
13023,658,Medium
13024,658,Medium
13027,275,Short
13028,275,Short
13033,419,Medium
13034,419,Medium
13043,697,Medium
13044,698,Medium
13049,1908,Long
13050,1909,Long
13053,210,Short
13054,210,Short
13063,403,Medium
13064,424,Medium
13071,472,Medium
13072,472,Medium
13103,229,Short
13104,229,Short
13105,680,Medium
13106,681,Medium
13109,112,Short
13110,112,Short
13113,222,Short
13114,222,Short
13117,222,Short
13118,222,Short
13119,1627,Long
13120,1627,Long
13121,740,Medium
13122,741,Medium
13129,78,Short
13130,78,Short
13131,545,Medium
13132,546,Medium
13133,871,Long
13134,871,Long
13135,618,Medium
13136,619,Medium
13137,785,Medium
13138,786,Medium
13141,716,Medium
13142,716,Medium
13145,473,Medium
13146,473,Medium
13147,692,Medium
13148,692,Medium
13149,734,Medium
13150,734,Medium
13151,1978,Long
13152,1979,Long
13153,350,Medium
13154,350,Medium
13155,618,Medium
13156,618,Medium
13157,564,Medium
13158,565,Medium
13159,542,Medium
13160,542,Medium
13161,427,Medium
13162,426,Medium
13163,589,Medium
13164,589,Medium
13165,606,Medium
13166,618,Medium
13167,1462,Long
13168,1463,Long
13169,569,Medium
13170,568,Medium
13185,625,Medium
13186,626,Medium
13187,228,Short
13188,228,Short
13201,1698,Long
13202,1699,Long
13205,223,Short
13206,223,Short
13225,264,Short
13226,264,Short
13233,108,Short
13234,108,Short
13235,305,Medium
13236,305,Medium
13237,1245,Long
13238,1246,Long
13239,1198,Long
13240,1199,Long
13241,271,Short
13242,271,Short
13243,242,Short
13244,242,Short
13245,487,Medium
13246,485,Medium
13247,969,Long
13248,967,Long
13249,193,Short
13250,193,Short
13257,971,Long
13258,971,Long
13287,1112,Long
13288,1113,Long
13301,198,Short
13302,197,Short
13303,295,Short
13304,292,Short
13305,198,Short
13306,198,Short
13307,1600,Long
13308,1600,Long
13319,331,Medium
13320,328,Medium
13329,290,Short
13330,290,Short
13331,367,Medium
13332,367,Medium
13345,208,Short
13346,208,Short
13347,493,Medium
13348,493,Medium
13351,2535,Long
13352,2534,Long
13401,230,Short
13402,230,Short
13403,572,Medium
13404,575,Medium
13409,231,Short
13410,231,Short
13413,1399,Long
13414,1399,Long
13415,399,Medium
13416,399,Medium
13417,659,Medium
13418,660,Medium
13419,239,Short
13420,239,Short
13421,224,Short
13422,224,Short
13423,1748,Long
13424,1749,Long
13425,2141,Long
13426,2130,Long
13429,1405,Long
13430,1405,Long
13465,329,Medium
13466,329,Medium
13483,1447,Long
13484,1447,Long
13501,330,Medium
13502,323,Medium
13505,379,Medium
13506,372,Medium
13507,641,Medium
13508,643,Medium
13509,859,Long
13510,861,Long
13511,166,Short
13512,166,Short
14001,471,Medium
14002,471,Medium
14003,1418,Long
14004,1418,Long
14005,1182,Long
14006,1183,Long
14007,1235,Long
14008,1236,Long
14011,410,Medium
14012,410,Medium
14013,627,Medium
14014,627,Medium
14015,1218,Long
14016,1219,Long
14017,1282,Long
14018,1283,Long
14019,2478,Long
14020,2479,Long
14021,291,Short
14022,291,Short
14033,653,Medium
14034,653,Medium
14035,495,Medium
14036,495,Medium
14041,338,Medium
14042,338,Medium
14043,237,Short
14044,237,Short
14055,2578,Long
14056,2579,Long
14085,263,Short
14086,263,Short
14095,269,Short
14096,269,Short
14101,208,Short
14102,208,Short
14109,213,Short
14110,213,Short
14113,360,Medium
14114,360,Medium
14115,724,Medium
14116,724,Medium
14117,263,Short
14118,263,Short
14119,335,Medium
14120,335,Medium
14123,246,Short
14124,246,Short
14125,202,Short
14126,202,Short
14151,429,Medium
14152,478,Medium
14163,629,Medium
14164,629,Medium
14201,197,Short
14202,197,Short
14203,301,Medium
14204,301,Medium
14205,614,Medium
14206,614,Medium
14207,659,Medium
14208,659,Medium
14209,194,Short
14210,194,Short
14211,188,Short
14212,191,Short
14213,254,Short
14214,255,Short
14215,200,Short
14216,200,Short
14217,875,Long
14218,875,Long
14219,301,Medium
14220,301,Medium
14221,203,Short
14222,203,Short
14227,276,Short
14228,276,Short
14235,558,Medium
14236,558,Medium
14257,793,Medium
14258,793,Medium
14260,319,Medium
14265,845,Long
14266,845,Long
14307,460,Medium
14308,460,Medium
14309,1226,Long
14310,1228,Long
14311,1543,Long
14312,1540,Long
14313,1592,Long
14314,1591,Long
14315,257,Short
14316,257,Short
14317,1165,Long
14318,1168,Long
14319,1021,Long
14320,1020,Long
14321,1409,Long
14322,1407,Long
14323,71,Short
14324,71,Short
14369,722,Medium
14370,722,Medium
14371,201,Short
14372,201,Short
14501,523,Medium
14502,523,Medium
14503,479,Medium
14504,479,Medium
14505,286,Short
14506,286,Short
14511,773,Medium
14512,773,Medium
14519,335,Medium
14520,335,Medium
14521,261,Short
14522,261,Short
14523,1295,Long
14524,1296,Long
14525,314,Medium
14526,314,Medium
14545,212,Short
14546,203,Short
14553,398,Medium
14554,398,Medium
14555,271,Short
14556,271,Short
14601,184,Short
14602,184,Short
14603,1568,Long
14604,1571,Long
14609,635,Medium
14610,635,Medium
14611,1385,Long
14613,236,Short
14614,236,Short
14615,661,Medium
14616,661,Medium
14623,1027,Long
14624,1029,Long
14625,382,Medium
14626,382,Medium
14629,123,Short
14630,123,Short
14631,462,Medium
14632,462,Medium
14633,106,Short
14634,106,Short
14645,639,Medium
14646,639,Medium
14649,1668,Long
14650,1669,Long
14659,919,Long
14660,919,Long
14661,209,Short
14662,209,Short
14673,1650,Long
14674,1653,Long
14681,438,Medium
14682,438,Medium
14703,314,Medium
14704,314,Medium
14707,1211,Long
14708,1209,Long
14709,2094,Long
14710,2091,Long
14711,471,Medium
14712,471,Medium
14713,534,Medium
14714,534,Medium
14715,445,Medium
14716,445,Medium
14717,751,Medium
14718,751,Medium
14723,604,Medium
14724,605,Medium
14731,521,Medium
14732,521,Medium
14795,108,Short
14796,108,Short
14801,735,Medium
14803,479,Medium
14804,479,Medium
14805,2242,Long
14806,2240,Long
14807,150,Short
14808,150,Short
14809,300,Medium
14810,300,Medium
14811,291,Short
14812,291,Short
14853,1193,Long
14854,1194,Long
14863,1145,Long
14864,1146,Long
14865,1170,Long
14866,1171,Long
14887,1082,Long
14888,1082,Long
14889,324,Medium
14890,324,Medium
15001,1122,Long
15002,1124,Long
15003,551,Medium
15004,551,Medium
15005,813,Long
15006,814,Long
15007,503,Medium
15008,505,Medium
15009,329,Medium
15011,698,Medium
15012,698,Medium
15013,1255,Long
15014,1256,Long
15015,2501,Long
15016,2504,Long
15017,1718,Long
15018,1718,Long
15019,81,Short
15020,81,Short
15021,1056,Long
15022,1055,Long
15023,2460,Long
15024,2473,Long
15025,823,Long
15026,823,Long
15027,859,Long
15028,864,Long
15029,1747,Long
15030,1748,Long
15033,243,Short
15034,243,Short
15035,278,Short
15036,277,Short
15037,246,Short
15038,247,Short
15039,107,Short
15040,107,Short
15041,107,Short
15042,107,Short
15043,341,Medium
15044,341,Medium
15045,2285,Long
15046,2286,Long
15047,855,Long
15048,858,Long
15049,879,Long
15050,882,Long
15051,873,Long
15052,875,Long
15053,535,Medium
15054,536,Medium
15055,440,Medium
15056,440,Medium
15057,748,Medium
15058,749,Medium
15059,248,Short
15060,248,Short
15063,1745,Long
15064,1745,Long
15065,1743,Long
15066,1743,Long
15067,1896,Long
15068,1895,Long
15069,333,Medium
15070,333,Medium
15097,1777,Long
15098,1780,Long
15101,1878,Long
15102,1882,Long
15103,234,Short
15104,234,Short
15105,177,Short
15106,179,Short
15111,222,Short
15112,222,Short
15115,996,Long
15116,996,Long
15117,492,Medium
15118,493,Medium
15119,2790,Long
15120,2785,Long
15159,1091,Long
15160,1092,Long
15201,204,Short
15202,204,Short
15203,670,Medium
15204,674,Medium
15205,585,Medium
15206,585,Medium
15209,1520,Long
15210,1523,Long
15211,1485,Long
15212,1486,Long
15215,159,Short
15216,159,Short
15227,2729,Long
15228,2729,Long
15231,1523,Long
15232,1520,Long
15233,534,Medium
15234,534,Medium
15235,535,Medium
15236,536,Medium
15267,1924,Long
15268,1925,Long
15269,1744,Long
15270,1745,Long
15271,549,Medium
15272,550,Medium
15273,955,Long
15274,956,Long
15275,109,Short
15276,109,Short
15279,1182,Long
15280,1185,Long
15283,373,Medium
15284,373,Medium
15417,589,Medium
15418,589,Medium
15463,308,Medium
15464,309,Medium
15483,1638,Long
15484,1638,Long
15529,1253,Long
15530,1255,Long
15531,1612,Long
15532,1615,Long
15547,1963,Long
15548,1963,Long
15549,243,Short
15550,243,Short
15559,2018,Long
15560,2020,Long
15563,1865,Long
15564,1866,Long
15601,2294,Long
15602,2295,Long
15603,571,Medium
15604,570,Medium
15605,233,Short
15606,233,Short
15613,491,Medium
15614,491,Medium
15617,332,Medium
15618,332,Medium
15619,1093,Long
15620,1093,Long
15621,1901,Long
15622,1904,Long
15623,2541,Long
15624,2540,Long
15629,2796,Long
15630,2797,Long
15631,2462,Long
15632,2461,Long
15635,3219,Long
15636,3219,Long
15639,1512,Long
15640,1513,Long
15643,1534,Long
15644,1548,Long
15645,2598,Long
15646,2597,Long
15647,2740,Long
15648,2739,Long
15651,2344,Long
15652,2348,Long
15653,2431,Long
15654,2433,Long
15655,2606,Long
15656,2607,Long
15657,977,Long
15658,977,Long
15659,1555,Long
15660,1554,Long
15661,1228,Long
15662,1232,Long
15665,250,Short
15666,249,Short
15667,3142,Long
15668,3142,Long
15669,250,Short
15670,249,Short
15707,1787,Long
15708,1790,Long
15711,398,Medium
15712,419,Medium
15713,289,Short
15714,289,Short
15715,1834,Long
15716,1834,Long
15717,405,Medium
15718,404,Medium
15719,202,Short
15720,202,Short
15721,752,Medium
15722,773,Medium
15723,545,Medium
15724,545,Medium
15765,262,Short
15766,262,Short
15767,161,Short
15768,161,Short
15769,450,Medium
15770,449,Medium
15771,300,Medium
15772,300,Medium
15815,182,Short
15816,182,Short
15903,2636,Long
15904,2640,Long
15905,4260,Long
15906,4256,Long
15909,3114,Long
15927,595,Medium
15928,595,Medium
15929,3353,Long
15930,3353,Long
15933,2870,Long
15934,2872,Long
15941,1712,Long
15942,1712,Long
15959,1507,Long
15960,1528,Long
15967,604,Medium
15968,603,Medium
16003,1365,Long
16004,1363,Long
16021,498,Medium
16022,499,Medium
16023,143,Short
16024,143,Short
16031,2859,Long
16032,2857,Long
16053,148,Short
16054,146,Short
16057,148,Short
16058,146,Short
16085,144,Short
16086,144,Short
16089,212,Short
16090,213,Short
16093,2086,Long
16094,2083,Long
16101,664,Medium
16102,664,Medium
16105,775,Medium
16106,774,Medium
16115,196,Short
16116,196,Short
16127,1095,Long
16128,1096,Long
16129,31,Short
16130,31,Short
16175,360,Medium
16176,360,Medium
16179,394,Medium
16180,394,Medium
16181,682,Medium
16182,682,Medium
16183,351,Medium
16184,350,Medium
16185,10,Short
16186,10,Short
16187,591,Medium
16188,592,Medium
16203,148,Short
16204,146,Short
16205,372,Medium
16206,372,Medium
16209,2278,Long
16210,2279,Long
16215,138,Short
16216,138,Short
16217,1304,Long
16218,1304,Long
16227,508,Medium
16228,508,Medium
16229,2698,Long
16231,676,Medium
16232,676,Medium
16233,120,Short
16234,120,Short
16235,775,Medium
16301,327,Medium
16302,327,Medium
16303,220,Short
16304,219,Short
16305,282,Short
16306,282,Short
16307,338,Medium
16308,339,Medium
16311,2701,Long
16312,2704,Long
16313,338,Medium
16314,339,Medium
16315,829,Long
16316,830,Long
16317,3769,Long
16318,3765,Long
16331,1953,Long
16332,1954,Long
16333,2407,Long
16334,2411,Long
16335,2348,Long
16336,2352,Long
16337,2253,Long
16338,2258,Long
16339,1874,Long
16340,1875,Long
16341,302,Medium
16342,302,Medium
16343,609,Medium
16344,610,Medium
16345,1510,Long
16346,1514,Long
16347,630,Medium
16348,632,Medium
16349,67,Short
16350,66,Short
16351,1942,Long
16352,1945,Long
16353,1490,Long
16354,1492,Long
16359,2987,Long
16360,2980,Long
16381,2130,Long
16382,2132,Long
16501,1797,Long
16502,1785,Long
16505,1949,Long
16506,1952,Long
16507,2103,Long
16508,2104,Long
16515,667,Medium
16516,649,Medium
16517,579,Medium
16518,578,Medium
16519,148,Short
16520,148,Short
16521,70,Short
16522,70,Short
16523,262,Short
16524,260,Short
16525,934,Long
16526,934,Long
16527,655,Medium
16528,654,Medium
16531,2213,Long
16532,2201,Long
16533,2173,Long
16534,2161,Long
16535,966,Long
16536,964,Long
16557,138,Short
16558,138,Short
16565,833,Long
16566,833,Long
16569,611,Medium
16570,599,Medium
16571,687,Medium
16572,687,Medium
16573,453,Medium
16574,452,Medium
16575,409,Medium
16576,394,Medium
16577,333,Medium
16578,332,Medium
16579,268,Short
16580,267,Short
16581,268,Short
16582,267,Short
16587,2440,Long
16588,2440,Long
16589,797,Medium
16590,794,Medium
16591,668,Medium
16592,668,Medium
16593,1021,Long
16594,1021,Long
16603,620,Medium
16604,619,Medium
16605,691,Medium
16606,689,Medium
16613,2220,Long
16614,2222,Long
16615,334,Medium
16616,334,Medium
16617,498,Medium
16618,498,Medium
16629,631,Medium
16630,632,Medium
16649,703,Medium
16650,702,Medium
16687,3663,Long
16688,3661,Long
16723,858,Long
16724,858,Long
16733,3177,Long
16734,3175,Long
16779,816,Long
16780,817,Long
16787,454,Medium
16788,454,Medium
16790,454,Medium
16791,347,Medium
16792,348,Medium
16793,2916,Long
16794,2912,Long
16853,400,Medium
16854,400,Medium
16855,796,Medium
16856,795,Medium
16857,861,Long
16858,861,Long
16859,983,Long
16860,982,Long
16861,699,Medium
16862,698,Medium
16863,2853,Long
16864,2855,Long
17001,771,Medium
17002,771,Medium
17009,163,Short
17010,162,Short
17011,316,Medium
17012,305,Medium
17013,639,Medium
17014,640,Medium
17015,1135,Long
17016,1135,Long
17017,1467,Long
17018,1468,Long
17019,2002,Long
17020,2004,Long
17021,376,Medium
17022,373,Medium
17023,243,Short
17024,243,Short
17025,341,Medium
17026,341,Medium
17027,243,Short
17028,243,Short
17031,791,Medium
17032,793,Medium
17037,2120,Long
17038,2121,Long
17057,875,Long
17058,875,Long
17063,615,Medium
17064,615,Medium
17201,391,Medium
17202,390,Medium
17203,2051,Long
17204,2053,Long
17205,1346,Long
17206,1347,Long
17207,1129,Long
17208,1130,Long
17209,962,Long
17210,962,Long
17211,768,Medium
17212,768,Medium
17213,1092,Long
17214,1092,Long
17215,619,Medium
17216,619,Medium
17221,1306,Long
17222,1306,Long
17225,693,Medium
17226,691,Medium
17229,1562,Long
17230,1563,Long
17231,1048,Long
17232,1048,Long
17233,375,Medium
17234,374,Medium
17235,669,Medium
17236,668,Medium
17239,382,Medium
17240,383,Medium
17241,76,Short
17242,77,Short
17255,462,Medium
17256,464,Medium
17301,493,Medium
17302,490,Medium
17305,90,Short
17307,993,Long
17308,994,Long
17309,665,Medium
17310,662,Medium
17311,1029,Long
17312,1027,Long
17315,1269,Long
17316,1273,Long
17317,732,Medium
17318,731,Medium
17319,660,Medium
17320,661,Medium
17321,796,Medium
17322,797,Medium
17323,2037,Long
17324,2037,Long
17325,607,Medium
17326,609,Medium
17401,466,Medium
17402,466,Medium
17403,94,Short
17404,94,Short
17405,1154,Long
17406,1153,Long
17407,462,Medium
17408,463,Medium
17409,184,Short
17410,184,Short
17411,517,Medium
17412,517,Medium
17413,302,Medium
17414,302,Medium
17415,904,Long
17416,903,Long
17417,1419,Long
17418,1419,Long
17419,778,Medium
17420,777,Medium
17479,1231,Long
17480,1231,Long
17481,1402,Long
17482,1400,Long
17487,735,Medium
17488,736,Medium
17603,653,Medium
17604,652,Medium
17605,1522,Long
17606,1518,Long
17609,1736,Long
17610,1738,Long
17613,667,Medium
17614,667,Medium
17615,1283,Long
17616,1286,Long
17617,604,Medium
17618,604,Medium
17619,236,Short
17620,236,Short
17621,1148,Long
17622,1148,Long
17623,1675,Long
17624,1677,Long
17625,347,Medium
17626,341,Medium
17639,513,Medium
17640,513,Medium
17641,730,Medium
17642,730,Medium
17643,759,Medium
17644,760,Medium
17651,825,Long
17652,824,Long
17687,416,Medium
17688,419,Medium
18005,1163,Long
18006,1164,Long
18007,260,Short
18008,259,Short
18009,2000,Long
18010,2002,Long
18029,1957,Long
18030,1955,Long
18047,2128,Long
18048,2125,Long
18101,2017,Long
18102,2017,Long
18103,1746,Long
18104,1747,Long
18107,644,Medium
18108,644,Medium
18111,2434,Long
18112,2421,Long
18117,796,Medium
18118,796,Medium
18181,629,Medium
18182,629,Medium
18183,507,Medium
18184,507,Medium
18189,159,Short
18190,159,Short
18191,685,Medium
18192,687,Medium
18201,1207,Long
18202,1212,Long
18203,879,Long
18204,883,Long
18205,1153,Long
18206,1161,Long
18207,1396,Long
18208,1404,Long
18211,660,Medium
18212,665,Medium
18213,1250,Long
18214,1258,Long
18215,1906,Long
18216,1916,Long
18233,1008,Long
18234,1009,Long
18235,720,Medium
18236,721,Medium
18237,1998,Long
18238,1990,Long
18239,520,Medium
18240,406,Medium
18241,463,Medium
18242,471,Medium
18243,1818,Long
18244,1808,Long
18245,1884,Long
18246,1874,Long
18247,468,Medium
18248,465,Medium
18301,321,Medium
18302,321,Medium
18303,340,Medium
18304,340,Medium
18309,378,Medium
18310,381,Medium
18311,890,Long
18312,893,Long
18401,2779,Long
18402,2775,Long
18403,126,Short
18404,126,Short
18405,2013,Long
18406,2005,Long
18407,1697,Long
18408,1691,Long
18409,504,Medium
18410,503,Medium
18413,172,Short
18414,172,Short
18415,396,Medium
18416,396,Medium
18419,998,Long
18420,998,Long
18421,2483,Long
18422,2479,Long
18425,810,Long
18426,803,Long
18437,146,Short
18438,146,Short
18447,784,Medium
18448,784,Medium
18449,926,Long
18450,926,Long
18451,686,Medium
18452,686,Medium
18463,1546,Long
18464,1545,Long
18477,2347,Long
18478,2354,Long
18495,1884,Long
18496,1884,Long
18501,2116,Long
18502,2113,Long
18503,1406,Long
18504,1405,Long
18507,2552,Long
18508,2556,Long
18511,357,Medium
18512,357,Medium
18517,726,Medium
18518,727,Medium
18519,1512,Long
18520,1497,Long
18567,1572,Long
18568,1576,Long
18573,2056,Long
18574,2060,Long
18605,637,Medium
18606,640,Medium
18609,2014,Long
18610,2018,Long
18611,574,Medium
18612,576,Medium
18613,480,Medium
18614,482,Medium
18615,430,Medium
18616,426,Medium
18619,400,Medium
18620,402,Medium
18621,571,Medium
18622,569,Medium
18623,417,Medium
18624,414,Medium
18625,417,Medium
18626,414,Medium
18631,1663,Long
18632,1665,Long
18637,1884,Long
18638,1884,Long
18645,1602,Long
18646,1602,Long
18695,64,Short
18696,64,Short
18697,314,Medium
18698,314,Medium
19015,958,Long
19016,958,Long
19019,1676,Long
19020,1678,Long
19021,1681,Long
19022,1681,Long
19023,1759,Long
19024,1762,Long
19025,567,Medium
19026,567,Medium
19027,1878,Long
19028,1879,Long
19031,1200,Long
19032,1203,Long
19033,297,Short
19034,297,Short
19035,99,Short
19036,99,Short
19037,1832,Long
19038,1831,Long
19039,2142,Long
19040,2140,Long
19041,1909,Long
19042,1910,Long
19045,1732,Long
19046,1730,Long
19051,1786,Long
19052,1785,Long
19053,2121,Long
19054,2120,Long
19055,750,Medium
19056,751,Medium
19057,1403,Long
19058,1402,Long
19061,1635,Long
19062,1636,Long
19063,1596,Long
19064,1595,Long
19107,1537,Long
19108,1539,Long
19115,843,Long
19116,843,Long
19119,435,Medium
19120,435,Medium
19151,300,Medium
19152,300,Medium
19165,1945,Long
19166,1945,Long
19167,1600,Long
19168,1601,Long
19201,1690,Long
19202,1689,Long
19215,958,Long
19217,807,Long
19218,807,Long
19223,1474,Long
19224,1476,Long
19225,489,Medium
19226,489,Medium
19251,438,Medium
19252,438,Medium
19259,2274,Long
19260,2270,Long
19261,2427,Long
19262,2423,Long
19263,1394,Long
19264,1396,Long
19269,2465,Long
19270,2465,Long
19301,1895,Long
19302,1895,Long
19303,262,Short
19304,262,Short
19307,1100,Long
19308,1102,Long
19309,563,Medium
19310,564,Medium
19311,969,Long
19312,970,Long
19313,1347,Long
19314,1347,Long
19321,1394,Long
19322,1395,Long
19323,217,Short
19324,217,Short
19325,1323,Long
19326,1326,Long
19327,302,Medium
19328,302,Medium
19329,481,Medium
19330,481,Medium
19331,2300,Long
19332,2296,Long
19401,1298,Long
19402,1300,Long
19403,1550,Long
19404,1552,Long
19407,1693,Long
19408,1696,Long
19409,1569,Long
19410,1569,Long
19411,489,Medium
19412,491,Medium
19413,2617,Long
19414,2618,Long
19415,1716,Long
19416,1718,Long
19419,1721,Long
19420,1719,Long
19421,1666,Long
19422,1669,Long
19565,1662,Long
19566,1664,Long
19567,2730,Long
19568,2730,Long
19571,201,Short
19572,201,Short
19573,1049,Long
19574,1051,Long
19575,1126,Long
19576,1126,Long
19577,2438,Long
19578,2434,Long
19579,1102,Long
19580,1105,Long
19601,2235,Long
19602,2232,Long
19607,2000,Long
19608,2004,Long
19609,968,Long
19611,1006,Long
19612,1006,Long
19613,847,Long
19614,847,Long
19659,1880,Long
19660,1883,Long
19665,1080,Long
19666,1080,Long
19707,1103,Long
19708,1106,Long
19709,2213,Long
19710,2210,Long
19711,792,Medium
19712,792,Medium
19713,1726,Long
19714,1726,Long
19715,675,Medium
19716,674,Medium
19717,569,Medium
19718,569,Medium
19803,1125,Long
19804,1127,Long
19805,1084,Long
19806,1086,Long
19807,238,Short
19808,239,Short
20501,2412,Long
20502,2413,Long
20601,558,Medium
20602,554,Medium
20651,273,Short
20652,273,Short
20809,1486,Long
20810,1484,Long
20811,981,Long
20812,978,Long
20813,2433,Long
20814,2426,Long
20815,862,Long
20816,862,Long
20817,1893,Long
20818,1894,Long
20889,1234,Long
20890,1233,Long
20901,185,Short
20902,185,Short
20903,1536,Long
20904,1535,Long
21067,95,Short
21068,95,Short
21107,63,Short
21108,63,Short
21125,643,Medium
21126,643,Medium
22101,260,Short
22102,260,Short
22103,1600,Long
22104,1599,Long
22105,191,Short
22106,191,Short
22109,1501,Long
22110,1504,Long
22111,603,Medium
22112,604,Medium
22113,1513,Long
22114,1517,Long
22115,545,Medium
22116,547,Medium
22117,730,Medium
22118,730,Medium
22119,561,Medium
22120,563,Medium
22121,1411,Long
22122,1411,Long
22123,892,Long
22124,892,Long
22125,1518,Long
22126,1521,Long
22127,1122,Long
22128,1123,Long
22131,1543,Long
22132,1543,Long
22133,644,Medium
22134,644,Medium
22135,780,Medium
22136,780,Medium
22137,961,Long
22138,961,Long
22140,457,Medium
22143,667,Medium
22144,667,Medium
22145,136,Short
22146,136,Short
22147,330,Medium
22148,330,Medium
22149,1371,Long
22150,1366,Long
22151,1191,Long
22152,1193,Long
22161,290,Short
22162,292,Short
22163,367,Medium
22164,367,Medium
22165,656,Medium
22166,655,Medium
22168,1050,Long
22181,883,Long
22182,886,Long
22187,330,Medium
22188,330,Medium
22189,238,Short
22190,238,Short
22191,554,Medium
22192,554,Medium
22201,527,Medium
22202,526,Medium
22203,708,Medium
22204,708,Medium
22205,553,Medium
22206,555,Medium
22207,901,Long
22208,904,Long
22209,1373,Long
22210,1376,Long
22213,538,Medium
22214,539,Medium
22307,172,Short
22308,173,Short
22309,560,Medium
22310,560,Medium
22321,239,Short
22322,240,Short
22323,757,Medium
22324,758,Medium
22351,2706,Long
22352,2712,Long
22356,1142,Long
22387,269,Short
22388,270,Short
22401,630,Medium
22402,630,Medium
22403,2364,Long
22404,2363,Long
22405,1193,Long
22406,1193,Long
22407,780,Medium
22408,780,Medium
22409,968,Long
22410,968,Long
22411,2127,Long
22412,2130,Long
22413,1908,Long
22414,1907,Long
22415,2083,Long
22416,2083,Long
22417,768,Medium
22418,768,Medium
22419,809,Long
22420,809,Long
22421,623,Medium
22422,624,Medium
22423,1086,Long
22424,1087,Long
22427,876,Long
22428,876,Long
22429,553,Medium
22430,553,Medium
22431,1255,Long
22432,1255,Long
22433,822,Long
22434,824,Long
22439,655,Medium
22441,194,Short
22442,194,Short
22443,1607,Long
22444,1608,Long
22445,897,Long
22446,897,Long
22447,63,Short
22448,63,Short
22451,1580,Long
22452,1583,Long
22453,458,Medium
22454,458,Medium
22455,1615,Long
22456,1618,Long
22457,1849,Long
22458,1852,Long
22461,654,Medium
22462,654,Medium
22463,172,Short
22464,173,Short
22471,455,Medium
22472,455,Medium
22473,1211,Long
22474,1209,Long
22475,2478,Long
22476,2482,Long
22477,312,Medium
22478,311,Medium
22481,620,Medium
22482,619,Medium
22483,558,Medium
22484,558,Medium
22487,91,Short
22488,91,Short
22497,3101,Long
22501,3617,Long
22502,3617,Long
22511,3011,Long
22512,3006,Long
22531,879,Long
22532,884,Long
22601,1391,Long
22602,1391,Long
22603,1779,Long
22604,1782,Long
22605,1984,Long
22606,1986,Long
22607,617,Medium
22608,616,Medium
22609,404,Medium
22610,405,Medium
22611,2295,Long
22612,2295,Long
22613,1661,Long
22614,1662,Long
22615,466,Medium
22616,469,Medium
22617,336,Medium
22618,336,Medium
22619,2494,Long
22620,2494,Long
22621,399,Medium
22622,398,Medium
22623,556,Medium
22624,557,Medium
22625,360,Medium
22626,361,Medium
22627,457,Medium
22628,457,Medium
22629,1758,Long
22630,1763,Long
22631,2560,Long
22632,2558,Long
22633,2841,Long
22634,2840,Long
22635,319,Medium
22636,320,Medium
22637,896,Long
22638,898,Long
22639,753,Medium
22640,755,Medium
22641,2565,Long
22642,2564,Long
22643,2785,Long
22644,2782,Long
22645,2643,Long
22646,2648,Long
22647,2510,Long
22648,2508,Long
22649,390,Medium
22650,393,Medium
22651,669,Medium
22652,671,Medium
22653,2854,Long
22654,2852,Long
22655,2841,Long
22656,2840,Long
22659,3154,Long
22660,3152,Long
22661,592,Medium
22662,592,Medium
22663,2353,Long
22664,2352,Long
22667,531,Medium
22668,532,Medium
22669,31,Short
22670,31,Short
22677,844,Long
22678,845,Long
22679,226,Short
22680,211,Short
22681,499,Medium
22682,498,Medium
22683,2352,Long
22684,2338,Long
22685,2846,Long
22686,2845,Long
22687,126,Short
22688,126,Short
22691,2337,Long
22692,2355,Long
22697,828,Long
22698,829,Long
22705,2964,Long
22706,2965,Long
22707,760,Medium
22708,759,Medium
22801,804,Long
22803,664,Medium
22804,663,Medium
22805,1871,Long
22806,1869,Long
22807,1657,Long
22808,1656,Long
22809,552,Medium
22810,552,Medium
22811,1717,Long
22812,1718,Long
22813,490,Medium
22814,489,Medium
22815,2144,Long
22816,2145,Long
22817,2106,Long
22818,2107,Long
22819,442,Medium
22821,188,Short
22822,189,Short
22823,1802,Long
22824,1802,Long
22825,1662,Long
22826,1661,Long
22827,1766,Long
22828,1759,Long
22829,2431,Long
22830,2431,Long
22831,1765,Long
22832,1764,Long
22833,1511,Long
22834,1514,Long
22835,502,Medium
22836,500,Medium
22837,2234,Long
22838,2238,Long
22839,417,Medium
22840,417,Medium
22843,966,Long
22844,964,Long
22845,1771,Long
22846,1779,Long
22847,1662,Long
22848,1655,Long
22849,1590,Long
22850,1589,Long
22851,2485,Long
22852,2485,Long
22853,882,Long
22854,880,Long
22855,1613,Long
22856,1612,Long
22857,1567,Long
22858,1566,Long
22859,1247,Long
22860,1247,Long
22861,288,Short
22862,288,Short
22863,1957,Long
22864,1959,Long
22865,1853,Long
22866,1860,Long
22867,1255,Long
22868,1266,Long
22869,780,Medium
22870,780,Medium
22871,1178,Long
22872,1178,Long
22873,930,Long
22874,930,Long
22875,207,Short
22876,207,Short
22877,2289,Long
22878,2293,Long
22879,1178,Long
22880,1178,Long
22881,1705,Long
22882,1706,Long
22883,1493,Long
22884,1504,Long
22885,1701,Long
22886,1704,Long
22887,1970,Long
22888,1973,Long
22889,550,Medium
22890,550,Medium
22891,469,Medium
22892,466,Medium
22893,1795,Long
22894,1801,Long
22897,185,Short
22898,186,Short
22901,944,Long
22902,945,Long
22903,838,Long
22904,838,Long
22905,176,Short
22906,176,Short
22907,1352,Long
22908,1348,Long
22909,2073,Long
22910,2075,Long
22911,1744,Long
22912,1745,Long
22914,1846,Long
22915,1404,Long
22916,1405,Long
22917,1610,Long
22918,1613,Long
22919,1721,Long
22920,1719,Long
22925,69,Short
22926,69,Short
22927,480,Medium
22928,480,Medium
22929,234,Short
22930,234,Short
22931,1226,Long
22932,1227,Long
22933,1146,Long
22934,1147,Long
22935,787,Medium
22936,787,Medium
22937,1600,Long
22938,1600,Long
22939,1689,Long
22940,1697,Long
22941,1393,Long
22942,1396,Long
22943,963,Long
22944,963,Long
22945,986,Long
22946,986,Long
22949,1342,Long
22951,853,Long
22952,853,Long
22953,490,Medium
22954,490,Medium
22955,838,Long
22956,838,Long
22957,430,Medium
22959,556,Medium
22960,556,Medium
22961,547,Medium
22962,547,Medium
22963,780,Medium
22964,780,Medium
22965,929,Long
22966,931,Long
22967,1488,Long
22968,1487,Long
22969,2023,Long
22970,2024,Long
22971,1847,Long
22972,1846,Long
22973,2436,Long
22974,2443,Long
22981,918,Long
22982,919,Long
22983,432,Medium
22989,881,Long
22990,881,Long
22991,910,Long
22992,910,Long
22993,881,Long
22994,881,Long
22995,185,Short
22996,185,Short
23141,30,Short
23142,30,Short
23225,109,Short
23226,109,Short
23345,81,Short
23346,81,Short
23347,204,Short
23348,204,Short
24041,24,Short
24042,24,Short
24227,349,Medium
24228,349,Medium
24369,740,Medium
24370,740,Medium
24887,157,Short
24888,157,Short
25013,76,Short
25014,76,Short
25035,76,Short
25036,76,Short
25201,58,Short
25202,58,Short
25631,173,Short
25632,172,Short
25657,1358,Long
25658,1357,Long
28181,179,Short
28182,179,Short
29019,276,Short
29020,276,Short
30111,45,Short
30112,33,Short
30116,25,Short
30121,51,Short
30122,60,Short
30123,49,Short
30128,66,Short
30135,84,Short
30142,128,Short
30145,102,Short
30152,53,Short
30154,53,Short
30211,9,Short
30311,28,Short
30312,33,Short
30313,33,Short
30314,41,Short
30317,41,Short
30321,85,Short
30322,77,Short
30324,80,Short
30331,55,Short
30332,55,Short
30333,55,Short
30342,87,Short
30344,87,Short
30346,87,Short
30351,37,Short
30353,45,Short
30357,33,Short
30358,33,Short
30361,90,Short
30411,24,Short
30412,24,Short
30413,24,Short
30414,24,Short
30416,24,Short
30451,24,Short
30452,31,Short
30511,30,Short
30552,37,Short
30612,46,Short
30711,67,Short
30712,67,Short
31051,67,Short
31053,67,Short
31055,67,Short
31111,154,Short
31112,154,Short
31151,116,Short
31152,116,Short
31191,15,Short
31192,15,Short
31211,25,Short
31212,25,Short
31213,25,Short
31214,25,Short
31215,25,Short
31216,25,Short
31217,25,Short
31218,25,Short
31219,25,Short
31220,25,Short
31221,25,Short
31222,25,Short
31223,25,Short
31224,25,Short
31225,25,Short
31226,25,Short
31227,25,Short
31228,25,Short
31229,25,Short
31230,25,Short
31231,25,Short
31232,25,Short
31233,25,Short
31234,25,Short
31235,25,Short
31236,25,Short
31237,25,Short
31238,25,Short
31239,25,Short
31240,25,Short
31241,25,Short
31261,20,Short
31311,55,Short
31312,55,Short
31313,55,Short
31314,55,Short
31315,55,Short
31316,55,Short
31317,55,Short
31318,55,Short
31319,55,Short
31320,55,Short
31321,55,Short
31322,55,Short
31323,55,Short
31324,55,Short
31325,55,Short
31326,55,Short
31327,55,Short
31328,55,Short
31329,55,Short
31330,55,Short
31331,55,Short
31332,55,Short
31333,55,Short
31334,55,Short
31335,55,Short
31336,55,Short
31337,55,Short
31338,55,Short
31339,55,Short
31411,40,Short
31412,40,Short
31413,40,Short
31414,40,Short
31415,40,Short
31416,40,Short
31417,40,Short
31418,40,Short
31420,40,Short
31421,40,Short
31422,40,Short
31423,40,Short
31424,40,Short
31425,40,Short
31426,40,Short
31427,40,Short
31428,40,Short
31429,40,Short
31430,40,Short
31431,40,Short
31432,40,Short
31433,40,Short
31434,40,Short
31435,40,Short
31436,40,Short
31437,40,Short
31438,40,Short
31439,40,Short
31440,40,Short
31441,40,Short
31442,40,Short
31443,40,Short
31444,40,Short
31445,40,Short
31446,40,Short
31447,40,Short
31448,40,Short
31449,40,Short
31450,40,Short
31451,40,Short
31471,35,Short
31511,96,Short
31512,96,Short
31513,96,Short
31514,96,Short
31515,96,Short
31516,96,Short
31517,96,Short
31518,96,Short
31519,96,Short
31520,96,Short
31521,96,Short
31522,96,Short
31523,96,Short
31524,96,Short
31525,96,Short
31526,96,Short
31527,96,Short
31528,96,Short
31529,96,Short
31530,96,Short
31531,96,Short
31532,96,Short
31533,96,Short
31534,96,Short
31535,96,Short
31536,96,Short
31537,96,Short
31538,96,Short
31539,96,Short
31540,96,Short
31541,96,Short
31542,96,Short
31571,35,Short
31584,15,Short
31585,15,Short
31586,15,Short
31601,76,Short
31602,76,Short
31611,76,Short
31612,76,Short
31613,76,Short
31614,76,Short
31615,76,Short
31616,76,Short
31617,76,Short
31618,76,Short
31619,76,Short
31620,76,Short
31621,76,Short
31622,76,Short
31623,76,Short
31624,76,Short
31625,76,Short
31626,76,Short
31627,76,Short
31628,76,Short
31629,76,Short
31630,76,Short
31631,76,Short
31632,76,Short
31633,76,Short
31634,76,Short
31636,76,Short
31711,35,Short
31712,35,Short
31713,35,Short
31714,35,Short
31721,26,Short
31722,26,Short
31723,26,Short
31724,26,Short
31725,26,Short
31726,26,Short
31741,43,Short
31742,43,Short
31743,43,Short
31744,43,Short
31745,43,Short
31746,43,Short
31747,43,Short
31748,43,Short
31749,43,Short
31750,43,Short
31751,43,Short
31752,43,Short
31753,43,Short
31754,43,Short
31755,43,Short
31756,43,Short
31757,43,Short
31758,43,Short
31765,154,Short
31766,153,Short
31767,154,Short
31768,153,Short
31770,153,Short
31771,154,Short
31772,153,Short
31781,20,Short
31782,19,Short
31783,20,Short
31784,19,Short
31786,19,Short
31801,102,Short
31802,102,Short
31811,102,Short
31812,102,Short
31813,102,Short
31814,102,Short
31815,102,Short
31816,102,Short
31817,102,Short
31818,102,Short
31819,102,Short
31820,102,Short
31821,102,Short
31822,102,Short
31823,102,Short
31824,102,Short
31825,102,Short
31826,102,Short
31827,102,Short
31828,102,Short
31829,102,Short
31830,102,Short
31831,102,Short
31832,102,Short
31833,102,Short
31834,102,Short
31835,102,Short
31836,102,Short
31837,102,Short
31838,102,Short
31839,102,Short
31840,102,Short
31841,102,Short
31842,102,Short
31843,102,Short
31844,102,Short
31861,128,Short
31862,127,Short
31863,128,Short
31864,127,Short
31865,128,Short
31866,127,Short
31911,119,Short
31912,119,Short
31913,119,Short
31914,119,Short
31915,119,Short
31916,119,Short
31917,119,Short
31918,119,Short
31919,119,Short
31920,119,Short
31921,119,Short
31922,119,Short
31923,119,Short
31924,119,Short
31925,119,Short
31926,119,Short
31927,119,Short
31928,119,Short
31929,119,Short
32211,28,Short
32212,28,Short
32213,28,Short
32214,28,Short
32215,28,Short
32216,28,Short
32217,28,Short
32218,28,Short
32219,28,Short
32220,28,Short
32221,28,Short
32222,28,Short
32223,28,Short
32224,28,Short
32225,28,Short
32226,28,Short
32227,28,Short
32228,28,Short
32229,28,Short
32230,28,Short
32231,28,Short
32232,28,Short
32233,28,Short
32234,28,Short
32235,28,Short
32236,28,Short
32237,28,Short
32238,28,Short
32239,28,Short
32240,28,Short
32241,28,Short
32242,28,Short
32243,28,Short
32244,28,Short
32245,28,Short
32246,28,Short
32247,28,Short
32248,28,Short
32249,28,Short
32250,28,Short
32252,28,Short
32411,39,Short
32412,39,Short
32413,39,Short
32414,39,Short
33061,66,Short
33212,9,Short
33231,15,Short
33232,15,Short
33262,15,Short
33271,50,Short
33282,67,Short
33291,18,Short
33311,52,Short
33312,52,Short
33313,52,Short
33314,52,Short
33315,52,Short
33316,52,Short
33317,52,Short
33318,52,Short
33319,52,Short
33320,52,Short
33321,52,Short
33323,52,Short
33325,52,Short
33351,22,Short
33357,7,Short
33361,54,Short
33362,54,Short
33363,54,Short
33364,54,Short
33365,54,Short
33366,54,Short
33367,54,Short
33382,35,Short
33401,24,Short
33402,25,Short
33411,12,Short
33412,12,Short
33421,20,Short
33422,20,Short
33431,24,Short
33432,25,Short
33433,24,Short
33434,25,Short
33435,24,Short
33436,25,Short
33437,24,Short
33438,25,Short
33439,24,Short
33440,25,Short
33441,24,Short
33443,24,Short
33445,24,Short
33447,24,Short
33511,77,Short
33512,77,Short
33513,77,Short
33514,77,Short
33515,77,Short
33516,77,Short
33517,77,Short
33518,77,Short
33519,77,Short
33520,77,Short
33521,77,Short
33522,77,Short
33523,77,Short
33524,77,Short
33525,77,Short
33526,77,Short
33527,77,Short
33528,77,Short
33529,77,Short
33530,77,Short
33531,77,Short
33532,77,Short
33533,77,Short
33534,77,Short
33536,77,Short
33538,77,Short
33611,32,Short
33612,32,Short
33613,32,Short
33614,32,Short
33615,32,Short
33616,32,Short
33617,32,Short
33618,32,Short
33619,32,Short
33620,32,Short
33621,32,Short
33622,32,Short
33623,32,Short
33624,32,Short
33626,32,Short
33628,32,Short
33630,32,Short
33651,47,Short
33652,47,Short
33653,47,Short
33654,47,Short
33655,47,Short
33656,47,Short
33657,47,Short
33658,47,Short
33659,47,Short
33660,47,Short
33664,47,Short
33666,47,Short
33681,59,Short
33682,60,Short
33685,59,Short
33686,60,Short
33687,59,Short
33688,60,Short
33711,32,Short
33712,32,Short
33713,32,Short
33714,32,Short
33715,32,Short
33716,32,Short
33717,32,Short
33718,32,Short
33719,32,Short
33720,32,Short
33721,32,Short
33722,32,Short
33723,32,Short
33724,32,Short
33725,32,Short
33726,32,Short
33727,32,Short
33728,32,Short
33729,32,Short
33730,32,Short
33731,32,Short
33732,32,Short
33733,32,Short
33734,32,Short
33735,32,Short
33736,32,Short
33737,32,Short
33738,32,Short
33739,32,Short
33751,52,Short
33752,52,Short
33801,79,Short
33802,79,Short
33811,79,Short
33812,79,Short
33813,79,Short
33814,79,Short
33815,79,Short
33816,79,Short
33817,79,Short
33818,79,Short
33819,79,Short
33820,79,Short
33821,79,Short
33822,79,Short
33823,79,Short
33824,79,Short
33825,79,Short
33826,79,Short
33827,79,Short
33828,79,Short
33829,79,Short
33830,79,Short
33831,79,Short
33832,79,Short
33833,79,Short
33834,79,Short
33835,79,Short
33836,79,Short
33837,79,Short
33838,79,Short
33839,79,Short
33840,79,Short
33841,79,Short
33842,79,Short
33843,79,Short
33844,79,Short
33845,79,Short
33846,79,Short
33847,79,Short
33848,79,Short
33849,79,Short
33850,79,Short
33851,79,Short
33852,79,Short
33853,79,Short
33854,79,Short
33855,79,Short
33856,79,Short
33857,79,Short
33858,79,Short
33859,79,Short
33860,79,Short
33861,79,Short
33863,79,Short
33895,65,Short
33896,65,Short
34052,67,Short
34054,67,Short
34056,82,Short
34062,120,Short
34111,30,Short
34112,30,Short
34113,30,Short
34114,30,Short
34115,30,Short
34116,30,Short
34117,30,Short
34118,30,Short
34119,30,Short
34120,30,Short
34121,30,Short
34122,30,Short
34123,30,Short
34124,30,Short
34125,30,Short
34126,30,Short
34127,30,Short
34128,30,Short
34129,30,Short
34130,30,Short
34131,30,Short
34132,30,Short
34133,30,Short
34134,30,Short
34135,30,Short
34136,30,Short
34137,30,Short
34138,30,Short
34139,30,Short
34140,30,Short
34141,30,Short
34142,30,Short
34143,30,Short
34144,30,Short
34145,30,Short
34146,30,Short
34147,30,Short
34148,30,Short
34149,30,Short
34150,30,Short
34151,30,Short
34152,30,Short
34153,30,Short
34154,30,Short
34155,30,Short
34156,30,Short
34157,30,Short
34158,30,Short
34159,30,Short
34160,30,Short
34161,30,Short
34162,30,Short
34163,30,Short
34164,30,Short
34165,30,Short
34166,30,Short
34311,8,Short
34312,8,Short
34313,8,Short
34331,36,Short
34332,36,Short
34334,36,Short
34351,29,Short
34352,28,Short
34353,29,Short
34354,29,Short
34355,29,Short
34356,29,Short
34358,29,Short
34360,28,Short
34411,16,Short
34412,16,Short
34413,16,Short
34414,16,Short
34415,16,Short
34416,16,Short
34417,16,Short
34418,16,Short
34419,16,Short
34420,16,Short
34421,16,Short
34422,16,Short
34423,16,Short
34424,16,Short
34425,16,Short
34426,16,Short
34427,16,Short
34428,16,Short
34429,16,Short
34430,16,Short
34431,16,Short
34432,16,Short
34434,16,Short
34436,16,Short
34501,45,Short
34502,45,Short
34511,45,Short
34512,45,Short
34513,45,Short
34514,45,Short
34515,45,Short
34516,45,Short
34517,45,Short
34518,45,Short
34519,45,Short
34520,45,Short
34521,45,Short
34522,45,Short
34523,45,Short
34524,45,Short
34525,45,Short
34526,45,Short
34527,45,Short
34528,45,Short
34529,45,Short
34530,45,Short
34531,45,Short
34532,45,Short
34533,45,Short
34534,45,Short
34535,45,Short
34536,45,Short
34537,45,Short
34538,45,Short
34539,45,Short
34540,45,Short
34541,45,Short
34542,45,Short
34543,45,Short
34544,45,Short
34545,45,Short
34546,45,Short
34547,45,Short
34548,45,Short
34549,45,Short
34550,45,Short
34551,45,Short
34552,45,Short
34553,45,Short
34554,45,Short
34555,45,Short
34557,45,Short
34601,24,Short
34602,24,Short
34611,24,Short
34612,24,Short
34613,24,Short
34614,24,Short
34615,24,Short
34616,24,Short
34617,24,Short
34618,24,Short
34619,24,Short
34620,24,Short
34621,24,Short
34622,24,Short
34623,24,Short
34624,24,Short
34625,24,Short
34626,24,Short
34627,24,Short
34628,24,Short
34629,24,Short
34630,24,Short
34631,24,Short
34632,24,Short
34633,24,Short
34634,24,Short
34635,24,Short
34636,24,Short
34637,24,Short
34638,24,Short
34639,24,Short
34640,24,Short
34641,24,Short
34642,24,Short
34643,24,Short
34644,24,Short
34645,24,Short
34646,24,Short
34647,24,Short
34648,24,Short
34711,61,Short
34712,61,Short
34713,61,Short
34714,61,Short
34715,61,Short
34716,61,Short
34717,61,Short
34718,61,Short
34719,61,Short
34720,61,Short
34721,61,Short
34722,61,Short
34723,61,Short
34724,61,Short
34725,61,Short
34726,61,Short
34727,61,Short
34728,61,Short
34729,61,Short
34730,61,Short
34731,61,Short
34732,61,Short
34733,61,Short
34734,61,Short
34735,61,Short
34736,61,Short
34737,61,Short
34738,61,Short
34739,61,Short
34740,61,Short
34741,61,Short
34742,61,Short
34743,61,Short
34744,61,Short
34745,61,Short
34746,61,Short
34747,61,Short
34748,61,Short
34749,61,Short
34750,61,Short
34751,61,Short
34752,61,Short
34753,61,Short
34754,61,Short
34755,61,Short
34757,61,Short
34782,94,Short
34791,108,Short
34792,108,Short
34793,108,Short
34794,108,Short
34811,59,Short
34812,59,Short
34813,59,Short
34814,59,Short
34815,59,Short
34816,59,Short
34817,59,Short
34818,59,Short
34819,59,Short
34820,59,Short
34821,59,Short
34822,59,Short
34823,59,Short
34824,59,Short
34825,59,Short
34826,59,Short
34827,59,Short
34828,59,Short
34829,59,Short
34830,59,Short
34831,59,Short
34832,59,Short
34833,59,Short
34834,59,Short
34835,59,Short
34836,59,Short
34837,59,Short
34838,59,Short
34839,59,Short
34840,59,Short
34841,59,Short
34842,59,Short
34843,59,Short
34844,59,Short
34845,59,Short
34846,59,Short
34847,59,Short
34848,59,Short
34849,59,Short
34850,59,Short
34851,59,Short
34852,59,Short
34853,59,Short
34854,59,Short
34855,59,Short
34856,59,Short
34857,59,Short
34858,59,Short
34859,59,Short
34860,59,Short
34881,43,Short
34882,43,Short
34891,34,Short
34892,34,Short
34898,39,Short
34899,39,Short
34911,46,Short
34912,46,Short
34913,46,Short
34914,46,Short
34915,46,Short
34916,46,Short
34917,46,Short
34918,46,Short
34919,46,Short
34920,46,Short
34921,46,Short
34922,46,Short
34923,46,Short
34924,46,Short
34925,46,Short
34926,46,Short
34927,46,Short
34928,46,Short
34929,46,Short
34930,46,Short
34931,46,Short
34932,46,Short
34933,46,Short
34934,46,Short
34981,33,Short
35011,26,Short
35012,26,Short
35013,26,Short
35014,26,Short
35015,26,Short
35016,26,Short
35017,46,Short
35018,46,Short
35019,26,Short
35020,26,Short
35021,26,Short
35022,26,Short
36011,26,Short
36012,26,Short
36031,40,Short
36032,40,Short
36033,40,Short
36034,40,Short
36035,40,Short
36036,40,Short
36037,40,Short
36038,40,Short
36071,58,Short
36072,58,Short
36081,72,Short
36082,72,Short
36083,72,Short
36084,72,Short
36085,72,Short
36086,72,Short
36087,72,Short
36088,72,Short
36811,94,Short
36812,94,Short
36813,94,Short
36814,94,Short
36815,94,Short
36816,94,Short
36817,94,Short
36818,94,Short
36819,94,Short
36820,94,Short
36821,94,Short
36822,94,Short
36823,94,Short
36824,94,Short
36825,94,Short
36826,94,Short
36827,94,Short
36828,94,Short
36829,94,Short
36830,94,Short
36831,94,Short
36832,94,Short
36833,94,Short
36834,94,Short
36835,94,Short
36836,94,Short
36837,94,Short
36838,94,Short
36839,94,Short
36840,94,Short
36841,94,Short
36842,94,Short
36843,94,Short
36844,94,Short
36845,94,Short
36846,94,Short
36847,94,Short
36848,94,Short
36849,94,Short
36850,94,Short
36851,94,Short
36852,94,Short
36853,94,Short
36854,94,Short
36855,94,Short
36856,94,Short
36858,94,Short
36860,94,Short
37011,19,Short
37012,19,Short
37013,19,Short
37014,19,Short
37017,19,Short
37018,19,Short
37019,19,Short
37020,19,Short
37021,19,Short
37022,19,Short
37041,22,Short
37042,22,Short
37043,22,Short
37044,22,Short
37045,22,Short
37046,22,Short
37047,22,Short
37048,22,Short
37049,22,Short
37050,22,Short
37053,22,Short
37054,22,Short
37055,22,Short
37056,22,Short
37057,22,Short
37058,22,Short
37060,22,Short
37061,22,Short
37062,22,Short
37063,22,Short
37064,22,Short
37065,22,Short
37066,22,Short
37067,22,Short
37068,22,Short
37111,6,Short
37112,6,Short
37113,6,Short
37114,6,Short
37115,6,Short
37116,6,Short
37117,6,Short
37118,6,Short
37119,6,Short
37120,6,Short
37121,6,Short
37122,6,Short
37201,39,Short
37202,39,Short
37211,39,Short
37212,39,Short
37213,39,Short
37214,39,Short
37215,39,Short
37216,39,Short
37217,39,Short
37218,39,Short
37219,39,Short
37220,39,Short
37221,39,Short
37222,39,Short
37223,39,Short
37224,39,Short
37225,39,Short
37226,39,Short
37227,39,Short
37228,39,Short
37229,39,Short
37230,39,Short
37231,39,Short
37232,39,Short
37233,39,Short
37234,39,Short
37235,39,Short
37236,39,Short
37237,39,Short
37238,39,Short
37239,39,Short
37240,39,Short
37241,39,Short
37242,39,Short
37243,39,Short
37244,39,Short
37245,39,Short
37246,39,Short
37247,39,Short
37248,39,Short
37249,39,Short
37250,39,Short
37251,39,Short
37252,39,Short
37253,39,Short
37254,39,Short
37255,39,Short
37256,39,Short
37257,39,Short
37258,39,Short
37259,39,Short
37260,39,Short
37261,39,Short
37262,39,Short
37263,39,Short
37264,39,Short
37265,39,Short
37266,39,Short
37267,39,Short
37268,39,Short
37269,39,Short
37270,39,Short
37271,39,Short
37272,39,Short
37273,39,Short
37274,39,Short
37275,39,Short
37276,39,Short
37277,39,Short
37278,39,Short
37279,39,Short
37280,39,Short
37281,39,Short
37282,39,Short
37283,39,Short
37284,39,Short
37285,39,Short
37286,39,Short
37287,39,Short
37288,39,Short
37289,39,Short
37290,39,Short
37291,39,Short
37303,33,Short
37304,33,Short
37305,33,Short
37306,33,Short
37307,44,Short
37308,44,Short
37311,57,Short
37312,57,Short
37313,57,Short
37314,57,Short
37315,57,Short
37316,57,Short
37317,57,Short
37318,57,Short
37319,57,Short
37320,57,Short
37321,57,Short
37322,57,Short
37323,57,Short
37324,57,Short
37325,57,Short
37326,57,Short
37327,57,Short
37328,57,Short
37329,57,Short
37330,57,Short
37331,57,Short
37332,57,Short
37333,57,Short
37334,57,Short
37335,57,Short
37336,57,Short
37337,57,Short
37338,57,Short
37339,57,Short
37340,57,Short
37341,57,Short
37342,57,Short
37343,57,Short
37344,57,Short
37345,57,Short
37346,57,Short
37347,57,Short
37348,57,Short
37349,57,Short
37350,57,Short
37351,57,Short
37352,57,Short
37354,57,Short
37361,81,Short
37362,81,Short
37363,81,Short
37364,81,Short
37365,81,Short
37366,81,Short
37367,81,Short
37368,81,Short
37371,81,Short
37372,81,Short
37373,81,Short
37374,81,Short
37375,81,Short
37376,81,Short
37378,81,Short
37379,81,Short
37385,24,Short
37386,24,Short
37387,24,Short
37388,24,Short
37389,24,Short
37390,24,Short
37391,24,Short
37392,24,Short
37394,24,Short
37411,34,Short
37412,34,Short
37413,34,Short
37414,34,Short
37511,30,Short
37512,30,Short
37521,8,Short
37522,8,Short
37523,8,Short
37524,8,Short
37525,8,Short
37526,8,Short
37527,8,Short
37528,8,Short
37529,8,Short
37530,8,Short
37531,8,Short
37532,8,Short
37533,8,Short
37534,8,Short
37535,8,Short
37536,8,Short
37537,8,Short
37538,8,Short
37539,8,Short
37540,8,Short
37541,8,Short
37542,8,Short
37543,8,Short
37544,8,Short
37545,8,Short
37546,8,Short
37547,8,Short
37548,8,Short
37549,8,Short
37550,8,Short
37551,8,Short
37552,8,Short
37553,8,Short
37554,8,Short
37555,8,Short
37556,8,Short
37557,8,Short
37558,8,Short
37611,60,Short
37612,60,Short
37614,60,Short
37651,81,Short
37652,81,Short
37653,81,Short
37654,81,Short
37655,81,Short
37656,81,Short
37657,81,Short
37658,81,Short
37711,21,Short
37731,42,Short
37732,42,Short
37741,104,Short
37742,104,Short
37743,104,Short
37744,104,Short
37745,104,Short
37746,104,Short
37747,104,Short
37748,104,Short
37750,104,Short
37751,104,Short
37752,104,Short
37753,104,Short
37754,104,Short
37756,104,Short
37757,104,Short
37758,104,Short
37781,67,Short
37782,67,Short
37783,67,Short
37784,67,Short
37785,67,Short
37786,67,Short
37811,106,Short
37812,106,Short
37813,106,Short
37814,106,Short
37815,106,Short
37816,106,Short
37817,106,Short
37818,106,Short
37819,106,Short
37820,106,Short
37821,106,Short
37822,106,Short
37823,106,Short
37824,106,Short
37825,106,Short
37826,106,Short
37827,106,Short
37828,106,Short
37829,106,Short
37830,106,Short
37831,106,Short
37832,106,Short
37833,106,Short
37834,106,Short
37835,106,Short
37836,106,Short
37837,106,Short
37838,106,Short
37839,106,Short
37840,106,Short
37841,106,Short
37842,106,Short
37843,106,Short
37844,106,Short
37845,106,Short
37846,106,Short
37847,106,Short
37848,106,Short
37849,106,Short
37850,106,Short
37851,106,Short
37852,106,Short
37853,106,Short
37854,106,Short
37855,106,Short
37857,106,Short
37911,143,Short
37912,144,Short
37913,143,Short
37914,144,Short
37915,144,Short
37916,144,Short
37917,143,Short
37918,144,Short
37919,144,Short
37920,144,Short
37921,143,Short
37922,144,Short
37923,144,Short
37924,144,Short
37925,144,Short
37926,144,Short
37927,143,Short
37928,144,Short
38031,5,Short
38032,5,Short
38033,5,Short
38034,5,Short
38036,5,Short
38051,140,Short
38052,139,Short
38053,136,Short
38054,68,Short
38055,68,Short
38056,137,Short
38057,140,Short
38058,139,Short
38101,24,Short
38102,24,Short
38103,32,Short
38104,32,Short
38105,32,Short
38106,32,Short
38107,24,Short
38108,32,Short
38202,45,Short
38204,45,Short
38206,37,Short
38301,50,Short
38302,58,Short
38303,58,Short
38304,58,Short
38305,56,Short
38306,58,Short
38307,58,Short
38308,58,Short
38310,55,Short
38312,58,Short
38314,58,Short
38316,50,Short
38318,58,Short
38321,58,Short
38401,71,Short
38402,70,Short
38403,71,Short
38404,70,Short
38405,71,Short
38406,70,Short
38407,63,Short
38408,70,Short
38409,71,Short
38410,70,Short
38411,71,Short
38412,70,Short
38413,71,Short
38414,70,Short
38416,70,Short
38419,71,Short
38421,71,Short
38423,71,Short
38425,71,Short
38427,71,Short
38431,71,Short
38433,71,Short
38437,71,Short
38447,71,Short
38449,71,Short
38451,71,Short
38452,70,Short
38453,71,Short
38454,70,Short
38455,71,Short
38456,70,Short
38501,90,Short
38502,91,Short
38601,54,Short
38602,54,Short
38701,115,Short
38702,115,Short
38703,115,Short
38704,115,Short
38705,115,Short
38706,115,Short
38707,115,Short
38708,115,Short
38709,107,Short
38710,115,Short
38711,115,Short
38713,115,Short
38719,115,Short
38726,115,Short
38728,115,Short
38730,115,Short
38801,128,Short
38802,128,Short
38803,128,Short
38804,128,Short
38805,128,Short
38806,128,Short
38807,128,Short
38808,128,Short
38809,128,Short
38810,128,Short
38811,128,Short
38812,128,Short
38813,128,Short
38814,128,Short
38815,128,Short
38816,128,Short
38817,128,Short
38818,128,Short
38819,128,Short
38820,128,Short
38821,128,Short
38822,128,Short
38823,128,Short
38824,128,Short
38825,129,Short
38826,128,Short
38827,128,Short
38828,128,Short
38829,128,Short
38830,128,Short
38831,128,Short
38832,12,Short
38902,44,Short
38905,51,Short
38908,49,Short
38909,51,Short
38923,51,Short
38924,49,Short
40001,29,Short
40002,29,Short
40003,29,Short
40004,29,Short
40005,29,Short
40006,29,Short
40007,29,Short
40008,29,Short
40009,29,Short
40010,29,Short
40011,29,Short
40012,29,Short
40013,29,Short
40014,29,Short
40015,29,Short
40016,29,Short
40017,29,Short
40018,29,Short
40019,23,Short
40020,29,Short
40021,17,Short
40022,29,Short
40023,29,Short
40025,29,Short
40026,29,Short
40027,29,Short
40028,29,Short
40029,29,Short
40030,29,Short
40031,29,Short
40032,29,Short
40033,29,Short
40034,29,Short
40035,29,Short
40036,29,Short
40037,29,Short
40038,29,Short
40039,29,Short
40040,29,Short
40041,29,Short
40042,17,Short
40043,29,Short
40044,23,Short
40045,29,Short
40046,29,Short
40047,29,Short
40048,29,Short
40049,29,Short
40050,29,Short
40051,29,Short
40052,29,Short
40053,29,Short
40054,29,Short
40055,29,Short
40056,29,Short
40057,29,Short
40058,29,Short
40059,29,Short
40060,29,Short
40061,29,Short
40062,29,Short
40063,29,Short
40064,29,Short
40065,29,Short
40066,29,Short
40067,29,Short
40068,29,Short
40069,29,Short
40070,29,Short
40071,29,Short
40072,29,Short
40073,29,Short
40074,29,Short
40075,29,Short
40076,29,Short
40077,29,Short
40078,29,Short
40079,29,Short
40080,29,Short
40081,29,Short
40082,29,Short
40083,29,Short
40084,29,Short
40085,29,Short
40086,29,Short
40087,29,Short
40088,29,Short
40089,29,Short
40090,29,Short
40091,29,Short
40092,29,Short
40093,29,Short
40094,29,Short
40095,29,Short
40096,29,Short
40097,29,Short
40098,29,Short
40099,29,Short
40100,29,Short
40101,29,Short
40102,29,Short
40103,29,Short
40104,29,Short
40105,29,Short
40106,29,Short
40107,29,Short
40108,29,Short
40109,29,Short
40110,29,Short
40111,29,Short
40112,29,Short
40113,29,Short
40114,29,Short
40115,29,Short
40116,29,Short
40117,29,Short
40118,29,Short
40119,29,Short
40120,29,Short
40121,29,Short
40122,29,Short
40123,29,Short
40124,29,Short
40125,29,Short
40126,29,Short
40127,29,Short
40128,29,Short
40129,29,Short
40130,29,Short
40131,29,Short
40132,29,Short
40133,29,Short
40134,29,Short
40135,29,Short
40136,29,Short
40137,29,Short
40138,29,Short
40139,29,Short
40140,29,Short
40141,29,Short
40142,29,Short
40143,29,Short
40144,29,Short
40145,29,Short
40146,29,Short
40147,29,Short
40148,29,Short
40150,29,Short
40151,29,Short
40152,29,Short
40153,29,Short
40154,29,Short
40155,29,Short
40156,29,Short
40157,29,Short
40158,29,Short
40301,29,Short
40302,29,Short
40303,29,Short
40304,29,Short
40305,29,Short
40306,29,Short
40307,29,Short
40308,29,Short
40309,29,Short
40310,29,Short
40311,29,Short
40312,29,Short
40313,29,Short
40314,29,Short
40315,29,Short
40316,29,Short
40317,29,Short
40318,29,Short
40319,29,Short
40320,29,Short
40321,29,Short
40322,29,Short
40323,29,Short
40324,29,Short
40325,29,Short
40326,29,Short
40327,29,Short
40328,29,Short
40329,29,Short
40330,29,Short
40331,29,Short
40332,29,Short
40333,29,Short
40334,29,Short
40335,29,Short
40336,29,Short
40337,29,Short
40338,29,Short
40339,29,Short
40340,29,Short
40341,29,Short
40342,29,Short
40343,29,Short
40344,29,Short
40345,29,Short
40346,29,Short
40347,29,Short
40348,29,Short
40349,29,Short
40350,29,Short
40351,29,Short
40352,29,Short
40353,29,Short
40354,29,Short
40355,29,Short
40356,29,Short
40357,29,Short
40358,29,Short
40359,29,Short
40360,29,Short
40361,29,Short
40362,29,Short
40363,29,Short
40364,29,Short
40365,29,Short
40366,29,Short
40367,29,Short
40368,29,Short
40369,29,Short
40370,29,Short
40371,29,Short
40372,29,Short
40373,29,Short
40374,29,Short
40375,29,Short
40376,29,Short
40377,29,Short
40378,29,Short
40379,29,Short
40380,29,Short
40381,29,Short
40382,29,Short
40383,29,Short
40384,29,Short
40385,29,Short
40386,29,Short
40387,29,Short
40388,29,Short
40389,29,Short
40390,29,Short
40391,29,Short
40392,29,Short
40393,29,Short
40394,29,Short
40395,29,Short
40396,29,Short
40397,29,Short
40398,29,Short
40399,29,Short
40400,29,Short
40401,29,Short
40402,29,Short
40403,29,Short
40404,29,Short
40405,29,Short
40406,29,Short
40407,29,Short
40408,29,Short
40409,29,Short
40410,29,Short
40411,29,Short
40412,29,Short
40413,29,Short
40414,29,Short
40415,29,Short
40416,29,Short
40417,29,Short
40418,29,Short
40419,29,Short
40420,29,Short
40421,29,Short
40422,29,Short
40501,59,Short
40502,59,Short
40503,59,Short
40504,59,Short
40505,59,Short
40506,59,Short
40507,59,Short
40508,59,Short
40509,59,Short
40510,59,Short
40511,59,Short
40512,59,Short
40513,59,Short
40514,59,Short
40515,59,Short
40516,59,Short
40517,59,Short
40518,59,Short
40519,59,Short
40520,59,Short
40522,59,Short
40523,59,Short
40524,59,Short
40525,59,Short
40526,59,Short
40527,59,Short
40528,59,Short
40529,59,Short
40531,59,Short
40532,59,Short
40533,59,Short
40534,59,Short
40535,59,Short
40536,59,Short
40538,59,Short
40539,59,Short
40540,59,Short
40541,59,Short
40542,59,Short
40543,59,Short
40544,59,Short
40545,59,Short
40547,59,Short
40548,59,Short
40549,59,Short
40550,59,Short
40551,59,Short
40552,59,Short
40553,59,Short
40554,59,Short
40555,59,Short
40556,59,Short
40557,59,Short
40558,59,Short
40559,59,Short
40560,59,Short
40561,59,Short
40562,59,Short
40563,59,Short
40564,59,Short
40565,59,Short
40566,59,Short
40567,59,Short
40568,59,Short
40569,59,Short
40570,59,Short
40571,59,Short
40572,59,Short
40573,59,Short
40574,59,Short
40601,59,Short
40602,59,Short
40603,59,Short
40604,59,Short
40605,59,Short
40606,59,Short
40607,59,Short
40608,59,Short
40609,59,Short
40610,59,Short
40612,59,Short
40613,59,Short
40614,59,Short
40615,59,Short
40616,59,Short
40617,59,Short
40618,59,Short
40619,59,Short
40621,59,Short
40622,59,Short
40623,59,Short
40624,59,Short
40625,59,Short
40626,59,Short
40627,59,Short
40628,59,Short
40629,59,Short
40630,59,Short
40631,59,Short
40632,59,Short
40633,59,Short
40634,59,Short
40635,59,Short
40636,59,Short
40637,59,Short
40638,59,Short
40639,59,Short
40640,59,Short
40641,59,Short
40642,59,Short
40643,59,Short
40644,59,Short
40645,59,Short
40646,59,Short
40647,59,Short
40648,59,Short
40649,59,Short
40650,59,Short
40651,59,Short
40652,59,Short
40653,59,Short
40654,59,Short
40655,59,Short
40656,59,Short
40657,59,Short
40658,59,Short
40659,59,Short
40660,59,Short
40661,59,Short
40662,59,Short
40663,59,Short
40664,59,Short
40665,59,Short
40666,59,Short
40701,108,Short
40702,108,Short
40704,108,Short
40705,108,Short
40706,108,Short
40707,108,Short
40708,108,Short
40709,108,Short
40711,108,Short
40712,108,Short
40751,108,Short
40752,108,Short
40754,108,Short
40755,108,Short
40756,108,Short
40757,108,Short
40758,108,Short
40759,108,Short
40761,108,Short
40762,108,Short
40801,95,Short
40802,95,Short
40803,95,Short
40804,95,Short
40901,48,Short
40902,48,Short
41001,14,Short
41003,14,Short
41006,14,Short
41008,14,Short
41009,14,Short
41012,14,Short
41013,14,Short
41014,14,Short
41015,14,Short
41016,14,Short
41017,14,Short
41020,14,Short
41021,14,Short
41022,14,Short
41023,14,Short
41024,14,Short
41028,14,Short
41029,14,Short
41033,14,Short
41035,14,Short
41036,14,Short
41038,14,Short
41040,14,Short
41042,14,Short
41043,14,Short
41046,14,Short
41048,14,Short
41050,14,Short
41051,14,Short
41055,14,Short
41056,14,Short
41057,14,Short
41060,14,Short
41061,14,Short
41063,14,Short
41064,14,Short
41065,14,Short
41069,14,Short
41070,14,Short
41073,14,Short
41076,14,Short
41077,14,Short
41078,14,Short
41079,14,Short
41080,14,Short
41081,14,Short
41082,14,Short
41084,14,Short
41085,14,Short
41086,14,Short
41089,14,Short
41091,14,Short
41092,14,Short
41093,14,Short
41095,14,Short
41096,14,Short
41097,14,Short
41102,14,Short
41103,14,Short
41104,14,Short
41105,14,Short
41108,14,Short
41110,14,Short
41111,14,Short
41113,14,Short
41116,14,Short
41117,14,Short
41119,14,Short
41120,14,Short
41122,14,Short
41127,14,Short
41128,14,Short
41129,14,Short
41130,14,Short
41131,14,Short
41132,14,Short
41134,14,Short
41135,14,Short
41138,14,Short
41140,14,Short
41501,14,Short
41502,14,Short
41503,14,Short
41504,14,Short
41505,14,Short
41506,14,Short
41507,14,Short
41508,14,Short
41509,14,Short
41510,14,Short
41511,14,Short
41512,14,Short
41513,14,Short
41514,14,Short
41515,14,Short
41516,14,Short
41517,14,Short
41518,14,Short
41519,14,Short
41520,14,Short
41521,14,Short
41522,14,Short
41523,14,Short
41524,14,Short
41525,14,Short
41526,14,Short
41527,14,Short
41528,14,Short
41529,14,Short
41530,14,Short
41531,14,Short
41532,14,Short
41533,14,Short
41534,14,Short
41535,14,Short
41536,14,Short
41537,14,Short
41538,14,Short
41539,14,Short
41540,14,Short
41541,14,Short
41542,14,Short
41543,14,Short
41544,14,Short
41545,14,Short
41546,14,Short
41547,14,Short
41548,14,Short
41549,14,Short
41550,14,Short
41551,14,Short
41552,14,Short
41553,14,Short
41554,14,Short
41555,14,Short
41556,14,Short
41557,14,Short
41558,14,Short
41559,14,Short
41560,14,Short
41561,14,Short
41562,14,Short
41563,14,Short
41564,14,Short
41565,14,Short
41566,14,Short
41567,14,Short
41568,14,Short
41569,14,Short
41570,14,Short
41571,14,Short
41572,14,Short
41573,14,Short
41574,14,Short
41575,14,Short
41576,14,Short
41577,14,Short
41578,14,Short
41579,14,Short
41580,14,Short
41581,14,Short
41582,14,Short
41583,14,Short
41584,14,Short
41585,14,Short
41586,14,Short
41587,14,Short
41588,14,Short
41589,14,Short
41590,14,Short
41593,14,Short
41594,14,Short
41597,14,Short
41598,14,Short
41599,14,Short
41600,14,Short
42001,47,Short
42002,47,Short
42003,47,Short
42004,47,Short
42005,47,Short
42006,47,Short
42007,47,Short
42008,47,Short
42009,47,Short
42010,47,Short
42011,47,Short
42012,47,Short
42013,47,Short
42014,47,Short
42015,47,Short
42016,47,Short
42017,47,Short
42018,47,Short
42019,47,Short
42020,47,Short
42021,47,Short
42022,47,Short
42023,47,Short
42024,47,Short
42025,47,Short
42026,47,Short
42027,47,Short
42028,47,Short
42029,47,Short
42030,47,Short
42031,47,Short
42032,47,Short
42033,47,Short
42034,47,Short
42035,47,Short
42036,47,Short
42037,47,Short
42038,47,Short
42039,47,Short
42040,47,Short
42041,47,Short
42042,47,Short
42043,47,Short
42044,47,Short
42045,47,Short
42046,47,Short
42301,34,Short
42302,34,Short
42401,82,Short
42402,82,Short
42403,82,Short
42404,82,Short
42406,82,Short
42407,82,Short
42408,82,Short
42409,82,Short
42411,82,Short
42412,82,Short
42413,82,Short
42414,82,Short
42416,82,Short
42417,82,Short
42419,82,Short
42420,82,Short
42421,82,Short
42422,82,Short
42423,82,Short
42451,35,Short
42452,35,Short
42601,47,Short
42602,47,Short
42603,47,Short
42604,47,Short
42605,47,Short
42606,47,Short
42607,47,Short
42608,47,Short
42651,62,Short
42652,62,Short
42653,62,Short
42654,62,Short
42655,62,Short
42656,62,Short
42657,62,Short
42701,35,Short
42702,34,Short
42751,50,Short
42752,49,Short
42801,82,Short
42802,82,Short
42804,82,Short
42851,97,Short
42852,97,Short
42854,97,Short
42901,16,Short
43001,20,Short
43002,21,Short
43003,20,Short
43005,20,Short
43006,21,Short
43007,20,Short
43008,21,Short
43009,20,Short
43011,20,Short
43013,20,Short
43014,21,Short
43015,20,Short
43016,21,Short
43017,20,Short
43018,21,Short
43019,20,Short
43020,21,Short
43021,20,Short
43022,21,Short
43023,20,Short
43025,20,Short
43029,20,Short
43101,30,Short
43102,31,Short
43103,30,Short
43104,31,Short
43105,30,Short
43106,31,Short
43107,30,Short
43108,31,Short
43109,30,Short
43110,31,Short
43111,30,Short
43112,31,Short
43113,30,Short
43114,31,Short
43115,30,Short
43116,31,Short
43117,30,Short
43118,31,Short
43119,30,Short
43120,31,Short
43121,30,Short
43122,31,Short
43123,25,Short
43124,31,Short
43125,25,Short
43126,31,Short
43127,25,Short
43128,31,Short
43130,31,Short
43132,31,Short
43201,46,Short
43202,46,Short
43203,46,Short
43204,46,Short
43205,46,Short
43206,46,Short
43207,46,Short
43208,46,Short
43209,46,Short
43210,46,Short
43211,46,Short
43212,46,Short
43213,46,Short
43214,46,Short
43215,46,Short
43216,41,Short
43217,46,Short
43218,46,Short
43219,46,Short
43220,46,Short
43221,46,Short
43222,41,Short
43223,46,Short
43224,46,Short
43225,46,Short
43226,46,Short
43227,41,Short
43228,46,Short
43229,46,Short
43230,46,Short
43231,46,Short
43232,46,Short
43233,46,Short
43234,46,Short
43235,46,Short
43236,46,Short
43237,46,Short
43238,46,Short
43239,46,Short
43240,46,Short
43241,46,Short
43242,46,Short
43243,46,Short
43244,46,Short
43245,46,Short
43246,46,Short
43247,41,Short
43248,46,Short
43250,46,Short
43251,41,Short
43252,46,Short
43253,41,Short
43254,46,Short
43255,41,Short
43256,46,Short
43257,41,Short
43258,46,Short
43260,46,Short
43401,68,Short
43402,73,Short
43403,73,Short
43404,73,Short
43405,73,Short
43406,73,Short
43407,73,Short
43408,68,Short
43409,73,Short
43410,68,Short
43411,73,Short
43412,73,Short
43413,73,Short
43414,73,Short
43415,73,Short
43418,73,Short
43419,73,Short
43420,73,Short
43421,73,Short
43422,73,Short
43423,68,Short
43424,68,Short
43425,73,Short
43426,68,Short
43427,73,Short
43428,73,Short
43429,68,Short
43430,73,Short
43431,68,Short
43433,68,Short
43434,73,Short
43435,68,Short
43436,73,Short
43437,68,Short
43438,73,Short
43439,68,Short
43501,86,Short
43502,86,Short
43503,86,Short
43504,86,Short
43505,86,Short
43506,86,Short
43507,86,Short
43508,86,Short
43509,86,Short
43510,86,Short
43511,86,Short
43512,86,Short
43513,86,Short
43514,86,Short
43515,86,Short
43516,86,Short
43517,80,Short
43518,81,Short
43520,81,Short
43551,12,Short
43552,12,Short
43553,12,Short
43554,12,Short
43556,12,Short
43601,22,Short
43602,22,Short
43603,22,Short
43604,22,Short
43605,22,Short
43606,22,Short
43607,22,Short
43608,22,Short
43610,22,Short
43611,22,Short
43612,22,Short
43613,22,Short
43614,22,Short
43615,22,Short
43616,22,Short
43618,22,Short
43620,22,Short
43622,22,Short
43650,22,Short
43651,36,Short
43652,37,Short
43653,36,Short
43654,37,Short
43655,36,Short
43656,37,Short
43657,36,Short
43658,37,Short
43659,36,Short
43660,37,Short
43661,36,Short
43662,37,Short
43663,36,Short
43664,37,Short
43666,37,Short
43668,37,Short
43670,37,Short
43672,37,Short
43674,37,Short
43701,48,Short
43702,48,Short
43703,48,Short
43704,48,Short
43705,48,Short
43706,48,Short
43707,48,Short
43708,48,Short
43709,48,Short
43710,48,Short
43711,48,Short
43713,42,Short
43715,48,Short
43751,32,Short
43752,32,Short
43753,32,Short
43754,32,Short
43755,32,Short
43757,32,Short
43761,57,Short
43762,57,Short
43763,57,Short
43764,57,Short
43765,57,Short
43766,57,Short
43767,57,Short
43768,57,Short
43769,57,Short
43770,57,Short
43771,57,Short
43773,57,Short
43791,46,Short
43792,47,Short
43793,46,Short
43794,42,Short
43795,46,Short
43797,46,Short
43801,74,Short
43802,75,Short
43803,74,Short
43804,70,Short
43805,74,Short
43806,70,Short
43820,82,Short
43821,82,Short
43823,82,Short
43831,20,Short
43832,20,Short
43841,52,Short
43842,47,Short
43844,47,Short
43847,65,Short
43851,70,Short
43852,75,Short
43861,51,Short
43872,29,Short
43882,34,Short
43891,4,Short
43892,10,Short
43901,52,Short
43902,52,Short
43903,52,Short
43904,52,Short
43912,53,Short
43921,5,Short
43932,84,Short
43934,84,Short
43936,84,Short
43938,84,Short
43941,97,Short
43942,97,Short
43943,97,Short
43952,63,Short
47100,25,Short
47101,25,Short
47102,25,Short
47103,25,Short
47104,25,Short
47105,25,Short
47106,25,Short
47107,25,Short
47108,25,Short
47109,25,Short
47110,25,Short
47111,25,Short
47112,25,Short
47113,25,Short
47114,25,Short
47115,25,Short
47116,25,Short
47117,25,Short
47118,25,Short
47119,25,Short
47120,25,Short
47121,25,Short
47122,25,Short
47123,25,Short
47124,25,Short
47125,25,Short
47126,23,Short
47127,23,Short
47128,23,Short
47129,23,Short
47130,23,Short
47131,23,Short
47132,23,Short
47133,23,Short
47134,23,Short
47135,23,Short
47136,23,Short
47137,23,Short
47138,23,Short
47139,23,Short
47140,23,Short
47141,23,Short
47142,23,Short
47143,23,Short
47144,23,Short
47145,23,Short
47146,23,Short
47147,23,Short
47148,23,Short
47149,37,Short
47150,37,Short
47151,37,Short
47152,37,Short
47153,37,Short
47154,37,Short
47155,37,Short
47156,37,Short
47157,37,Short
47158,37,Short
47159,37,Short
47160,37,Short
47161,37,Short
47162,37,Short
47163,37,Short
47164,37,Short
47165,37,Short
47166,37,Short
47167,37,Short
47168,14,Short
47169,37,Short
47170,37,Short
47171,37,Short
47172,14,Short
47173,37,Short
47174,37,Short
47175,37,Short
47176,37,Short
47177,37,Short
47178,37,Short
47179,37,Short
47180,37,Short
47181,37,Short
47182,37,Short
47183,37,Short
47184,37,Short
47185,37,Short
47186,37,Short
47187,37,Short
47188,37,Short
47189,37,Short
47190,37,Short
47191,37,Short
47192,37,Short
47193,37,Short
47194,37,Short
47195,22,Short
47196,9,Short
47197,24,Short
47198,37,Short
47199,24,Short
47200,24,Short
47201,24,Short
47202,24,Short
47203,37,Short
47204,14,Short
47205,14,Short
47206,25,Short
47207,37,Short
47208,25,Short
47209,25,Short
47210,37,Short
47211,37,Short
47212,37,Short
47213,37,Short
47214,37,Short
47215,37,Short
47216,37,Short
47217,37,Short
47218,37,Short
47219,37,Short
47220,37,Short
50101,251,Short
50102,244,Short
50103,347,Medium
50104,349,Medium
50105,486,Medium
50106,476,Medium
50107,78,Short
50108,83,Short
50119,27,Short
50120,27,Short
51027,430,Medium
51028,430,Medium
51029,565,Medium
51030,566,Medium
51033,187,Short
51034,187,Short
51111,56,Short
51112,56,Short
51113,56,Short
51114,56,Short
51115,56,Short
51116,56,Short
51135,9,Short
51136,9,Short
51137,9,Short
51138,9,Short
51139,9,Short
51140,9,Short
51141,9,Short
51142,9,Short
51145,9,Short
51146,9,Short
51147,9,Short
51148,9,Short
51149,9,Short
51150,9,Short
51151,108,Short
51152,109,Short
51153,444,Medium
51154,444,Medium
51157,306,Medium
51158,306,Medium
51181,262,Short
51182,262,Short
51183,361,Medium
51184,339,Medium
51187,642,Medium
51188,642,Medium
51189,610,Medium
51190,609,Medium
51195,132,Short
51196,132,Short
51197,318,Medium
51198,318,Medium
51239,22,Short
51240,22,Short
51253,115,Short
51254,115,Short
51255,88,Short
51256,88,Short
51259,78,Short
51260,78,Short
51261,104,Short
51262,104,Short
51285,397,Medium
51286,397,Medium
51293,167,Short
51294,167,Short
51317,91,Short
51318,91,Short
51347,120,Short
51348,43,Short
51350,77,Short
51401,314,Medium
51402,311,Medium
51405,212,Short
51406,212,Short
51407,47,Short
51408,47,Short
51409,325,Medium
51410,326,Medium
51411,229,Short
51412,208,Short
51419,278,Short
51420,279,Short
51421,769,Medium
51422,769,Medium
51423,123,Short
51424,123,Short
51425,427,Medium
51426,437,Medium
51427,47,Short
51428,47,Short
51429,54,Short
51430,54,Short
51431,188,Short
51432,188,Short
51433,523,Medium
51434,511,Medium
51435,145,Short
51436,145,Short
51437,189,Short
51438,189,Short
51441,180,Short
51442,180,Short
51451,120,Short
51452,121,Short
51458,20,Short
51461,137,Short
51462,137,Short
51463,137,Short
51464,137,Short
51601,261,Short
51602,264,Short
51603,263,Short
51604,266,Short
51605,256,Short
51606,253,Short
51607,118,Short
51608,118,Short
51609,118,Short
51610,118,Short
51611,303,Medium
51612,303,Medium
51671,434,Medium
51672,434,Medium
51673,434,Medium
51674,434,Medium
51675,316,Medium
51676,316,Medium
51678,81,Short
51679,316,Medium
51680,316,Medium
51685,32,Short
51686,33,Short
51687,32,Short
51688,33,Short
51701,238,Short
51702,238,Short
51703,124,Short
51704,121,Short
51705,121,Short
51706,121,Short
51708,124,Short
51753,401,Medium
51754,403,Medium
51755,86,Short
51756,86,Short
51763,77,Short
51764,77,Short
51765,77,Short
51766,77,Short
51803,221,Short
51804,221,Short
51805,291,Short
51806,291,Short
51807,191,Short
51811,151,Short
51812,151,Short
51813,295,Short
51814,295,Short
51815,204,Short
51816,204,Short
51817,254,Short
51818,254,Short
51821,63,Short
51822,63,Short
51827,381,Medium
51828,381,Medium
51829,297,Short
51830,297,Short
51831,204,Short
51832,204,Short
51861,13,Short
51862,13,Short
51863,13,Short
51864,13,Short
51865,13,Short
51866,13,Short
51867,13,Short
51868,13,Short
51869,13,Short
51870,13,Short
51881,107,Short
51882,107,Short
51883,345,Medium
51884,345,Medium
51885,152,Short
51886,154,Short
51901,190,Short
51902,194,Short
51905,93,Short
51906,90,Short
51907,70,Short
51908,70,Short
51909,163,Short
51910,163,Short
51911,163,Short
51912,163,Short
51913,163,Short
51914,160,Short
51915,52,Short
51916,51,Short
51971,122,Short
51972,123,Short
51973,273,Short
51974,273,Short
52073,202,Short
52074,202,Short
52075,202,Short
52076,202,Short
52171,186,Short
52172,186,Short
52173,92,Short
52174,92,Short
52175,92,Short
52176,92,Short
52177,103,Short
52178,103,Short
52179,70,Short
52180,70,Short
52181,58,Short
52182,27,Short
52183,39,Short
52184,70,Short
52205,67,Short
52206,67,Short
52207,67,Short
52208,67,Short
52221,67,Short
52222,67,Short
52223,67,Short
52224,67,Short
52225,67,Short
52226,67,Short
52229,84,Short
52230,84,Short
52231,84,Short
52232,84,Short
52233,83,Short
52234,84,Short
52235,83,Short
52236,84,Short
52239,78,Short
52240,78,Short
52241,205,Short
52242,205,Short
52251,205,Short
52252,205,Short
52253,205,Short
52254,205,Short
52255,205,Short
52256,205,Short
52257,205,Short
52258,205,Short
52259,205,Short
52260,205,Short
52263,54,Short
52264,54,Short
52265,54,Short
52266,54,Short
52267,54,Short
52268,54,Short
52297,84,Short
52298,84,Short
52451,95,Short
52452,95,Short
52453,95,Short
52454,95,Short
52455,95,Short
52456,95,Short
52457,95,Short
52458,95,Short
52461,93,Short
52462,104,Short
52463,156,Short
52464,176,Short
52465,162,Short
52466,185,Short
52467,162,Short
52468,185,Short
52469,164,Short
52470,169,Short
52471,192,Short
52472,215,Short
52473,191,Short
52474,213,Short
52540,87,Short
52541,87,Short
52570,30,Short
52571,30,Short
52587,30,Short
52588,30,Short
52591,12,Short
52592,12,Short
52593,12,Short
52594,12,Short
52595,12,Short
52596,12,Short
52597,12,Short
52598,12,Short
52599,12,Short
52911,134,Short
52912,134,Short
52913,134,Short
52914,134,Short
52929,189,Short
52930,189,Short
52931,104,Short
52932,104,Short
52933,189,Short
52934,154,Short
52935,154,Short
52938,175,Short
52939,175,Short
52940,154,Short
52941,154,Short
52942,154,Short
52943,154,Short
52944,154,Short
52945,154,Short
52946,189,Short
52947,104,Short
52948,104,Short
52949,95,Short
52950,95,Short
52951,159,Short
52952,159,Short
52953,70,Short
52954,70,Short
52955,133,Short
52956,133,Short
52963,63,Short
52964,63,Short
52973,63,Short
52974,63,Short
52975,63,Short
52976,63,Short
52987,63,Short
52988,63,Short
53001,209,Short
53002,216,Short
53005,65,Short
53006,72,Short
53007,131,Short
53008,131,Short
53009,65,Short
53010,72,Short
53011,65,Short
53012,72,Short
53013,72,Short
53014,72,Short
53015,65,Short
53016,72,Short
53017,72,Short
53018,72,Short
53019,65,Short
53020,65,Short
53021,142,Short
53022,142,Short
53023,59,Short
53024,59,Short
53025,59,Short
53026,59,Short
53027,112,Short
53028,112,Short
53029,217,Short
53030,217,Short
53031,59,Short
53034,59,Short
53035,87,Short
53036,87,Short
53037,74,Short
53038,74,Short
53041,718,Medium
53042,718,Medium
53043,653,Medium
53044,653,Medium
53045,286,Short
53046,287,Short
53047,218,Short
53048,218,Short
53049,453,Medium
53050,454,Medium
53061,348,Medium
53062,346,Medium
53063,194,Short
53064,194,Short
53068,111,Short
53069,111,Short
53073,137,Short
53074,137,Short
53075,82,Short
53076,82,Short
53081,64,Short
53131,571,Medium
53132,572,Medium
53137,82,Short
53138,82,Short
53139,324,Medium
53140,325,Medium
53171,231,Short
53172,229,Short
53175,231,Short
53176,229,Short
53177,230,Short
53178,229,Short
53179,223,Short
53180,222,Short
53181,230,Short
53186,229,Short
53207,42,Short
53208,42,Short
53209,71,Short
53210,71,Short
53211,146,Short
53212,146,Short
53213,94,Short
53214,88,Short
53221,53,Short
53222,53,Short
53223,53,Short
53224,53,Short
53225,140,Short
53226,140,Short
53229,108,Short
53230,108,Short
53231,154,Short
53232,154,Short
53323,27,Short
53324,27,Short
53327,56,Short
53328,56,Short
53333,27,Short
53334,27,Short
53343,460,Medium
53344,460,Medium
53345,223,Short
53346,223,Short
53347,258,Short
53348,258,Short
53349,159,Short
53350,159,Short
53351,304,Medium
53352,304,Medium
53357,316,Medium
53358,316,Medium
53363,85,Short
53364,85,Short
53365,87,Short
53366,87,Short
53369,87,Short
53370,87,Short
53371,139,Short
53372,139,Short
53373,139,Short
53374,139,Short
53401,103,Short
53402,103,Short
53403,433,Medium
53404,174,Short
53405,137,Short
53406,137,Short
53408,259,Short
53411,54,Short
53412,54,Short
53415,127,Short
53416,127,Short
53417,233,Short
53418,233,Short
53423,45,Short
53424,44,Short
53431,127,Short
53432,127,Short
53433,87,Short
53434,87,Short
53435,65,Short
53436,65,Short
53441,71,Short
53442,72,Short
53443,71,Short
53444,73,Short
53445,71,Short
53446,72,Short
53447,50,Short
53448,51,Short
53449,50,Short
53450,51,Short
53451,41,Short
53452,41,Short
53479,45,Short
53480,44,Short
53481,11,Short
53482,11,Short
53483,11,Short
53484,11,Short
53485,11,Short
53486,11,Short
53487,11,Short
53488,11,Short
53489,11,Short
53490,11,Short
53491,11,Short
53492,11,Short
53493,11,Short
53494,11,Short
53495,11,Short
53496,11,Short
53497,52,Short
53498,52,Short
53511,38,Short
53512,37,Short
53513,38,Short
53514,37,Short
53515,38,Short
53516,37,Short
53517,38,Short
53518,37,Short
53519,38,Short
53520,37,Short
53523,188,Short
53524,188,Short
53525,453,Medium
53526,453,Medium
53551,70,Short
53552,70,Short
53553,70,Short
53554,70,Short
53555,70,Short
53556,70,Short
53611,159,Short
53612,159,Short
53615,174,Short
53616,174,Short
53623,183,Short
53624,183,Short
53625,129,Short
53626,129,Short
53627,129,Short
53628,129,Short
53629,129,Short
53630,129,Short
53631,129,Short
53632,129,Short
53641,53,Short
53642,53,Short
53643,18,Short
53644,18,Short
53645,18,Short
53646,18,Short
53647,18,Short
53648,18,Short
54001,73,Short
54002,73,Short
54005,119,Short
54006,141,Short
54007,141,Short
54008,141,Short
54009,141,Short
54010,33,Short
54011,227,Short
54012,227,Short
54013,49,Short
54014,49,Short
54015,49,Short
54016,49,Short
54018,49,Short
54019,81,Short
54023,57,Short
54024,127,Short
54025,60,Short
54026,71,Short
54031,127,Short
54032,127,Short
54033,160,Short
54034,127,Short
54035,199,Short
54036,199,Short
54037,120,Short
54038,119,Short
54039,120,Short
54040,119,Short
54041,120,Short
54042,119,Short
54043,327,Medium
54044,327,Medium
54045,257,Short
54046,257,Short
54047,120,Short
54048,119,Short
54049,141,Short
54050,141,Short
54051,123,Short
54052,123,Short
54053,128,Short
54054,128,Short
54055,160,Short
54056,160,Short
54057,93,Short
54058,93,Short
54059,90,Short
54060,93,Short
54075,408,Medium
54076,408,Medium
54077,110,Short
54078,110,Short
54085,82,Short
54086,82,Short
54091,24,Short
54092,24,Short
54101,208,Short
54102,208,Short
54103,120,Short
54104,120,Short
54107,113,Short
54108,113,Short
54109,214,Short
54110,214,Short
54152,77,Short
54153,167,Short
54154,167,Short
54155,138,Short
54156,139,Short
54158,136,Short
54159,397,Medium
54161,261,Short
54162,261,Short
54201,37,Short
54211,128,Short
54212,128,Short
54221,57,Short
54222,57,Short
54223,57,Short
54224,57,Short
54225,37,Short
54226,37,Short
54227,37,Short
54228,37,Short
54231,127,Short
54232,127,Short
54233,127,Short
54234,127,Short
54237,46,Short
54238,45,Short
54239,38,Short
54240,38,Short
54243,38,Short
54244,38,Short
54251,508,Medium
54252,518,Medium
54253,225,Short
54254,225,Short
54255,301,Medium
54256,301,Medium
54261,75,Short
54262,57,Short
54263,143,Short
54264,143,Short
54265,143,Short
54266,143,Short
54267,18,Short
54268,18,Short
54270,18,Short
54271,198,Short
54272,198,Short
54273,97,Short
54274,97,Short
54281,139,Short
54282,139,Short
54283,139,Short
54284,139,Short
54291,128,Short
54292,128,Short
54293,172,Short
54294,172,Short
54303,266,Short
54304,331,Medium
54307,160,Short
54308,160,Short
54309,82,Short
54310,82,Short
54311,110,Short
54312,110,Short
54313,43,Short
54314,43,Short
54321,64,Short
54322,64,Short
54323,98,Short
54324,97,Short
54325,176,Short
54326,176,Short
54327,86,Short
54328,86,Short
54329,95,Short
54330,95,Short
54331,68,Short
54332,68,Short
54333,323,Medium
54334,323,Medium
54335,117,Short
54336,117,Short
54341,131,Short
54342,131,Short
54351,164,Short
54352,164,Short
54353,164,Short
54354,164,Short
54355,78,Short
54356,78,Short
54371,150,Short
54372,150,Short
54373,150,Short
54374,150,Short
54375,107,Short
54376,107,Short
54377,429,Medium
54378,429,Medium
54381,106,Short
54382,106,Short
54383,106,Short
54384,106,Short
54385,24,Short
54386,24,Short
54387,24,Short
54388,24,Short
54389,24,Short
54390,24,Short
54391,142,Short
54392,142,Short
54393,53,Short
54394,53,Short
54395,159,Short
54396,159,Short
54397,47,Short
54398,47,Short
54401,92,Short
54402,92,Short
54403,92,Short
54404,92,Short
54405,92,Short
54406,92,Short
54411,160,Short
54412,160,Short
54413,82,Short
54414,82,Short
54416,82,Short
54417,82,Short
54420,82,Short
54421,82,Short
54423,119,Short
54424,119,Short
54461,415,Medium
54462,416,Medium
54463,233,Short
54464,233,Short
54465,142,Short
54466,142,Short
54467,73,Short
54468,73,Short
54469,73,Short
54470,73,Short
54471,283,Short
54472,283,Short
54473,189,Short
54474,189,Short
54475,243,Short
54476,243,Short
54481,22,Short
54482,22,Short
54483,22,Short
54484,22,Short
54485,22,Short
54486,22,Short
54531,69,Short
54532,69,Short
54539,272,Short
54540,272,Short
54541,194,Short
54542,194,Short
54551,201,Short
54552,201,Short
54553,106,Short
54555,95,Short
54556,201,Short
54557,53,Short
54558,53,Short
54559,116,Short
54560,116,Short
54561,87,Short
54562,87,Short
54563,87,Short
54564,87,Short
54571,123,Short
54572,123,Short
54575,77,Short
54576,77,Short
54581,43,Short
54582,43,Short
54601,345,Medium
54602,415,Medium
54603,209,Short
54604,209,Short
54605,279,Short
54606,209,Short
54611,106,Short
54612,106,Short
54613,106,Short
54614,106,Short
54615,106,Short
54616,106,Short
54621,115,Short
54622,115,Short
54625,87,Short
54626,87,Short
54631,207,Short
54632,229,Short
54633,291,Short
54634,269,Short
54635,209,Short
54636,209,Short
54637,42,Short
54638,42,Short
54641,384,Medium
54642,384,Medium
54643,117,Short
54644,117,Short
54645,123,Short
54646,123,Short
54651,53,Short
54654,53,Short
54701,319,Medium
54702,394,Medium
54703,661,Medium
54704,601,Medium
54751,413,Medium
54752,412,Medium
54753,126,Short
54754,126,Short
54755,126,Short
54756,126,Short
54757,327,Medium
54758,327,Medium
54759,137,Short
54760,125,Short
54761,125,Short
54762,125,Short
54763,190,Short
54764,190,Short
54765,95,Short
54766,95,Short
54781,300,Medium
54782,300,Medium
54783,422,Medium
54784,423,Medium
54785,88,Short
54786,88,Short
54787,82,Short
54788,82,Short
54789,384,Medium
54790,384,Medium
54791,279,Short
54792,279,Short
54793,212,Short
54794,212,Short
54803,457,Medium
54804,455,Medium
54805,618,Medium
54806,621,Medium
54809,542,Medium
54810,543,Medium
54813,208,Short
54819,300,Medium
54820,300,Medium
54822,21,Short
54825,88,Short
54826,87,Short
54833,367,Medium
54834,367,Medium
54835,142,Short
54836,143,Short
54881,118,Short
54882,118,Short
55001,164,Short
55002,164,Short
55007,290,Short
55008,290,Short
55009,108,Short
55010,109,Short
55011,118,Short
55012,119,Short
55013,200,Short
55014,201,Short
55017,132,Short
55018,134,Short
55019,178,Short
55020,179,Short
55021,225,Short
55022,225,Short
55025,152,Short
55026,153,Short
55027,152,Short
55028,153,Short
55029,150,Short
55030,150,Short
55031,339,Medium
55032,332,Medium
55033,160,Short
55034,163,Short
55035,159,Short
55036,158,Short
55037,103,Short
55038,97,Short
55041,150,Short
55042,189,Short
55043,81,Short
55044,81,Short
55045,90,Short
55046,90,Short
55049,332,Medium
55050,340,Medium
55051,81,Short
55052,81,Short
55055,39,Short
55056,38,Short
55071,150,Short
55072,150,Short
55073,150,Short
55074,150,Short
55075,166,Short
55076,166,Short
55077,112,Short
55078,112,Short
55079,189,Short
55080,150,Short
55081,150,Short
55082,150,Short
55101,30,Short
55102,30,Short
55103,30,Short
55104,30,Short
55105,20,Short
55106,20,Short
55107,28,Short
55108,28,Short
55109,28,Short
55110,28,Short
55111,28,Short
55112,28,Short
55113,28,Short
55114,28,Short
55115,108,Short
55116,109,Short
55119,227,Short
55120,227,Short
55122,164,Short
55123,156,Short
55125,118,Short
55126,118,Short
55127,118,Short
55128,118,Short
55129,118,Short
55130,118,Short
55131,200,Short
55132,201,Short
55133,136,Short
55134,136,Short
55135,131,Short
55136,131,Short
55137,167,Short
55138,168,Short
55139,167,Short
55140,168,Short
55141,81,Short
55142,81,Short
55143,56,Short
55144,58,Short
55145,20,Short
55146,20,Short
55149,227,Short
55150,227,Short
55159,56,Short
55160,58,Short
55163,157,Short
55164,157,Short
55165,43,Short
55166,43,Short
55167,17,Short
55168,17,Short
55169,17,Short
55170,17,Short
55171,6,Short
55172,6,Short
55173,6,Short
55174,6,Short
55175,6,Short
55176,6,Short
55177,6,Short
55178,6,Short
55179,6,Short
55180,6,Short
55181,106,Short
55182,106,Short
55183,106,Short
55184,106,Short
55207,159,Short
55208,159,Short
55209,159,Short
55211,129,Short
55212,129,Short
55213,159,Short
55214,159,Short
55215,74,Short
55216,74,Short
55217,74,Short
55218,74,Short
55220,159,Short
55221,179,Short
55222,179,Short
55223,267,Short
55224,267,Short
55225,129,Short
55226,129,Short
55227,51,Short
55228,51,Short
55229,108,Short
55230,108,Short
55231,12,Short
55232,12,Short
55237,50,Short
55238,50,Short
55239,51,Short
55240,51,Short
55301,116,Short
55302,116,Short
55303,125,Short
55304,125,Short
55305,76,Short
55306,85,Short
55307,76,Short
55308,85,Short
55309,85,Short
55310,76,Short
55311,58,Short
55312,58,Short
55313,27,Short
55314,27,Short
55315,54,Short
55316,54,Short
55317,54,Short
55318,54,Short
55319,54,Short
55320,54,Short
55321,85,Short
55322,76,Short
55323,76,Short
55324,76,Short
55325,319,Medium
55326,320,Medium
55327,138,Short
55328,139,Short
55329,213,Short
55330,214,Short
55331,107,Short
55332,107,Short
55333,166,Short
55334,166,Short
55335,81,Short
55336,81,Short
55337,139,Short
55338,139,Short
55339,105,Short
55340,105,Short
55341,167,Short
55342,167,Short
55343,141,Short
55344,141,Short
55345,141,Short
55346,141,Short
55347,81,Short
55348,81,Short
55349,81,Short
55350,81,Short
55351,81,Short
55352,81,Short
55353,105,Short
55354,105,Short
55355,141,Short
55356,141,Short
55357,141,Short
55358,141,Short
55359,119,Short
55360,119,Short
55361,55,Short
55362,55,Short
55363,55,Short
55364,55,Short
55365,55,Short
55366,55,Short
55367,55,Short
55368,55,Short
55369,55,Short
55370,55,Short
55371,25,Short
55372,25,Short
55373,25,Short
55374,25,Short
55375,25,Short
55376,25,Short
55421,106,Short
55422,106,Short
55465,72,Short
55466,72,Short
55467,233,Short
55468,233,Short
55513,105,Short
55514,105,Short
55517,68,Short
55518,68,Short
55519,105,Short
55520,105,Short
55525,50,Short
55526,50,Short
55527,266,Short
55528,266,Short
55533,138,Short
55534,139,Short
55537,230,Short
55538,230,Short
55539,267,Short
55540,267,Short
55541,159,Short
55542,159,Short
55549,87,Short
55550,87,Short
55553,138,Short
55554,139,Short
55555,139,Short
55556,139,Short
55559,139,Short
55560,139,Short
55563,100,Short
55564,100,Short
55565,139,Short
55566,139,Short
55567,139,Short
55568,139,Short
55569,21,Short
55570,21,Short
55571,100,Short
55572,100,Short
55575,54,Short
55576,54,Short
55577,54,Short
55578,54,Short
55583,100,Short
55584,100,Short
55601,181,Short
55602,180,Short
55603,160,Short
55604,160,Short
55615,380,Medium
55616,379,Medium
55661,60,Short
55662,60,Short
55663,256,Short
55664,255,Short
55665,67,Short
55666,56,Short
55667,103,Short
55668,103,Short
55675,140,Short
55676,140,Short
55677,115,Short
55678,115,Short
55679,140,Short
55680,140,Short
55681,42,Short
55682,42,Short
55683,42,Short
55684,42,Short
55685,60,Short
55686,60,Short
55687,101,Short
55688,101,Short
55689,71,Short
55690,71,Short
55701,90,Short
55702,90,Short
55703,90,Short
55704,90,Short
55707,109,Short
55708,109,Short
55709,24,Short
55710,24,Short
55711,232,Short
55712,232,Short
55713,363,Medium
55714,363,Medium
55719,49,Short
55720,49,Short
55721,95,Short
55722,94,Short
55725,168,Short
55726,168,Short
55727,93,Short
55728,94,Short
55729,93,Short
55730,94,Short
55733,108,Short
55734,108,Short
55735,107,Short
55736,108,Short
55740,108,Short
55741,108,Short
55742,108,Short
55743,107,Short
55744,108,Short
55749,56,Short
55750,56,Short
55751,56,Short
55752,56,Short
55753,268,Short
55754,268,Short
55755,107,Short
55756,108,Short
55763,107,Short
55764,108,Short
55769,90,Short
55770,90,Short
55771,61,Short
55772,60,Short
55801,156,Short
55802,156,Short
55803,208,Short
55804,208,Short
55809,156,Short
55810,156,Short
55811,309,Medium
55812,309,Medium
55813,343,Medium
55814,343,Medium
55817,156,Short
55818,156,Short
55819,126,Short
55820,126,Short
55823,6,Short
55824,6,Short
55861,95,Short
55862,94,Short
55893,89,Short
55894,88,Short
55895,426,Medium
55896,425,Medium
55901,336,Medium
55902,335,Medium
55903,155,Short
55904,155,Short
55909,102,Short
55910,102,Short
55913,176,Short
55914,176,Short
56001,68,Short
56002,68,Short
56003,62,Short
56004,62,Short
56005,62,Short
56006,62,Short
56007,60,Short
56008,60,Short
56009,70,Short
56010,70,Short
56011,193,Short
56012,193,Short
56013,70,Short
56014,70,Short
56033,76,Short
56034,76,Short
56035,61,Short
56036,61,Short
56037,196,Short
56038,196,Short
56041,279,Short
56042,284,Short
56043,22,Short
56044,22,Short
56100,99,Short
56101,99,Short
56102,40,Short
56103,40,Short
56105,84,Short
56106,85,Short
56107,85,Short
56108,85,Short
56109,141,Short
56110,141,Short
56111,178,Short
56112,180,Short
56113,120,Short
56114,120,Short
56115,70,Short
56116,70,Short
56136,45,Short
56137,45,Short
56138,18,Short
56139,18,Short
56140,18,Short
56141,18,Short
56142,18,Short
56143,18,Short
56144,35,Short
56145,35,Short
56146,35,Short
56147,35,Short
56148,35,Short
56149,35,Short
56150,35,Short
56151,35,Short
56201,60,Short
56202,60,Short
56203,60,Short
56204,60,Short
56205,25,Short
56206,25,Short
56207,60,Short
56208,60,Short
56209,60,Short
56210,60,Short
56215,294,Short
56216,294,Short
56217,96,Short
56218,96,Short
56221,69,Short
56222,69,Short
56223,165,Short
56224,165,Short
56225,69,Short
56226,69,Short
56227,273,Short
56228,273,Short
56231,138,Short
56232,138,Short
56237,138,Short
56238,138,Short
56241,220,Short
56242,219,Short
56261,290,Short
56262,290,Short
56263,138,Short
56264,138,Short
56265,167,Short
56266,167,Short
56267,167,Short
56268,167,Short
56269,275,Short
56270,275,Short
56271,114,Short
56272,114,Short
56273,305,Medium
56274,303,Medium
56275,372,Medium
56276,372,Medium
56277,244,Short
56278,244,Short
56281,198,Short
56282,198,Short
56300,84,Short
56301,85,Short
56302,56,Short
56303,56,Short
56304,231,Short
56305,96,Short
56307,64,Short
56308,64,Short
56309,64,Short
56310,71,Short
56311,72,Short
56313,72,Short
56315,72,Short
56316,71,Short
56317,78,Short
56318,77,Short
56319,531,Medium
56320,532,Medium
56323,404,Medium
56324,404,Medium
56331,44,Short
56332,44,Short
56333,52,Short
56334,52,Short
56335,52,Short
56336,52,Short
56337,44,Short
56338,44,Short
56361,107,Short
56362,173,Short
56363,173,Short
56364,107,Short
56365,302,Medium
56366,302,Medium
56370,96,Short
56371,96,Short
56373,22,Short
56374,22,Short
56375,96,Short
56376,96,Short
56377,43,Short
56378,43,Short
56379,56,Short
56380,100,Short
56381,100,Short
56382,100,Short
56383,100,Short
56384,56,Short
56385,58,Short
56386,59,Short
56387,114,Short
56388,114,Short
56389,58,Short
56390,59,Short
56391,155,Short
56392,155,Short
56393,96,Short
56394,95,Short
56501,693,Medium
56502,691,Medium
56503,747,Medium
56504,749,Medium
56505,17,Short
56506,16,Short
56507,84,Short
56508,85,Short
56509,84,Short
56510,85,Short
56511,17,Short
56512,16,Short
56513,568,Medium
56514,567,Medium
56515,470,Medium
56516,469,Medium
56517,93,Short
56518,93,Short
56519,33,Short
56520,33,Short
56600,85,Short
56601,85,Short
56602,175,Short
56603,207,Short
56604,98,Short
56605,131,Short
56610,110,Short
56611,109,Short
56612,66,Short
56613,66,Short
56614,66,Short
56616,66,Short
56617,66,Short
56619,66,Short
56620,66,Short
56621,66,Short
56640,326,Medium
56641,324,Medium
56642,49,Short
56643,48,Short
56644,49,Short
56645,48,Short
56646,91,Short
56647,90,Short
56650,273,Short
56651,273,Short
56652,89,Short
56653,89,Short
56654,220,Short
56655,131,Short
56656,131,Short
56657,89,Short
56659,48,Short
56661,83,Short
56663,118,Short
56664,119,Short
56665,182,Short
56666,179,Short
56700,410,Medium
56701,409,Medium
56703,93,Short
56704,94,Short
56705,333,Medium
56706,334,Medium
56707,62,Short
56708,62,Short
56709,120,Short
56710,120,Short
56711,145,Short
56714,145,Short
56715,196,Short
56716,188,Short
56717,88,Short
56718,73,Short
56719,15,Short
56721,161,Short
56722,161,Short
56723,161,Short
56724,161,Short
56725,161,Short
56726,161,Short
56731,173,Short
56732,173,Short
56733,173,Short
56734,173,Short
56735,173,Short
56736,173,Short
56741,59,Short
56742,60,Short
56761,61,Short
56762,61,Short
56763,61,Short
56764,61,Short
56765,61,Short
56766,61,Short
56767,121,Short
56768,121,Short
56769,459,Medium
56770,458,Medium
56796,72,Short
56797,78,Short
56798,78,Short
56799,72,Short
56800,72,Short
56801,72,Short
56802,72,Short
56803,72,Short
56811,120,Short
56812,120,Short
56819,39,Short
56820,39,Short
56821,214,Short
56822,214,Short
56823,120,Short
56824,120,Short
56825,358,Medium
56826,358,Medium
56829,263,Short
56830,264,Short
56839,178,Short
56840,180,Short
56841,141,Short
56842,141,Short
56843,141,Short
56844,141,Short
56845,178,Short
56846,180,Short
56859,133,Short
56860,133,Short
56861,37,Short
56862,37,Short
56863,37,Short
56864,37,Short
56865,37,Short
56866,37,Short
56871,38,Short
56872,38,Short
56873,121,Short
56874,121,Short
56875,121,Short
56876,121,Short
56877,121,Short
56878,121,Short
56879,38,Short
56880,38,Short
56881,160,Short
56882,264,Short
56883,160,Short
56884,264,Short
56885,264,Short
56886,160,Short
56889,104,Short
56902,20,Short
56903,378,Medium
56904,377,Medium
56905,357,Medium
56906,356,Medium
56907,20,Short
56909,516,Medium
56910,516,Medium
56911,191,Short
56912,189,Short
56913,470,Medium
56914,468,Medium
56915,191,Short
56916,189,Short
56917,62,Short
56918,62,Short
56921,141,Short
56922,141,Short
56925,69,Short
56926,69,Short
56961,61,Short
56962,58,Short
56963,61,Short
56964,58,Short
56965,61,Short
56966,58,Short
57121,243,Short
57122,191,Short
57123,332,Medium
57124,381,Medium
57129,455,Medium
57130,445,Medium
57131,22,Short
57133,366,Medium
57134,366,Medium
57135,450,Medium
57136,453,Medium
57145,56,Short
57146,56,Short
57155,223,Short
57156,223,Short
57225,350,Medium
57226,350,Medium
57229,372,Medium
57230,371,Medium
57231,217,Short
57232,217,Short
57237,225,Short
57238,226,Short
57239,137,Short
57240,209,Short
57241,220,Short
57242,220,Short
57255,168,Short
57256,168,Short
57257,602,Medium
57258,603,Medium
57264,29,Short
57265,29,Short
57271,535,Medium
57272,535,Medium
57273,578,Medium
57274,577,Medium
57277,292,Short
57278,220,Short
57305,622,Medium
57306,622,Medium
57307,32,Short
57308,32,Short
57317,130,Short
57320,130,Short
57323,35,Short
57324,35,Short
57325,622,Medium
57326,622,Medium
57327,333,Medium
57328,333,Medium
57329,379,Medium
57330,380,Medium
57381,171,Short
57382,171,Short
57401,104,Short
57402,104,Short
57403,104,Short
57404,104,Short
57405,104,Short
57406,104,Short
57411,83,Short
57412,83,Short
57425,358,Medium
57426,356,Medium
57429,92,Short
57430,93,Short
57435,236,Short
57436,236,Short
57447,105,Short
57448,182,Short
57451,234,Short
57452,234,Short
57456,105,Short
57473,191,Short
57474,297,Short
57475,370,Medium
57476,370,Medium
57477,473,Medium
57478,474,Medium
57486,77,Short
57501,26,Short
57502,114,Short
57503,114,Short
57504,26,Short
57512,58,Short
57515,581,Medium
57516,581,Medium
57517,115,Short
57518,114,Short
57521,92,Short
57522,92,Short
57539,298,Short
57540,299,Short
57541,325,Medium
57542,347,Medium
57547,435,Medium
57548,435,Medium
57549,583,Medium
57550,583,Medium
57551,223,Short
57552,225,Short
57553,316,Medium
57554,317,Medium
57557,110,Short
57558,110,Short
57561,623,Medium
57562,620,Medium
57563,340,Medium
57564,279,Short
57581,206,Short
57582,206,Short
57583,206,Short
57584,206,Short
57590,19,Short
57593,243,Short
57594,243,Short
57601,165,Short
57602,165,Short
57605,72,Short
57606,79,Short
57625,341,Medium
57626,341,Medium
57628,112,Short
57631,377,Medium
57632,265,Short
57641,299,Short
57642,299,Short
57649,36,Short
57650,149,Short
57651,341,Medium
57652,341,Medium
57657,209,Short
57658,209,Short
57659,347,Medium
57660,235,Short
57685,108,Short
57686,108,Short
57687,165,Short
57688,165,Short
57689,165,Short
57690,165,Short
58001,526,Medium
58002,518,Medium
58003,299,Short
58004,298,Short
58005,366,Medium
58006,366,Medium
58007,182,Short
58008,182,Short
58009,226,Short
58010,226,Short
58011,442,Medium
58012,441,Medium
58013,82,Short
58014,82,Short
58015,284,Short
58016,284,Short
58017,209,Short
58018,210,Short
58019,41,Short
58020,41,Short
58021,137,Short
58022,137,Short
58023,161,Short
58024,162,Short
58025,339,Medium
58026,336,Medium
58029,62,Short
58030,62,Short
58031,69,Short
58032,69,Short
58033,117,Short
58034,114,Short
58103,148,Short
58104,148,Short
58109,147,Short
58110,147,Short
58111,885,Long
58112,883,Long
58113,470,Medium
58114,469,Medium
58117,503,Medium
58118,496,Medium
58131,520,Medium
58132,526,Medium
58133,101,Short
58134,101,Short
58135,48,Short
58136,48,Short
58137,48,Short
58138,48,Short
58143,175,Short
58151,96,Short
58152,96,Short
58161,261,Short
58162,261,Short
58163,272,Short
58164,269,Short
58201,112,Short
58202,111,Short
58203,209,Short
58204,209,Short
58205,310,Medium
58206,302,Medium
58207,305,Medium
58208,305,Medium
58209,96,Short
58210,97,Short
58212,97,Short
58213,431,Medium
58214,433,Medium
58217,204,Short
58218,204,Short
58219,237,Short
58220,237,Short
58221,214,Short
58222,213,Short
58223,143,Short
58224,174,Short
58227,64,Short
58301,494,Medium
58302,494,Medium
58303,54,Short
58304,54,Short
58401,82,Short
58402,82,Short
58403,43,Short
58404,43,Short
58405,82,Short
58406,82,Short
58408,142,Short
58409,43,Short
58410,43,Short
58411,165,Short
58412,165,Short
58413,202,Short
58414,202,Short
58415,90,Short
58416,90,Short
58417,380,Medium
58418,380,Medium
58419,239,Short
58420,239,Short
58421,196,Short
58422,196,Short
58423,115,Short
58424,115,Short
58425,214,Short
58426,214,Short
58427,88,Short
58428,88,Short
58429,65,Short
58430,65,Short
58431,65,Short
58432,65,Short
58433,192,Short
58434,192,Short
58435,115,Short
58436,115,Short
58501,471,Medium
58502,471,Medium
58503,184,Short
58504,184,Short
58505,267,Short
58506,267,Short
58525,202,Short
58526,202,Short
58527,528,Medium
58528,528,Medium
58529,570,Medium
58530,571,Medium
58531,202,Short
58532,202,Short
58533,266,Short
58534,266,Short
58535,82,Short
58536,82,Short
58537,357,Medium
58538,357,Medium
58601,168,Short
58602,168,Short
58603,248,Short
58604,249,Short
58621,157,Short
58622,157,Short
58651,66,Short
58652,67,Short
58653,110,Short
58654,111,Short
58655,66,Short
58656,67,Short
58657,66,Short
58658,67,Short
58659,160,Short
58660,160,Short
58661,222,Short
58662,219,Short
58701,215,Short
58702,215,Short
58711,51,Short
58712,50,Short
58713,51,Short
58714,50,Short
58715,51,Short
58716,50,Short
58717,22,Short
58718,22,Short
58719,17,Short
58720,16,Short
58721,17,Short
58722,16,Short
58801,249,Short
58802,249,Short
58803,249,Short
58804,249,Short
58805,238,Short
58806,103,Short
58808,135,Short
58809,38,Short
58810,42,Short
58811,43,Short
58812,38,Short
58813,38,Short
58814,38,Short
58815,123,Short
58816,124,Short
58817,47,Short
58818,46,Short
58843,104,Short
58844,104,Short
58845,104,Short
58846,104,Short
58847,104,Short
58848,104,Short
58877,104,Short
58878,104,Short
59013,334,Medium
59014,335,Medium
59023,193,Short
59024,193,Short
59037,206,Short
59038,206,Short
59039,138,Short
59040,114,Short
59045,158,Short
59046,182,Short
59048,68,Short
59049,362,Medium
59050,362,Medium
59075,334,Medium
59076,335,Medium
59077,334,Medium
59078,335,Medium
59101,62,Short
59102,62,Short
59103,62,Short
59104,62,Short
59117,99,Short
59118,105,Short
59119,105,Short
59120,99,Short
59121,105,Short
59122,105,Short
59151,104,Short
59152,104,Short
59153,104,Short
59154,104,Short
59161,105,Short
59162,105,Short
59163,13,Short
59164,13,Short
59167,62,Short
59168,62,Short
59169,13,Short
59170,13,Short
59201,47,Short
59202,47,Short
59203,169,Short
59204,169,Short
59205,114,Short
59206,108,Short
59207,535,Medium
59208,535,Medium
59211,222,Short
59212,216,Short
59213,52,Short
59214,52,Short
59215,52,Short
59216,52,Short
59225,201,Short
59226,201,Short
59227,91,Short
59228,91,Short
59229,206,Short
59230,206,Short
59231,78,Short
59232,78,Short
59233,169,Short
59234,169,Short
59235,152,Short
59236,152,Short
59243,38,Short
59244,38,Short
59267,47,Short
59268,47,Short
59269,47,Short
59270,47,Short
59271,169,Short
59272,169,Short
59295,47,Short
59296,47,Short
59297,236,Short
59298,236,Short
59306,78,Short
59307,78,Short
59317,54,Short
59318,54,Short
59319,183,Short
59320,183,Short
59341,428,Medium
59342,428,Medium
59345,44,Short
59346,44,Short
59353,54,Short
59354,54,Short
59355,585,Medium
59356,585,Medium
59357,86,Short
59358,86,Short
59359,75,Short
59360,75,Short
59379,74,Short
59380,74,Short
59385,553,Medium
59386,553,Medium
59387,133,Short
59388,133,Short
59393,397,Medium
59394,398,Medium
59395,133,Short
59396,137,Short
59421,184,Short
59422,189,Short
59423,189,Short
59424,184,Short
59425,358,Medium
59426,358,Medium
59439,490,Medium
59440,490,Medium
59441,490,Medium
59442,490,Medium
59473,111,Short
59474,111,Short
59475,40,Short
59476,40,Short
59477,40,Short
59478,40,Short
59481,40,Short
59482,40,Short
59483,40,Short
59484,40,Short
59503,429,Medium
59504,429,Medium
59507,189,Short
59508,189,Short
59509,64,Short
59510,64,Short
59511,64,Short
59512,64,Short
59547,495,Medium
59548,495,Medium
59549,99,Short
59550,99,Short
59601,139,Short
59602,139,Short
59603,306,Medium
59604,306,Medium
59605,114,Short
59606,114,Short
59607,31,Short
59608,31,Short
59705,563,Medium
59706,562,Medium
59707,77,Short
59708,66,Short
59709,66,Short
59710,77,Short
59711,142,Short
59712,143,Short
59713,54,Short
59714,54,Short
59715,215,Short
59716,215,Short
59717,215,Short
59718,215,Short
59719,215,Short
59720,215,Short
59721,367,Medium
59722,367,Medium
59727,213,Short
59728,213,Short
59729,213,Short
59730,213,Short
59731,66,Short
59732,66,Short
59733,66,Short
59734,66,Short
59735,47,Short
59736,47,Short
59803,265,Short
59804,265,Short
59805,268,Short
59806,268,Short
59811,688,Medium
59812,691,Medium
59813,330,Medium
59814,328,Medium
59821,499,Medium
59822,499,Medium
59823,87,Short
59824,87,Short
59825,87,Short
59826,87,Short
59827,36,Short
59828,36,Short
59831,527,Medium
59832,527,Medium
59833,227,Short
59834,227,Short
59835,169,Short
59836,169,Short
59837,85,Short
59838,85,Short
59839,85,Short
59840,85,Short
61631,138,Short
61632,138,Short
63105,230,Short
63108,229,Short
63141,228,Short
63142,228,Short
63151,6,Short
63153,6,Short
63154,6,Short
63155,6,Short
63156,6,Short
63157,6,Short
63158,6,Short
63159,6,Short
63160,6,Short
63161,6,Short
63162,6,Short
63163,6,Short
63164,6,Short
63165,6,Short
63166,6,Short
63167,6,Short
63168,6,Short
63169,6,Short
63203,34,Short
63204,34,Short
63205,123,Short
63206,123,Short
63207,177,Short
63208,221,Short
63209,177,Short
63210,177,Short
63211,221,Short
63212,177,Short
63213,49,Short
63214,49,Short
63217,98,Short
63218,98,Short
63219,75,Short
63220,85,Short
63221,89,Short
63222,89,Short
63223,49,Short
63224,49,Short
63225,207,Short
63226,225,Short
63227,207,Short
63228,207,Short
63231,207,Short
63232,117,Short
63233,225,Short
63234,207,Short
63235,89,Short
63237,152,Short
63238,152,Short
63240,89,Short
63241,94,Short
63242,91,Short
63243,94,Short
63244,94,Short
63245,91,Short
63246,91,Short
63247,91,Short
63248,94,Short
63249,91,Short
63250,85,Short
63251,91,Short
63252,91,Short
63253,91,Short
63254,94,Short
63255,91,Short
63256,91,Short
63257,94,Short
63258,94,Short
63259,91,Short
63260,94,Short
63261,139,Short
63262,139,Short
63263,117,Short
63264,207,Short
63271,89,Short
63272,89,Short
63273,20,Short
63274,18,Short
63275,20,Short
63276,18,Short
63279,93,Short
63280,120,Short
63283,120,Short
63284,120,Short
63285,120,Short
63286,93,Short
63289,85,Short
63290,85,Short
63291,85,Short
63292,85,Short
63293,118,Short
63294,118,Short
63295,203,Short
63296,203,Short
63501,106,Short
63502,106,Short
63505,104,Short
63506,105,Short
63507,104,Short
63508,105,Short
63509,104,Short
63510,105,Short
63511,104,Short
63512,105,Short
63513,104,Short
63514,105,Short
63515,104,Short
63516,105,Short
63517,104,Short
63518,105,Short
63519,104,Short
63520,105,Short
63521,104,Short
63522,105,Short
63523,104,Short
63524,105,Short
63525,104,Short
63526,105,Short
63527,42,Short
63528,42,Short
63529,100,Short
63530,101,Short
63531,72,Short
63532,73,Short
63533,72,Short
63534,73,Short
63535,72,Short
63536,73,Short
63537,72,Short
63538,73,Short
63541,88,Short
63542,88,Short
63543,88,Short
63544,88,Short
63545,58,Short
63546,58,Short
63547,74,Short
63548,76,Short
63549,124,Short
63550,122,Short
63551,58,Short
63552,58,Short
63553,479,Medium
63554,479,Medium
63561,110,Short
63562,116,Short
63563,110,Short
63564,110,Short
63565,43,Short
63566,43,Short
63567,154,Short
63568,154,Short
63569,110,Short
63570,116,Short
63571,131,Short
63572,131,Short
63573,97,Short
63574,97,Short
63581,111,Short
63582,111,Short
63583,111,Short
63584,111,Short
63591,137,Short
63592,137,Short
63593,80,Short
63594,80,Short
63595,193,Short
63596,193,Short
63597,198,Short
63598,200,Short
64001,88,Short
64002,88,Short
64003,44,Short
64004,56,Short
64011,65,Short
64012,65,Short
64013,65,Short
64014,65,Short
64015,65,Short
64016,65,Short
64017,65,Short
64018,11,Short
64019,65,Short
64031,36,Short
64032,36,Short
64034,36,Short
64036,36,Short
64051,77,Short
64052,77,Short
64053,79,Short
64055,79,Short
64057,77,Short
64061,57,Short
64062,57,Short
64064,57,Short
64071,44,Short
64073,94,Short
64074,96,Short
64075,53,Short
64076,53,Short
64077,53,Short
64078,53,Short
64080,53,Short
64082,53,Short
64084,53,Short
64087,28,Short
64088,7,Short
64089,35,Short
64090,35,Short
64091,43,Short
64092,35,Short
64093,25,Short
64094,25,Short
64095,32,Short
64096,25,Short
64097,11,Short
64098,25,Short
64101,125,Short
64102,125,Short
64103,125,Short
64104,54,Short
64105,131,Short
64106,82,Short
64107,54,Short
64108,82,Short
64109,71,Short
64110,131,Short
64111,92,Short
64112,64,Short
64113,99,Short
64114,131,Short
64151,125,Short
64152,125,Short
64153,139,Short
64154,78,Short
64155,86,Short
64156,139,Short
64157,114,Short
64158,86,Short
64159,83,Short
64160,115,Short
64161,106,Short
64162,83,Short
64163,12,Short
64164,106,Short
64165,78,Short
64167,185,Short
64168,185,Short
64201,73,Short
64202,73,Short
64203,73,Short
64204,73,Short
64205,73,Short
64206,73,Short
64207,73,Short
64208,73,Short
64209,73,Short
64210,73,Short
64211,73,Short
64212,73,Short
64213,73,Short
64214,85,Short
64216,85,Short
64221,164,Short
64222,164,Short
64231,28,Short
64232,28,Short
64234,28,Short
64235,101,Short
64236,101,Short
64251,73,Short
64252,73,Short
64253,84,Short
64254,73,Short
64255,84,Short
64257,73,Short
64260,86,Short
64271,36,Short
64272,36,Short
64273,36,Short
64274,36,Short
64275,36,Short
64281,139,Short
64282,139,Short
64401,19,Short
64402,19,Short
64403,19,Short
64404,19,Short
64406,19,Short
64407,19,Short
64408,19,Short
64409,23,Short
64410,25,Short
64411,21,Short
64412,19,Short
64414,19,Short
64415,25,Short
64417,28,Short
64418,28,Short
64419,30,Short
64420,30,Short
64421,25,Short
64422,25,Short
64423,25,Short
64424,25,Short
64425,25,Short
64426,25,Short
64427,25,Short
64428,25,Short
64429,25,Short
64430,25,Short
64431,25,Short
64432,25,Short
64433,25,Short
64434,28,Short
64437,28,Short
64439,28,Short
64441,25,Short
64443,28,Short
64445,19,Short
64449,25,Short
64450,25,Short
64451,88,Short
64452,155,Short
64453,88,Short
64454,155,Short
64461,164,Short
64462,164,Short
64463,156,Short
64464,89,Short
64465,156,Short
64466,89,Short
64470,89,Short
64471,114,Short
64472,114,Short
64481,108,Short
64482,41,Short
64483,41,Short
64491,53,Short
64492,53,Short
64493,46,Short
64494,46,Short
64496,89,Short
64501,81,Short
64502,81,Short
64504,81,Short
64511,238,Short
64512,238,Short
64513,238,Short
64514,157,Short
64515,157,Short
64516,157,Short
64517,157,Short
64518,157,Short
64521,113,Short
64522,113,Short
64523,113,Short
64524,113,Short
64531,88,Short
64532,108,Short
64533,88,Short
64534,114,Short
64536,88,Short
64541,108,Short
64542,108,Short
64543,108,Short
64545,41,Short
64546,41,Short
64547,41,Short
64548,41,Short
64551,135,Short
64552,135,Short
64553,153,Short
64554,153,Short
64555,59,Short
64556,59,Short
64557,180,Short
64558,180,Short
64559,180,Short
64560,180,Short
64561,261,Short
64562,261,Short
64563,215,Short
64564,215,Short
64565,192,Short
64566,192,Short
64567,103,Short
64568,103,Short
64569,87,Short
64570,89,Short
64581,161,Short
64582,161,Short
64583,203,Short
64584,203,Short
64585,5,Short
64586,5,Short
64587,225,Short
64588,225,Short
64589,78,Short
64590,78,Short
64591,194,Short
64592,194,Short
64593,77,Short
64594,77,Short
64595,152,Short
64596,152,Short
64901,118,Short
64902,119,Short
64903,158,Short
64904,160,Short
64905,134,Short
64906,77,Short
64908,44,Short
64910,148,Short
64911,71,Short
64912,71,Short
64913,69,Short
64914,69,Short
64915,69,Short
64916,69,Short
64931,69,Short
64932,69,Short
64951,83,Short
64952,83,Short
64953,180,Short
64955,28,Short
64956,28,Short
64957,133,Short
64958,137,Short
64959,94,Short
66000,21,Short
66001,41,Short
66002,21,Short
66003,20,Short
66004,21,Short
66005,20,Short
66006,21,Short
66007,20,Short
66008,68,Short
66009,68,Short
66010,68,Short
66011,68,Short
66012,41,Short
66013,68,Short
66014,77,Short
66015,68,Short
66016,70,Short
66017,140,Short
66018,140,Short
66019,202,Short
66020,204,Short
66021,68,Short
66022,62,Short
66025,82,Short
66026,82,Short
66027,82,Short
66028,82,Short
66029,93,Short
66030,93,Short
66031,93,Short
66032,93,Short
66033,131,Short
66034,131,Short
66035,82,Short
66036,82,Short
66037,93,Short
66038,93,Short
66039,78,Short
66040,68,Short
66041,108,Short
66042,108,Short
66043,95,Short
66044,95,Short
66045,67,Short
66046,67,Short
66047,148,Short
66048,146,Short
66049,78,Short
66050,77,Short
66051,20,Short
66052,21,Short
66053,42,Short
66054,20,Short
66300,155,Short
66301,155,Short
66302,140,Short
66303,142,Short
66304,151,Short
66305,151,Short
66307,155,Short
66308,155,Short
66309,142,Short
66310,140,Short
66511,85,Short
66512,86,Short
66513,17,Short
66514,73,Short
66515,74,Short
66516,16,Short
66517,16,Short
66518,17,Short
66519,86,Short
66520,87,Short
66523,98,Short
66524,98,Short
66527,34,Short
66528,34,Short
66529,102,Short
66530,68,Short
66531,68,Short
66532,85,Short
66533,73,Short
66534,92,Short
66535,44,Short
66536,44,Short
66537,44,Short
66538,44,Short
66539,44,Short
66540,44,Short
66541,21,Short
66542,21,Short
66543,102,Short
66544,102,Short
66600,100,Short
66601,100,Short
66602,159,Short
66603,159,Short
66604,98,Short
66605,98,Short
66606,58,Short
66607,58,Short
66608,158,Short
66609,159,Short
66611,149,Short
66612,150,Short
67247,121,Short
67248,103,Short
67249,113,Short
67250,113,Short
67251,31,Short
67253,31,Short
67254,32,Short
67255,25,Short
67256,106,Short
67257,106,Short
67258,25,Short
67259,32,Short
67260,138,Short
67261,149,Short
67262,149,Short
67263,138,Short
67264,163,Short
67265,163,Short
67266,143,Short
67267,163,Short
67269,104,Short
67270,104,Short
67271,121,Short
67272,122,Short
67273,32,Short
67274,32,Short
67275,59,Short
67276,59,Short
67277,96,Short
67278,96,Short
67279,154,Short
67280,154,Short
67282,142,Short
67291,60,Short
67292,60,Short
67293,60,Short
67294,130,Short
67295,79,Short
67296,97,Short
67297,138,Short
67298,138,Short
67299,149,Short
67300,149,Short
68001,148,Short
68003,215,Short
68004,214,Short
68005,137,Short
68006,137,Short
68007,188,Short
68008,147,Short
68009,62,Short
68010,62,Short
68011,137,Short
68012,137,Short
68013,137,Short
68014,137,Short
68015,137,Short
68016,137,Short
68017,238,Short
68018,238,Short
68019,284,Short
68020,284,Short
68021,120,Short
68022,120,Short
68023,188,Short
68024,189,Short
68047,40,Short
68048,40,Short
68053,71,Short
68054,70,Short
68055,171,Short
68056,170,Short
68057,39,Short
68058,39,Short
68059,112,Short
68060,112,Short
68063,41,Short
68069,41,Short
68070,41,Short
68071,70,Short
68072,40,Short
68073,11,Short
68074,40,Short
68075,29,Short
68076,29,Short
68077,40,Short
68078,40,Short
68079,37,Short
68080,37,Short
68081,53,Short
68082,84,Short
68088,121,Short
68089,155,Short
68090,155,Short
68091,51,Short
68092,51,Short
68093,51,Short
68094,51,Short
68097,108,Short
68098,108,Short
68643,8,Short
68644,8,Short
68645,8,Short
68646,8,Short
68685,130,Short
68686,117,Short
68688,117,Short
68689,117,Short
68690,130,Short
68701,48,Short
68702,41,Short
68703,48,Short
68704,41,Short
68705,109,Short
68706,214,Short
68707,48,Short
68708,34,Short
68709,109,Short
68710,102,Short
68711,73,Short
68712,73,Short
68713,127,Short
68714,126,Short
68715,127,Short
68716,126,Short
68717,48,Short
68718,41,Short
68719,112,Short
68721,109,Short
68723,73,Short
68724,175,Short
68725,48,Short
68726,41,Short
68727,112,Short
68728,111,Short
68729,109,Short
68730,102,Short
68731,97,Short
68732,97,Short
68733,97,Short
68734,97,Short
68735,135,Short
68736,135,Short
68737,135,Short
68738,133,Short
68739,100,Short
68740,100,Short
68741,133,Short
68742,133,Short
68743,127,Short
68744,126,Short
68745,209,Short
68746,209,Short
68747,320,Medium
68748,318,Medium
68749,215,Short
68750,215,Short
69101,99,Short
69102,99,Short
69104,35,Short
69105,63,Short
69106,63,Short
69107,99,Short
69108,99,Short
69109,128,Short
69110,128,Short
69111,128,Short
69112,128,Short
69113,99,Short
69114,99,Short
69115,99,Short
69116,63,Short
69117,146,Short
69118,147,Short
69119,146,Short
69120,147,Short
69121,72,Short
69122,72,Short
69123,78,Short
69124,78,Short
69125,78,Short
69126,78,Short
69127,63,Short
69128,63,Short
69129,63,Short
69130,63,Short
69131,31,Short
69132,31,Short
69133,29,Short
69134,29,Short
69135,29,Short
69136,29,Short
69137,35,Short
69138,35,Short
69139,232,Short
69140,206,Short
69141,117,Short
69142,117,Short
69143,89,Short
69144,89,Short
69145,78,Short
69146,78,Short
69147,78,Short
69149,265,Short
69150,265,Short
69151,68,Short
69152,68,Short
69153,54,Short
69154,54,Short
69161,137,Short
69164,137,Short
69165,65,Short
69166,65,Short
69167,65,Short
69168,65,Short
69169,160,Short
69171,58,Short
69172,58,Short
69173,63,Short
69174,89,Short
69181,114,Short
69182,114,Short
69183,44,Short
69184,44,Short
69185,54,Short
69186,54,Short
69187,114,Short
69188,114,Short
69189,152,Short
69190,153,Short
69191,95,Short
69192,95,Short
69195,61,Short
69196,61,Short
70101,115,Short
70102,119,Short
70103,115,Short
70104,119,Short
70105,324,Medium
70106,326,Medium
71081,41,Short
71082,86,Short
71083,41,Short
71084,41,Short
71085,41,Short
71086,41,Short
71088,51,Short
71089,105,Short
71092,105,Short
71093,41,Short
71094,41,Short
71095,105,Short
71096,105,Short
71401,43,Short
71402,121,Short
71403,77,Short
71404,121,Short
71405,43,Short
71407,77,Short
71408,77,Short
71409,77,Short
71410,77,Short
71411,77,Short
71413,265,Short
71414,265,Short
71415,265,Short
71416,265,Short
71901,51,Short
71902,51,Short
71903,148,Short
71904,148,Short
71905,51,Short
71906,51,Short
71907,148,Short
71908,148,Short
71909,136,Short
71910,136,Short
72171,18,Short
72172,18,Short
72173,18,Short
72174,18,Short
72175,18,Short
72176,18,Short
72177,18,Short
72178,18,Short
72179,18,Short
72180,18,Short
72203,34,Short
72204,35,Short
72205,34,Short
72206,35,Short
72207,34,Short
72208,35,Short
72209,34,Short
72210,35,Short
72451,95,Short
72452,95,Short
73011,111,Short
73012,111,Short
73021,59,Short
73022,59,Short
73031,65,Short
73032,65,Short
73033,44,Short
73034,44,Short
73035,127,Short
73036,127,Short
73037,54,Short
73038,54,Short
73151,261,Short
73152,261,Short
73211,10,Short
73212,10,Short
73213,19,Short
73214,19,Short
73215,6,Short
73216,6,Short
73261,64,Short
73262,64,Short
73263,64,Short
73264,64,Short
73421,45,Short
73422,44,Short
73425,45,Short
73426,45,Short
73427,45,Short
73428,45,Short
73429,47,Short
73430,47,Short
73451,56,Short
73452,56,Short
73453,56,Short
73454,56,Short
73461,28,Short
73462,28,Short
73463,28,Short
73464,28,Short
73538,132,Short
73539,132,Short
73581,61,Short
73582,61,Short
73901,39,Short
73902,39,Short
73903,39,Short
73904,39,Short
73905,39,Short
73911,28,Short
73912,28,Short
73913,28,Short
73914,28,Short
73916,28,Short
74001,82,Short
74002,82,Short
74003,82,Short
74004,82,Short
74011,69,Short
74012,69,Short
74013,246,Short
74014,247,Short
74015,138,Short
74016,138,Short
74017,81,Short
74018,81,Short
74019,89,Short
74020,89,Short
74021,163,Short
74022,93,Short
74023,93,Short
74024,163,Short
74025,93,Short
74026,93,Short
74027,54,Short
74028,54,Short
74029,89,Short
74030,89,Short
74031,11,Short
74032,47,Short
74033,47,Short
74034,11,Short
74035,11,Short
74036,47,Short
74037,47,Short
74038,11,Short
74201,172,Short
74202,172,Short
74301,47,Short
74302,47,Short
74303,47,Short
74304,47,Short
74305,47,Short
74306,47,Short
74601,49,Short
74602,49,Short
74603,49,Short
74604,49,Short
74605,49,Short
74606,49,Short
74607,49,Short
74608,49,Short
74611,89,Short
74612,89,Short
74613,45,Short
74614,134,Short
74615,134,Short
74616,45,Short
74617,45,Short
74618,45,Short
74619,134,Short
74620,134,Short
74621,45,Short
74622,45,Short
74623,45,Short
74624,45,Short
74625,134,Short
74626,134,Short
74627,134,Short
74628,134,Short
74629,134,Short
74630,134,Short
74631,89,Short
74632,89,Short
74633,89,Short
74634,89,Short
74635,89,Short
74636,89,Short
74637,89,Short
74638,89,Short
74639,89,Short
74640,89,Short
74641,68,Short
74642,78,Short
74643,78,Short
74644,78,Short
74645,170,Short
74646,170,Short
74647,56,Short
74648,77,Short
74651,53,Short
74652,45,Short
74653,45,Short
74654,45,Short
74655,45,Short
74656,45,Short
74657,45,Short
74658,53,Short
74661,25,Short
74662,25,Short
74663,25,Short
74664,25,Short
74671,106,Short
74672,106,Short
74673,98,Short
74674,98,Short
74675,106,Short
74676,106,Short
74681,77,Short
74682,77,Short
74683,72,Short
74684,77,Short
74685,72,Short
74686,72,Short
74687,77,Short
74688,72,Short
74691,58,Short
74692,58,Short
74801,14,Short
74802,14,Short
74803,14,Short
74804,14,Short
74805,14,Short
74806,14,Short
74807,14,Short
74808,14,Short
74809,14,Short
74810,14,Short
74811,14,Short
74812,14,Short
74813,14,Short
74814,14,Short
74815,14,Short
74816,14,Short
74817,14,Short
74818,14,Short
74831,185,Short
74832,185,Short
74833,313,Medium
74834,313,Medium
74835,471,Medium
74836,471,Medium
74837,348,Medium
74838,348,Medium
74839,208,Short
74840,209,Short
74841,302,Medium
74842,303,Medium
74843,208,Short
74844,209,Short
74845,211,Short
74846,211,Short
74847,211,Short
74848,211,Short
74849,48,Short
74850,47,Short
74851,48,Short
74852,47,Short
74853,48,Short
74854,47,Short
74855,142,Short
74856,142,Short
74857,90,Short
74858,90,Short
74901,115,Short
74902,115,Short
74903,115,Short
74904,115,Short
74906,53,Short
74907,53,Short
74909,152,Short
74910,152,Short
74911,42,Short
74912,42,Short
74913,42,Short
74914,42,Short
74915,42,Short
74916,42,Short
74917,42,Short
74918,42,Short
74919,42,Short
74920,42,Short
74923,121,Short
74924,111,Short
74931,117,Short
74932,117,Short
74933,117,Short
74934,117,Short
74935,117,Short
74936,117,Short
74937,117,Short
74938,117,Short
74939,117,Short
74940,117,Short
74941,31,Short
74942,31,Short
74943,31,Short
74944,31,Short
74945,31,Short
74946,31,Short
74947,31,Short
74948,31,Short
74951,87,Short
74952,87,Short
74953,87,Short
74954,87,Short
74961,123,Short
74962,123,Short
74963,123,Short
74964,123,Short
74965,77,Short
74966,77,Short
74967,77,Short
74968,77,Short
74969,77,Short
74970,77,Short
74971,88,Short
74972,88,Short
74973,88,Short
74974,88,Short
74975,88,Short
74976,88,Short
74977,88,Short
74978,88,Short
74981,80,Short
74982,80,Short
74983,80,Short
74984,80,Short
74985,122,Short
74986,122,Short
74987,122,Short
74988,122,Short
74991,215,Short
74992,215,Short
74993,41,Short
74994,41,Short
75002,220,Short
75003,112,Short
75004,112,Short
75005,221,Short
75007,220,Short
75008,220,Short
75009,127,Short
75010,98,Short
75011,138,Short
75012,166,Short
75013,81,Short
75014,81,Short
75015,81,Short
75016,81,Short
75101,136,Short
75102,136,Short
75103,126,Short
75104,117,Short
75105,214,Short
75106,214,Short
75107,118,Short
75109,88,Short
75111,154,Short
75112,156,Short
75113,156,Short
75114,156,Short
75115,203,Short
75116,203,Short
75201,53,Short
75202,53,Short
75207,169,Short
75208,169,Short
75209,105,Short
75210,105,Short
75211,111,Short
75212,111,Short
75213,29,Short
75214,29,Short
75221,53,Short
75222,53,Short
75225,187,Short
75226,187,Short
75227,187,Short
75228,150,Short
75229,150,Short
75230,187,Short
75231,129,Short
75232,129,Short
75233,82,Short
75234,82,Short
75235,87,Short
75236,87,Short
75237,159,Short
75238,159,Short
75253,37,Short
75254,37,Short
75255,132,Short
75256,132,Short
75271,97,Short
75272,97,Short
75273,97,Short
75274,97,Short
75279,54,Short
75280,54,Short
75707,217,Short
75708,217,Short
75713,181,Short
75714,181,Short
75715,210,Short
75716,210,Short
75717,183,Short
75718,183,Short
75719,251,Short
75720,251,Short
75721,63,Short
75722,64,Short
75723,208,Short
75724,208,Short
75727,100,Short
75728,100,Short
75729,167,Short
75730,166,Short
75733,33,Short
75734,33,Short
75735,33,Short
75736,33,Short
75737,33,Short
75738,33,Short
75739,33,Short
75740,33,Short
75743,204,Short
75744,204,Short
75745,107,Short
75746,108,Short
75747,40,Short
75748,40,Short
75749,61,Short
75750,61,Short
75901,54,Short
75902,101,Short
75903,101,Short
75904,54,Short
75905,47,Short
75906,101,Short
75907,101,Short
75908,47,Short
75911,40,Short
75912,39,Short
76501,17,Short
76502,17,Short
76503,17,Short
76504,17,Short
76505,81,Short
76506,81,Short
76507,64,Short
76508,68,Short
76523,62,Short
76524,61,Short
76525,201,Short
76526,201,Short
76551,157,Short
76552,157,Short
76553,150,Short
76554,150,Short
76800,26,Short
76803,26,Short
76804,26,Short
76805,93,Short
76806,93,Short
76807,150,Short
76808,150,Short
76812,94,Short
76813,28,Short
76814,10,Short
76815,94,Short
76817,10,Short
76818,27,Short
76820,49,Short
76821,49,Short
76822,49,Short
76823,49,Short
76824,49,Short
76825,70,Short
76826,70,Short
76827,49,Short
76828,49,Short
76829,49,Short
76830,89,Short
76831,89,Short
76833,75,Short
76834,75,Short
76835,75,Short
76836,75,Short
76837,127,Short
76838,127,Short
76839,89,Short
76840,89,Short
76841,180,Short
76842,180,Short
76845,122,Short
76846,122,Short
76847,139,Short
76848,139,Short
76849,139,Short
76850,139,Short
76851,145,Short
76852,145,Short
76853,134,Short
76854,134,Short
77201,44,Short
77202,94,Short
77203,94,Short
77204,94,Short
77205,30,Short
77206,109,Short
77207,81,Short
77208,80,Short
77209,36,Short
77211,36,Short
77212,81,Short
77213,44,Short
77214,44,Short
77215,81,Short
77216,36,Short
77218,81,Short
77219,36,Short
77220,36,Short
77221,32,Short
77222,59,Short
77223,59,Short
77224,59,Short
77225,33,Short
77226,33,Short
77227,33,Short
77228,33,Short
77229,59,Short
77230,32,Short
77231,109,Short
77232,65,Short
77233,29,Short
77234,36,Short
77235,36,Short
77237,70,Short
77238,68,Short
77239,47,Short
77240,46,Short
77241,99,Short
77242,68,Short
77243,49,Short
77244,46,Short
77245,25,Short
77246,33,Short
77247,33,Short
77248,169,Short
77249,143,Short
77250,25,Short
77251,141,Short
77252,144,Short
77253,145,Short
77254,146,Short
77255,142,Short
77256,144,Short
77257,83,Short
77258,83,Short
77259,148,Short
77260,148,Short
77261,81,Short
77262,81,Short
77263,44,Short
77264,94,Short
77265,76,Short
77266,46,Short
77267,65,Short
77268,44,Short
77269,81,Short
77270,81,Short
77271,44,Short
77272,44,Short
77273,47,Short
77274,47,Short
77281,31,Short
77282,25,Short
77283,32,Short
77284,32,Short
77285,25,Short
77286,31,Short
77287,31,Short
77288,25,Short
77289,32,Short
77290,25,Short
77291,177,Short
77292,178,Short
77293,70,Short
77294,98,Short
77295,171,Short
77297,130,Short
77298,272,Short
77401,161,Short
77402,161,Short
77403,161,Short
77404,161,Short
77405,14,Short
77406,14,Short
77414,121,Short
77415,122,Short
77416,49,Short
77417,50,Short
77418,197,Short
77419,197,Short
77601,26,Short
77602,39,Short
77603,40,Short
77604,25,Short
77605,27,Short
77606,40,Short
77607,26,Short
77608,26,Short
77609,53,Short
77610,40,Short
77611,13,Short
77612,13,Short
77613,40,Short
77614,40,Short
77615,26,Short
77616,26,Short
77617,40,Short
77618,40,Short
77619,26,Short
77622,52,Short
77623,52,Short
77630,27,Short
77631,13,Short
77632,13,Short
77633,13,Short
77634,13,Short
77635,13,Short
77638,13,Short
77640,13,Short
77641,13,Short
77642,13,Short
77643,13,Short
77645,27,Short
77647,13,Short
77649,27,Short
77651,108,Short
77652,108,Short
77653,52,Short
77654,52,Short
77655,108,Short
77656,108,Short
77657,253,Short
77658,253,Short
77671,105,Short
77672,105,Short
77673,154,Short
77674,154,Short
77675,154,Short
77676,59,Short
77677,59,Short
77678,154,Short
77679,39,Short
77680,39,Short
77681,39,Short
77682,39,Short
77683,151,Short
77684,151,Short
77689,57,Short
77690,57,Short
77691,151,Short
77693,237,Short
77694,237,Short
77695,129,Short
77696,129,Short
78009,55,Short
78010,55,Short
78011,55,Short
78012,72,Short
78013,69,Short
78014,17,Short
78015,17,Short
78016,69,Short
78017,69,Short
78018,17,Short
78019,17,Short
78020,51,Short
78031,116,Short
78032,116,Short
78033,147,Short
78034,147,Short
78051,113,Short
78052,113,Short
78053,113,Short
78054,113,Short
78055,113,Short
78056,113,Short
78057,40,Short
78058,40,Short
78059,113,Short
78060,113,Short
78061,113,Short
78101,96,Short
78102,96,Short
78103,150,Short
78104,150,Short
78502,27,Short
78503,165,Short
78504,165,Short
78505,73,Short
78511,16,Short
78512,16,Short
78513,16,Short
78514,16,Short
78515,16,Short
78516,16,Short
78517,16,Short
78518,16,Short
78519,16,Short
78520,16,Short
78531,60,Short
78534,142,Short
78801,89,Short
78802,87,Short
78803,89,Short
78804,87,Short
78805,89,Short
78806,87,Short
78807,60,Short
78808,58,Short
78809,89,Short
78810,87,Short
78811,47,Short
78812,46,Short
78813,47,Short
78814,46,Short
78815,149,Short
78816,129,Short
78817,89,Short
78818,104,Short
78819,249,Short
78820,249,Short
78821,89,Short
78822,87,Short
78824,89,Short
78825,87,Short
78826,87,Short
78827,89,Short
79301,242,Short
79302,242,Short
79303,188,Short
79304,188,Short
79305,139,Short
79306,139,Short
79307,21,Short
79308,21,Short
79309,139,Short
79310,139,Short
79311,21,Short
79312,21,Short
79313,139,Short
79314,139,Short
79315,21,Short
79316,21,Short
79317,139,Short
79318,139,Short
79319,21,Short
79320,21,Short
79321,21,Short
79322,21,Short
79323,21,Short
79324,21,Short
79325,21,Short
79326,21,Short
79413,51,Short
79414,51,Short
79415,51,Short
79416,51,Short
79417,51,Short
79418,51,Short
79419,51,Short
79420,51,Short
79421,51,Short
79422,51,Short
79423,51,Short
79424,51,Short
79425,51,Short
79426,51,Short
79427,51,Short
79428,51,Short
79429,63,Short
79430,63,Short
79431,68,Short
79432,68,Short
79433,109,Short
79434,109,Short
79435,109,Short
79436,109,Short
79437,118,Short
79438,117,Short
79441,28,Short
79442,28,Short
79443,28,Short
79444,28,Short
79445,98,Short
79446,28,Short
79447,28,Short
79448,28,Short
79449,47,Short
79450,47,Short
79451,28,Short
79452,28,Short
79453,28,Short
79454,98,Short
79455,105,Short
79456,105,Short
79457,36,Short
79458,36,Short
79459,36,Short
79460,36,Short
79481,39,Short
79482,39,Short
79483,39,Short
79484,39,Short
79485,1,Short
79486,1,Short
79487,1,Short
79488,1,Short
79489,1,Short
79490,1,Short
82355,1712,Long
82601,649,Medium
82606,649,Medium
82631,695,Medium
82635,849,Long
82651,3211,Long
82652,3212,Long
82653,2440,Long
82654,2440,Long
82665,668,Medium
82666,663,Medium
90540,60,Short
90981,59,Short
91392,10,Short
91393,10,Short
91394,10,Short
91395,10,Short
91396,10,Short
91491,10,Short
93001,63,Short
93002,101,Short
93003,63,Short
93004,63,Short
93005,123,Short
93006,123,Short
93007,123,Short
93008,89,Short
93009,101,Short
93010,63,Short
93011,63,Short
93012,63,Short
93013,89,Short
93014,63,Short
93015,123,Short
93016,123,Short
93017,63,Short
93018,63,Short
93019,63,Short
93020,113,Short
93021,63,Short
93022,113,Short
93023,63,Short
93024,63,Short
93025,123,Short
93026,123,Short
93027,113,Short
93028,123,Short
93029,113,Short
93030,123,Short
93031,63,Short
93032,63,Short
93033,123,Short
93034,63,Short
93101,63,Short
93102,63,Short
93103,123,Short
93104,63,Short
93105,63,Short
93109,63,Short
95001,49,Short
95002,49,Short
95003,49,Short
95004,49,Short
95005,49,Short
95006,49,Short
95007,49,Short
95008,49,Short
95009,49,Short
95010,49,Short
95011,49,Short
95012,49,Short
95013,49,Short
95101,46,Short
95102,46,Short
95103,46,Short
95104,46,Short
95105,46,Short
95106,46,Short
95107,46,Short
95108,46,Short
95109,46,Short
95110,46,Short
95111,46,Short
95112,46,Short
95113,46,Short
95114,46,Short
95115,46,Short
95116,46,Short
95117,46,Short
95118,46,Short
95119,46,Short
95120,46,Short
95121,46,Short
95122,46,Short
95123,46,Short
95124,46,Short
95125,46,Short
95126,46,Short
95127,46,Short
95128,46,Short
95129,46,Short
95130,46,Short
95131,46,Short
95132,46,Short
95134,46,Short
95136,46,Short
95138,46,Short
95140,46,Short
95142,46,Short
95144,46,Short
95201,14,Short
95202,14,Short
95203,14,Short
95204,14,Short
95205,14,Short
95206,14,Short
95207,14,Short
95208,14,Short
95209,14,Short
95210,14,Short
95211,14,Short
95212,14,Short
95213,14,Short
95214,14,Short
95215,14,Short
95216,14,Short
95217,14,Short
95218,14,Short
95219,14,Short
95220,14,Short
95221,14,Short
95222,14,Short
95223,14,Short
95224,14,Short
95225,14,Short
95226,14,Short
95227,14,Short
95228,14,Short
95229,14,Short
95230,14,Short
95231,14,Short
95232,14,Short
95233,14,Short
95234,14,Short
95235,14,Short
95236,14,Short
95237,14,Short
95239,14,Short
95241,14,Short
95301,6,Short
95302,6,Short
95303,6,Short
95304,6,Short
95305,6,Short
95306,6,Short
95307,6,Short
95308,6,Short
95309,6,Short
95310,6,Short
95311,6,Short
95312,6,Short
95313,6,Short
95314,6,Short
95315,6,Short
95316,6,Short
95317,6,Short
95318,6,Short
95319,6,Short
95320,6,Short
95321,6,Short
95322,6,Short
95323,6,Short
95324,6,Short
95325,6,Short
95326,6,Short
95327,6,Short
95328,6,Short
95329,6,Short
95330,6,Short
95331,6,Short
95332,6,Short
95334,6,Short
95336,6,Short
95338,6,Short
95340,6,Short
95342,6,Short
95401,67,Short
95402,67,Short
95403,67,Short
95404,67,Short
95405,67,Short
95406,67,Short
95407,67,Short
95408,67,Short
95409,67,Short
95410,67,Short
95411,67,Short
95412,67,Short
95413,67,Short
95414,67,Short
95415,67,Short
95416,67,Short
95417,67,Short
95418,67,Short
95419,67,Short
95420,67,Short
95421,67,Short
95422,67,Short
95423,67,Short
95424,67,Short
95425,67,Short
95426,67,Short
95428,67,Short
95430,67,Short
95501,32,Short
95502,32,Short
95503,32,Short
95504,32,Short
95505,32,Short
95506,32,Short
95507,32,Short
95508,32,Short
95509,32,Short
95510,32,Short
95511,32,Short
95512,32,Short
95513,32,Short
95514,32,Short
95515,32,Short
95516,32,Short
95517,32,Short
95601,10,Short
95602,10,Short
95603,10,Short
95604,10,Short
95605,10,Short
95606,10,Short
95607,10,Short
95608,10,Short
95609,10,Short
95610,10,Short
95611,10,Short
95612,10,Short
95613,10,Short
95614,10,Short
95615,10,Short
95616,10,Short
95617,10,Short
95619,10,Short
95701,53,Short
95702,53,Short
95703,53,Short
95704,53,Short
95705,53,Short
95706,44,Short
95707,53,Short
95708,53,Short
95709,53,Short
95710,53,Short
95711,53,Short
95712,53,Short
95713,44,Short
95714,53,Short
95715,53,Short
95716,53,Short
95717,53,Short
95718,53,Short
95719,53,Short
95720,53,Short
95721,53,Short
95722,44,Short
95723,44,Short
95724,53,Short
95725,44,Short
95726,53,Short
95727,53,Short
95728,53,Short
95729,44,Short
95730,44,Short
95731,53,Short
95732,53,Short
95733,53,Short
95734,44,Short
95735,44,Short
95736,53,Short
95737,53,Short
95738,53,Short
95739,53,Short
95740,53,Short
95741,53,Short
95742,53,Short
95743,53,Short
95744,53,Short
95745,53,Short
95746,53,Short
95801,48,Short
95802,48,Short
95804,48,Short
95805,48,Short
95808,48,Short
95901,33,Short
95902,33,Short
95903,33,Short
95904,33,Short
95905,33,Short
95906,33,Short
95907,33,Short
95908,33,Short
95909,33,Short
95910,33,Short
95911,33,Short
95912,33,Short
95913,33,Short
95917,33,Short
95919,33,Short
96001,2,Short
96002,2,Short
96003,49,Short
96004,2,Short
96005,2,Short
96006,2,Short
96007,2,Short
96008,2,Short
96009,2,Short
96010,2,Short
96011,2,Short
96012,2,Short
96013,2,Short
96014,2,Short
96015,2,Short
96016,2,Short
96017,2,Short
96018,2,Short
96019,49,Short
96020,49,Short
96022,2,Short
96101,46,Short
96102,46,Short
96103,46,Short
96104,46,Short
96105,46,Short
96106,46,Short
96107,46,Short
96108,46,Short
96109,46,Short
96110,46,Short
96111,46,Short
96112,46,Short
96113,46,Short
96114,99,Short
96115,46,Short
96116,99,Short
96117,46,Short
96119,46,Short
96121,46,Short
96201,14,Short
96202,14,Short
96203,14,Short
96204,14,Short
96205,14,Short
96206,14,Short
96207,14,Short
96208,14,Short
96209,14,Short
96210,14,Short
96211,14,Short
96212,14,Short
96213,14,Short
96214,14,Short
96215,14,Short
96216,14,Short
96217,14,Short
96218,14,Short
96219,14,Short
96220,14,Short
96221,14,Short
96222,14,Short
96223,14,Short
96224,14,Short
96225,14,Short
96226,14,Short
96227,14,Short
96228,14,Short
96232,14,Short
96234,14,Short
96236,67,Short
96301,6,Short
96302,6,Short
96303,6,Short
96304,6,Short
96305,6,Short
96306,6,Short
96307,6,Short
96308,6,Short
96309,6,Short
96310,6,Short
96311,6,Short
96312,6,Short
96313,6,Short
96314,6,Short
96315,6,Short
96316,6,Short
96317,6,Short
96318,6,Short
96319,6,Short
96320,6,Short
96321,6,Short
96322,6,Short
96323,6,Short
96324,6,Short
96325,6,Short
96326,6,Short
96327,6,Short
96328,6,Short
96329,6,Short
96330,6,Short
96331,6,Short
96332,6,Short
96333,6,Short
96334,6,Short
96335,6,Short
96336,59,Short
96337,6,Short
96339,6,Short
96341,6,Short
96343,6,Short
96345,6,Short
96401,67,Short
96402,67,Short
96403,67,Short
96404,67,Short
96405,67,Short
96406,67,Short
96407,67,Short
96409,67,Short
96501,21,Short
96502,32,Short
96503,32,Short
96504,32,Short
96505,32,Short
96506,32,Short
96507,32,Short
96508,32,Short
96509,32,Short
96510,32,Short
96511,32,Short
96512,32,Short
96513,32,Short
96514,32,Short
96515,32,Short
96516,32,Short
96517,32,Short
96518,32,Short
96519,32,Short
96520,32,Short
96521,32,Short
96522,32,Short
96524,32,Short
96601,10,Short
96602,10,Short
96603,10,Short
96604,10,Short
96605,10,Short
96606,10,Short
96607,10,Short
96608,10,Short
96609,10,Short
96610,10,Short
96611,10,Short
96612,10,Short
96613,10,Short
96614,10,Short
96615,10,Short
96616,10,Short
96617,10,Short
96618,10,Short
96619,10,Short
96620,10,Short
96621,10,Short
96622,10,Short
96623,10,Short
96624,10,Short
96625,10,Short
96626,10,Short
96627,10,Short
96628,10,Short
96629,10,Short
96630,10,Short
96631,10,Short
96632,10,Short
96633,10,Short
96634,10,Short
96635,10,Short
96636,10,Short
96637,10,Short
96638,10,Short
96639,10,Short
96640,10,Short
96641,10,Short
96642,10,Short
96643,10,Short
96644,10,Short
96645,10,Short
96646,10,Short
96647,10,Short
96648,10,Short
96649,10,Short
96650,10,Short
96651,10,Short
96652,10,Short
96653,10,Short
96654,10,Short
96655,10,Short
96656,10,Short
96657,64,Short
96658,10,Short
96660,10,Short
97000,53,Short
97001,35,Short
97002,53,Short
97003,35,Short
97004,53,Short
97005,35,Short
97006,53,Short
97007,35,Short
97008,53,Short
97009,35,Short
97010,53,Short
97011,53,Short
97012,44,Short
97013,35,Short
97014,53,Short
97015,53,Short
97016,53,Short
97017,53,Short
97018,53,Short
97019,53,Short
97020,53,Short
97021,53,Short
97022,53,Short
97023,44,Short
97024,53,Short
97025,53,Short
97026,44,Short
97027,53,Short
97028,44,Short
97029,53,Short
97030,53,Short
97031,53,Short
97032,53,Short
97033,20,Short
97034,53,Short
97035,44,Short
97036,53,Short
97037,53,Short
97038,53,Short
97039,53,Short
97040,53,Short
97041,53,Short
97042,37,Short
97043,44,Short
97044,53,Short
97045,44,Short
97046,20,Short
97047,53,Short
97048,53,Short
97049,53,Short
97050,44,Short
97051,37,Short
97052,53,Short
97053,53,Short
97054,53,Short
97055,53,Short
97056,20,Short
97057,53,Short
97058,53,Short
97059,53,Short
97060,53,Short
97061,53,Short
97062,53,Short
97063,44,Short
97064,37,Short
97065,53,Short
97066,53,Short
97067,53,Short
97068,53,Short
97069,53,Short
97070,53,Short
97071,53,Short
97072,44,Short
97073,20,Short
97074,53,Short
97075,53,Short
97076,53,Short
97077,37,Short
97078,53,Short
97079,53,Short
97080,53,Short
97081,53,Short
97082,53,Short
97083,53,Short
97084,53,Short
97085,53,Short
97086,20,Short
97087,44,Short
97088,53,Short
97089,53,Short
97090,53,Short
97091,53,Short
97092,44,Short
97093,53,Short
97094,20,Short
97095,53,Short
97096,53,Short
97097,37,Short
97098,44,Short
97099,35,Short
97100,53,Short
97101,53,Short
97102,53,Short
97103,53,Short
97104,53,Short
97105,53,Short
97106,53,Short
97107,44,Short
97108,53,Short
97109,35,Short
97110,44,Short
97111,53,Short
97112,53,Short
97113,53,Short
97114,53,Short
97115,44,Short
97116,37,Short
97117,53,Short
97118,20,Short
97119,53,Short
97120,44,Short
97121,44,Short
97122,53,Short
97123,44,Short
97124,53,Short
97125,53,Short
97126,44,Short
97127,53,Short
97128,53,Short
97129,53,Short
97130,20,Short
97131,37,Short
97132,44,Short
97133,53,Short
97134,44,Short
97135,44,Short
97136,53,Short
97137,44,Short
97138,44,Short
97139,53,Short
97140,37,Short
97141,44,Short
97142,53,Short
97143,44,Short
97144,53,Short
97145,44,Short
97146,53,Short
97147,53,Short
97148,37,Short
97149,53,Short
97150,20,Short
97151,53,Short
97152,20,Short
97153,53,Short
97155,44,Short
97201,48,Short
97202,48,Short
97203,48,Short
97204,48,Short
97205,48,Short
97206,48,Short
97207,48,Short
97208,48,Short
97209,48,Short
97210,48,Short
97211,48,Short
97212,39,Short
97213,48,Short
97214,48,Short
97215,48,Short
97216,48,Short
97217,48,Short
97218,48,Short
97219,48,Short
97220,48,Short
97221,48,Short
97222,48,Short
97223,48,Short
97224,48,Short
97225,48,Short
97226,48,Short
97227,48,Short
97228,48,Short
97229,48,Short
97230,48,Short
97231,48,Short
97232,48,Short
97233,48,Short
97234,39,Short
97235,39,Short
97236,48,Short
97237,39,Short
97238,48,Short
97239,48,Short
97240,48,Short
97241,48,Short
97242,48,Short
97243,48,Short
97244,48,Short
97245,48,Short
97246,48,Short
97247,39,Short
97248,48,Short
97249,48,Short
97250,48,Short
97251,48,Short
97252,48,Short
97253,48,Short
97254,39,Short
97255,48,Short
97256,48,Short
97258,48,Short
97260,39,Short
97301,33,Short
97302,33,Short
97303,33,Short
97304,33,Short
97305,33,Short
97306,33,Short
97307,33,Short
97308,33,Short
97309,33,Short
97310,33,Short
97311,33,Short
97312,33,Short
97313,33,Short
97314,33,Short
97315,33,Short
97316,33,Short
97317,33,Short
97318,33,Short
97319,33,Short
97320,33,Short
97321,33,Short
97322,33,Short
97323,33,Short
97324,33,Short
97325,33,Short
97326,33,Short
97327,33,Short
97328,33,Short
97329,33,Short
97330,33,Short
97331,33,Short
97332,33,Short
97333,33,Short
97334,33,Short
97335,33,Short
97336,33,Short
97337,33,Short
97338,33,Short
97339,33,Short
97340,33,Short
97341,33,Short
97342,33,Short
97343,33,Short
97344,33,Short
97345,33,Short
97346,33,Short
97347,33,Short
97348,33,Short
97349,33,Short
97350,33,Short
97351,33,Short
97352,33,Short
97353,33,Short
97354,33,Short
97355,33,Short
97356,33,Short
97357,33,Short
97358,33,Short
97359,33,Short
97360,33,Short
97361,33,Short
97362,33,Short
97363,33,Short
97364,33,Short
97365,33,Short
97366,33,Short
97367,33,Short
97368,33,Short
97369,33,Short
97370,33,Short
97371,33,Short
97372,33,Short
97373,33,Short
97374,33,Short
97375,24,Short
97376,33,Short
97377,33,Short
97378,33,Short
97379,33,Short
97380,33,Short
97381,33,Short
97382,33,Short
97383,33,Short
97384,24,Short
97385,33,Short
97386,33,Short
97387,33,Short
97388,33,Short
97389,33,Short
97390,33,Short
97391,33,Short
97392,33,Short
97393,33,Short
97394,33,Short
97395,33,Short
97396,33,Short
97397,33,Short
97398,33,Short
97399,33,Short
97400,33,Short
97401,33,Short
97402,33,Short
97403,33,Short
97404,33,Short
97405,33,Short
97406,24,Short
97407,33,Short
97408,33,Short
97409,24,Short
97410,24,Short
97411,33,Short
97412,33,Short
97413,33,Short
97414,33,Short
97415,24,Short
97416,33,Short
97417,33,Short
97418,33,Short
97419,33,Short
97420,24,Short
97421,33,Short
97422,33,Short
97423,33,Short
97424,24,Short
97425,33,Short
97426,33,Short
97427,33,Short
97428,33,Short
97429,24,Short
97430,24,Short
97431,33,Short
97432,33,Short
97433,33,Short
97434,33,Short
97435,33,Short
97436,33,Short
97437,33,Short
97438,33,Short
97439,33,Short
97440,33,Short
97441,33,Short
97442,24,Short
97444,33,Short
97445,33,Short
97446,33,Short
97501,19,Short
97502,19,Short
97503,19,Short
97504,19,Short
97601,15,Short
97602,15,Short
97603,15,Short
97604,15,Short
97605,15,Short
97606,15,Short
97607,15,Short
97608,15,Short
97609,15,Short
97610,15,Short
97611,15,Short
97612,15,Short
97613,15,Short
97614,15,Short
97615,15,Short
97616,15,Short
97617,15,Short
97618,15,Short
97619,15,Short
97620,15,Short
97621,15,Short
97622,15,Short
97623,15,Short
97624,15,Short
97625,15,Short
97626,15,Short
97627,15,Short
97628,15,Short
97629,15,Short
97630,15,Short
97631,15,Short
97632,15,Short
97633,15,Short
97634,15,Short
97635,15,Short
97636,15,Short
97637,15,Short
97638,15,Short
97639,15,Short
97640,15,Short
97641,15,Short
97642,15,Short
97643,15,Short
97644,15,Short
97645,15,Short
97646,15,Short
97647,15,Short
97648,15,Short
97649,15,Short
97651,15,Short
97653,15,Short
97655,15,Short
98000,49,Short
98001,49,Short
98002,49,Short
98003,49,Short
98004,49,Short
98005,49,Short
98006,49,Short
98007,49,Short
98008,49,Short
98009,49,Short
98010,49,Short
98011,49,Short
98012,49,Short
98013,20,Short
98014,49,Short
98015,49,Short
98016,49,Short
98017,49,Short
98018,39,Short
98019,49,Short
98020,49,Short
98021,20,Short
98022,49,Short
98023,49,Short
98024,49,Short
98025,49,Short
98026,39,Short
98027,49,Short
98028,49,Short
98029,49,Short
98030,49,Short
98031,39,Short
98032,39,Short
98033,49,Short
98034,49,Short
98035,49,Short
98036,49,Short
98037,49,Short
98038,49,Short
98039,49,Short
98040,39,Short
98041,49,Short
98042,49,Short
98043,49,Short
98044,49,Short
98045,49,Short
98046,49,Short
98047,49,Short
98048,49,Short
98049,49,Short
98050,49,Short
98051,39,Short
98052,49,Short
98053,49,Short
98054,49,Short
98055,49,Short
98056,49,Short
98057,49,Short
98058,49,Short
98059,49,Short
98060,49,Short
98061,49,Short
98062,49,Short
98063,49,Short
98064,49,Short
98065,49,Short
98066,49,Short
98067,49,Short
98068,49,Short
98069,49,Short
98070,49,Short
98071,49,Short
98072,49,Short
98073,49,Short
98074,49,Short
98075,49,Short
98076,49,Short
98077,49,Short
98078,49,Short
98079,49,Short
98080,49,Short
98081,49,Short
98082,49,Short
98083,39,Short
98084,49,Short
98085,49,Short
98087,49,Short
98088,49,Short
98089,49,Short
98090,49,Short
98091,49,Short
98092,49,Short
98093,49,Short
98094,49,Short
98095,49,Short
98096,49,Short
98097,49,Short
98098,49,Short
98099,49,Short
98100,49,Short
98101,49,Short
98102,49,Short
98103,39,Short
98104,49,Short
98105,49,Short
98106,49,Short
98107,49,Short
98108,49,Short
98109,49,Short
98110,49,Short
98111,49,Short
98112,49,Short
98113,49,Short
98114,49,Short
98115,49,Short
98116,49,Short
98117,49,Short
98118,49,Short
98119,49,Short
98120,49,Short
98121,49,Short
98122,49,Short
98123,49,Short
98124,49,Short
98125,49,Short
98126,49,Short
98127,49,Short
98128,49,Short
98129,49,Short
98130,49,Short
98131,49,Short
98132,49,Short
98133,39,Short
98134,39,Short
98135,49,Short
98136,49,Short
98137,49,Short
98138,49,Short
98139,49,Short
98140,49,Short
98141,49,Short
98142,49,Short
98143,39,Short
98144,39,Short
98145,49,Short
98146,49,Short
98147,49,Short
98148,49,Short
98149,39,Short
98150,49,Short
98151,49,Short
98152,49,Short
98153,49,Short
98154,49,Short
98155,49,Short
98156,49,Short
98157,49,Short
98158,49,Short
98159,49,Short
98160,49,Short
98161,49,Short
98162,49,Short
98163,49,Short
98164,49,Short
98165,49,Short
98166,20,Short
98167,39,Short
98168,49,Short
98169,49,Short
98170,49,Short
98171,49,Short
98172,49,Short
98173,39,Short
98174,49,Short
98175,49,Short
98176,49,Short
98177,39,Short
98178,49,Short
98179,49,Short
98180,49,Short
98181,39,Short
98182,49,Short
98183,49,Short
98184,49,Short
98185,49,Short
98186,49,Short
98187,39,Short
98188,49,Short
98189,49,Short
98190,49,Short
98191,49,Short
98192,49,Short
98193,49,Short
98194,49,Short
98195,49,Short
98196,10,Short
98197,49,Short
98198,49,Short
98199,49,Short
98200,20,Short
98201,49,Short
98202,49,Short
98203,49,Short
98204,49,Short
98205,49,Short
98207,49,Short
98208,10,Short
98209,49,Short
98211,49,Short
98213,49,Short
98214,10,Short
98215,49,Short
98300,38,Short
98301,38,Short
98302,38,Short
98303,38,Short
98304,38,Short
98305,38,Short
98306,38,Short
98307,38,Short
98308,38,Short
98309,28,Short
98310,38,Short
98311,38,Short
98312,38,Short
98313,38,Short
98314,38,Short
98315,38,Short
98316,38,Short
98317,38,Short
98318,38,Short
98319,38,Short
98320,38,Short
98321,28,Short
98322,38,Short
98323,38,Short
98324,38,Short
98325,38,Short
98326,38,Short
98327,38,Short
98328,38,Short
98329,28,Short
98330,38,Short
98331,38,Short
98332,38,Short
98333,38,Short
98334,28,Short
98335,38,Short
98336,38,Short
98337,38,Short
98338,28,Short
98339,38,Short
98340,28,Short
98341,38,Short
98342,38,Short
98343,38,Short
98344,38,Short
98345,38,Short
98346,38,Short
98347,38,Short
98348,38,Short
98349,38,Short
98350,38,Short
98351,38,Short
98352,38,Short
98353,38,Short
98354,38,Short
98355,28,Short
98356,38,Short
98357,38,Short
98358,38,Short
98359,38,Short
98360,38,Short
98361,38,Short
98362,38,Short
98363,38,Short
98364,28,Short
98365,38,Short
98366,38,Short
98367,28,Short
98368,38,Short
98369,38,Short
98370,38,Short
98371,38,Short
98372,38,Short
98373,38,Short
98374,38,Short
98375,38,Short
98376,38,Short
98377,38,Short
98378,38,Short
98379,38,Short
98380,38,Short
98381,38,Short
98382,38,Short
98384,28,Short
98386,38,Short
98388,38,Short
98390,38,Short
98392,38,Short
98394,38,Short
98500,28,Short
98501,28,Short
98502,28,Short
98503,28,Short
98504,28,Short
98505,28,Short
98506,28,Short
98507,19,Short
98508,28,Short
98509,28,Short
98510,28,Short
98511,28,Short
98512,28,Short
98513,28,Short
98514,19,Short
98515,28,Short
98516,28,Short
98517,28,Short
98518,28,Short
98519,28,Short
98520,28,Short
98521,28,Short
98522,28,Short
98523,28,Short
98524,28,Short
98525,28,Short
98526,28,Short
98527,19,Short
98528,28,Short
98529,28,Short
98530,28,Short
98531,28,Short
98532,28,Short
98533,28,Short
98535,28,Short
98537,28,Short
98538,19,Short
98539,28,Short
98540,28,Short
98541,28,Short
98543,28,Short
98544,28,Short
98545,28,Short
98546,19,Short
98547,28,Short
98548,28,Short
98549,28,Short
98550,28,Short
98551,28,Short
98552,28,Short
98553,28,Short
98554,28,Short
98555,28,Short
98556,28,Short
98557,28,Short
98558,19,Short
98559,28,Short
98560,28,Short
98561,28,Short
98562,19,Short
98563,28,Short
98564,28,Short
98565,28,Short
98566,28,Short
98567,28,Short
98568,28,Short
98569,28,Short
98570,19,Short
98571,28,Short
98572,28,Short
98573,28,Short
98574,28,Short
98575,28,Short
98576,28,Short
98577,28,Short
98578,19,Short
98580,19,Short
98600,21,Short
98601,21,Short
98602,21,Short
98603,21,Short
98604,17,Short
98605,17,Short
98700,10,Short
98701,10,Short
98702,10,Short
98703,10,Short
98704,10,Short
98705,10,Short
98706,10,Short
98707,10,Short
98708,10,Short
98709,10,Short
98710,10,Short
98711,10,Short
98712,10,Short
98713,10,Short
98714,10,Short
98715,10,Short
98716,10,Short
98717,10,Short
98718,10,Short
98719,10,Short
98720,10,Short
98721,10,Short
98722,10,Short
98723,10,Short
98724,10,Short
98725,10,Short
98726,10,Short
98727,10,Short
98728,10,Short
98729,10,Short
98730,10,Short
98731,10,Short
98732,10,Short
98733,10,Short
98734,10,Short
98735,10,Short
98736,10,Short
98737,10,Short
98738,10,Short
98739,10,Short
98740,10,Short
98741,10,Short
98742,10,Short
98743,10,Short
98744,10,Short
98745,10,Short
98746,10,Short
98747,10,Short
98748,10,Short
98749,10,Short
98750,10,Short
98751,10,Short
98752,10,Short
98753,10,Short
98754,10,Short
98755,10,Short
98756,10,Short
98757,10,Short
98758,10,Short
98759,10,Short
98760,10,Short
98761,10,Short
98762,10,Short
98763,10,Short
98764,10,Short
98765,10,Short
98766,10,Short
98767,10,Short
98768,10,Short
98769,10,Short
98770,10,Short
98771,10,Short
98772,10,Short
98773,10,Short
98774,10,Short
98775,10,Short
98776,10,Short
98777,10,Short
98778,10,Short
98779,10,Short
98780,10,Short
98781,10,Short
98782,10,Short
98783,10,Short
98784,10,Short
98785,10,Short
98800,10,Short
98801,10,Short
98802,10,Short
98803,10,Short
98804,10,Short
98805,10,Short
98806,10,Short
98807,10,Short
98808,10,Short
98809,10,Short
98810,10,Short
98811,10,Short
98812,10,Short
98813,10,Short
98814,10,Short
98815,10,Short
98816,10,Short
98817,10,Short
98818,10,Short
98819,10,Short
98820,10,Short
98821,10,Short
98822,10,Short
98823,10,Short
98824,10,Short
98825,10,Short
98826,10,Short
98827,10,Short
98828,10,Short
98829,10,Short
98830,10,Short
98831,10,Short
98832,10,Short
98833,10,Short
98834,10,Short
98835,10,Short
98836,10,Short
98837,10,Short
98838,10,Short
98839,10,Short
98840,10,Short
98841,10,Short
98842,10,Short
98843,10,Short
98844,10,Short
98845,10,Short
98846,10,Short
98847,10,Short
98848,10,Short
98849,10,Short
98850,10,Short
98851,10,Short
98852,10,Short
98853,10,Short
98854,10,Short
98855,10,Short
98856,10,Short
98857,10,Short
98858,10,Short
98859,10,Short
98860,10,Short
98861,10,Short
98862,10,Short
98863,10,Short
98864,10,Short
98865,10,Short
98866,10,Short
98867,10,Short
98868,10,Short
98869,10,Short
98870,10,Short
98871,10,Short
98872,10,Short
98873,10,Short
98874,10,Short
98875,10,Short
98876,10,Short
98877,10,Short
98878,10,Short
98879,10,Short
98880,10,Short
98881,10,Short
98882,10,Short
98883,10,Short
98884,10,Short
98885,10,Short
98886,10,Short
98887,10,Short
98900,40,Short
98901,39,Short
98902,40,Short
98903,39,Short
98904,40,Short
98905,39,Short
98906,40,Short
98907,39,Short
98908,40,Short
98909,39,Short
98910,40,Short
98911,39,Short
98912,40,Short
98913,40,Short
98914,40,Short
98915,40,Short
98916,40,Short
98917,40,Short
99000,34,Short
99001,34,Short
99002,34,Short
99003,34,Short
99004,34,Short
99005,34,Short
99006,34,Short
99007,34,Short
99008,34,Short
99009,34,Short
99010,34,Short
99011,34,Short
99012,34,Short
99013,34,Short
99014,34,Short
99015,34,Short
99016,34,Short
99017,34,Short
99018,34,Short
99019,34,Short
99020,34,Short
99021,34,Short
99022,34,Short
99023,34,Short
99024,34,Short
99025,34,Short
99026,34,Short
99027,34,Short
99028,34,Short
99029,34,Short
99030,34,Short
99031,34,Short
99032,34,Short
99033,34,Short
99034,34,Short
99035,34,Short
99036,34,Short
99037,34,Short
99038,34,Short
99039,34,Short
99040,34,Short
99041,34,Short
99042,34,Short
99100,23,Short
99101,23,Short
99102,23,Short
99103,23,Short
99104,23,Short
99105,23,Short
99107,23,Short
99200,20,Short
99201,20,Short
99202,20,Short
99203,20,Short
99204,20,Short
99205,20,Short
99206,20,Short
99207,20,Short
99208,20,Short
99209,20,Short
99210,20,Short
99211,20,Short
99212,20,Short
99213,20,Short
99214,20,Short
99215,20,Short
99216,20,Short
99217,20,Short
99218,20,Short
99219,20,Short
99220,20,Short
99221,20,Short
99222,20,Short
99223,20,Short
99224,20,Short
99225,20,Short
99226,20,Short
99227,20,Short
99228,20,Short
99229,20,Short
99230,20,Short
99231,20,Short
99232,20,Short
99233,20,Short
99234,20,Short
99235,20,Short
99236,20,Short
99237,20,Short
99238,20,Short
99239,20,Short
99240,20,Short
99241,20,Short
99242,20,Short
99243,20,Short
99244,20,Short
99245,20,Short
99246,20,Short
99247,20,Short
99248,20,Short
99249,20,Short
99250,20,Short
99251,20,Short
99252,20,Short
99253,20,Short
99254,20,Short
99255,20,Short
99400,18,Short
99401,18,Short
99402,18,Short
99403,18,Short
99404,18,Short
99405,18,Short
99406,18,Short
99407,18,Short
99408,18,Short
99409,18,Short
99410,18,Short
99411,18,Short
99412,18,Short
99413,18,Short
99414,18,Short
99415,18,Short
99416,18,Short
99417,18,Short
99418,18,Short
99419,18,Short
99420,18,Short
99421,18,Short
99422,18,Short
99423,18,Short
99424,18,Short
99425,18,Short
99426,18,Short
99427,18,Short
99428,18,Short
99429,18,Short
99430,18,Short
99431,18,Short
99432,18,Short
99433,18,Short
99434,18,Short
99435,18,Short
99436,18,Short
99437,18,Short
99438,18,Short
99439,18,Short
99440,18,Short
99441,18,Short
99442,18,Short
99443,18,Short
99444,18,Short
99445,18,Short
99446,18,Short
99447,18,Short
99448,18,Short
99449,18,Short
99450,18,Short
99451,18,Short
99452,18,Short
99453,18,Short
99454,18,Short
99455,18,Short
99456,18,Short
99457,18,Short
99458,18,Short
99459,18,Short
99460,18,Short
99461,18,Short
99462,18,Short
99463,18,Short
99464,18,Short
99465,18,Short
99466,18,Short
99467,18,Short
99468,18,Short
99469,18,Short
99470,18,Short
99471,18,Short
99472,18,Short
99473,18,Short
99474,18,Short
99475,18,Short
99476,18,Short
99477,18,Short
99478,18,Short
99479,18,Short
99480,18,Short
99481,18,Short
99482,18,Short
99483,18,Short
99484,18,Short
99485,18,Short
99486,18,Short
99487,18,Short
99488,18,Short
99489,18,Short
99490,18,Short
99491,18,Short
99492,18,Short
99493,18,Short
99494,18,Short
99495,18,Short
99496,18,Short
99497,18,Short
99498,18,Short
99499,18,Short
99500,18,Short
99501,18,Short
99502,18,Short
99503,18,Short
99801,63,Short
99802,63,Short
99803,63,Short
99804,63,Short
99805,63,Short
99806,63,Short
99807,63,Short
99808,63,Short
99809,63,Short
99810,63,Short
99811,63,Short
99812,63,Short
99813,63,Short
99814,61,Short
99815,63,Short
99816,63,Short
99817,63,Short
99818,63,Short
99819,63,Short
99820,63,Short
99821,63,Short
99822,63,Short
99823,61,Short
99824,63,Short
99825,63,Short
99826,63,Short
99827,63,Short
99828,63,Short
99829,63,Short
99830,63,Short
99831,63,Short
99832,61,Short
99833,63,Short
99834,63,Short
99835,63,Short
99836,63,Short
99901,34,Short
99902,34,Short
99903,34,Short
99904,34,Short
99905,31,Short
99906,34,Short
99907,34,Short
99908,34,Short
